{
    "1-1": {
        "mde": 0.007772020725388601,
        "count": 386
    },
    "1-10": {
        "mde": 0.0339713366994994,
        "count": 386
    },
    "1-11": {
        "mde": 0.05658516720844484,
        "count": 386
    },
    "1-2": {
        "mde": 0.007505327136911178,
        "count": 386
    },
    "1-3": {
        "mde": 0.009326424870466322,
        "count": 386
    },
    "1-4": {
        "mde": 0.034953626394567575,
        "count": 386
    },
    "1-5": {
        "mde": 0.024203868604029583,
        "count": 386
    },
    "1-6": {
        "mde": 0.004663212435233161,
        "count": 386
    },
    "1-7": {
        "mde": 0.05428884565130444,
        "count": 386
    },
    "1-8": {
        "mde": 0.009326424870466319,
        "count": 386
    },
    "1-9": {
        "mde": 0.09767926683853684,
        "count": 386
    },
    "10-1": {
        "mde": 0.022518393233945812,
        "count": 386
    },
    "10-11": {
        "mde": 0.0031088082901554385,
        "count": 386
    },
    "11-1": {
        "mde": 0.09792746113989637,
        "count": 386
    },
    "11-10": {
        "mde": 0.0034757533329012277,
        "count": 386
    },
    "11-11": {
        "mde": 0.01088082901554404,
        "count": 386
    },
    "11-2": {
        "mde": 0.3131699391450182,
        "count": 386
    },
    "11-3": {
        "mde": 0.023316062176165803,
        "count": 386
    },
    "11-4": {
        "mde": 0.03936459376218149,
        "count": 386
    },
    "11-5": {
        "mde": 0.03419689119170984,
        "count": 386
    },
    "11-6": {
        "mde": 0.020207253886010364,
        "count": 386
    },
    "11-7": {
        "mde": 0.010880829015544042,
        "count": 386
    },
    "11-8": {
        "mde": 0.02797927461139896,
        "count": 386
    },
    "11-9": {
        "mde": 0.02249554811657966,
        "count": 386
    },
    "2-1": {
        "mde": 0.1393456704389067,
        "count": 386
    },
    "2-11": {
        "mde": 0.010805491321809094,
        "count": 386
    },
    "3-1": {
        "mde": 0.004396518846755736,
        "count": 386
    },
    "3-11": {
        "mde": 0.04734984680445098,
        "count": 386
    },
    "4-1": {
        "mde": 0.1109569501326474,
        "count": 386
    },
    "4-11": {
        "mde": 0.032642487046632127,
        "count": 386
    },
    "5-1": {
        "mde": 0.003752663568455588,
        "count": 386
    },
    "5-11": {
        "mde": 0.038201799827784676,
        "count": 386
    },
    "6-1": {
        "mde": 0.0994818652849741,
        "count": 386
    },
    "6-10": {
        "mde": 0.04021510655182093,
        "count": 386
    },
    "6-11": {
        "mde": 0.038860103626943004,
        "count": 386
    },
    "6-2": {
        "mde": 0.0015544041450777201,
        "count": 386
    },
    "6-3": {
        "mde": 0.009326424870466322,
        "count": 386
    },
    "6-4": {
        "mde": 0.03191548706033272,
        "count": 386
    },
    "6-5": {
        "mde": 0.07988016148240673,
        "count": 386
    },
    "6-6": {
        "mde": 0.007925937067760805,
        "count": 386
    },
    "6-7": {
        "mde": 0.027684325921098426,
        "count": 386
    },
    "6-8": {
        "mde": 0.01865284974093264,
        "count": 386
    },
    "6-9": {
        "mde": 0.01629665956589734,
        "count": 386
    },
    "7-1": {
        "mde": 0.009326424870466319,
        "count": 386
    },
    "7-11": {
        "mde": 0.07007335174329919,
        "count": 386
    },
    "8-1": {
        "mde": 0.023316062176165803,
        "count": 386
    },
    "8-11": {
        "mde": 0.021761658031088083,
        "count": 386
    },
    "9-1": {
        "mde": 0.06037853492932416,
        "count": 386
    },
    "9-11": {
        "mde": 0.05785421418232053,
        "count": 386
    }
}