{
    "1-1": {
        "mde": 0.01643835616438356,
        "count": 365
    },
    "1-10": {
        "mde": 0.06097559346456469,
        "count": 365
    },
    "1-11": {
        "mde": 0.17241791824428776,
        "count": 365
    },
    "1-2": {
        "mde": 0.0639036900462783,
        "count": 365
    },
    "1-3": {
        "mde": 0.06587385553067032,
        "count": 365
    },
    "1-4": {
        "mde": 0.0434122875256661,
        "count": 365
    },
    "1-5": {
        "mde": 0.11855276724850676,
        "count": 365
    },
    "1-6": {
        "mde": 0.04290249783056349,
        "count": 365
    },
    "1-7": {
        "mde": 0.07788226670907045,
        "count": 365
    },
    "1-8": {
        "mde": 0.0438277870515462,
        "count": 365
    },
    "1-9": {
        "mde": 0.04778446636848866,
        "count": 365
    },
    "10-1": {
        "mde": 0.34389585727502076,
        "count": 365
    },
    "10-11": {
        "mde": 0.1028472359960568,
        "count": 365
    },
    "11-1": {
        "mde": 0.01643835616438356,
        "count": 365
    },
    "11-10": {
        "mde": 0.018597876984632472,
        "count": 365
    },
    "11-11": {
        "mde": 0.013150684931506847,
        "count": 365
    },
    "11-2": {
        "mde": 0.07899233526448189,
        "count": 365
    },
    "11-3": {
        "mde": 0.09863013698630137,
        "count": 365
    },
    "11-4": {
        "mde": 0.049315068493150684,
        "count": 365
    },
    "11-5": {
        "mde": 0.019726027397260273,
        "count": 365
    },
    "11-6": {
        "mde": 0.0627213606927181,
        "count": 365
    },
    "11-7": {
        "mde": 0.026934517491180008,
        "count": 365
    },
    "11-8": {
        "mde": 0.021636620811235695,
        "count": 365
    },
    "11-9": {
        "mde": 0.11530418271112991,
        "count": 365
    },
    "2-1": {
        "mde": 0.019246362628766087,
        "count": 365
    },
    "2-11": {
        "mde": 0.020259542992334394,
        "count": 365
    },
    "3-1": {
        "mde": 0.023013698630136987,
        "count": 365
    },
    "3-11": {
        "mde": 0.04702282401446136,
        "count": 365
    },
    "4-1": {
        "mde": 0.027344241559180204,
        "count": 365
    },
    "4-11": {
        "mde": 0.020114084346574995,
        "count": 365
    },
    "5-1": {
        "mde": 0.015061278345482263,
        "count": 365
    },
    "5-11": {
        "mde": 0.13164374061895762,
        "count": 365
    },
    "6-1": {
        "mde": 0.10356164383561643,
        "count": 365
    },
    "6-10": {
        "mde": 0.032993536129093934,
        "count": 365
    },
    "6-11": {
        "mde": 0.04939244152902756,
        "count": 365
    },
    "6-2": {
        "mde": 0.10081190929898365,
        "count": 365
    },
    "6-3": {
        "mde": 0.06648849949878537,
        "count": 365
    },
    "6-4": {
        "mde": 0.009863013698630138,
        "count": 365
    },
    "6-5": {
        "mde": 0.04454633344700184,
        "count": 365
    },
    "6-6": {
        "mde": 0.05489766255513064,
        "count": 365
    },
    "6-7": {
        "mde": 0.01643835616438356,
        "count": 365
    },
    "6-8": {
        "mde": 0.11606720912112684,
        "count": 365
    },
    "6-9": {
        "mde": 0.06892967938757477,
        "count": 365
    },
    "7-1": {
        "mde": 0.053044493644367245,
        "count": 365
    },
    "7-11": {
        "mde": 0.006575342465753426,
        "count": 365
    },
    "8-1": {
        "mde": 0.02707748376164314,
        "count": 365
    },
    "8-11": {
        "mde": 0.020814088421409204,
        "count": 365
    },
    "9-1": {
        "mde": 0.15411960994263066,
        "count": 365
    },
    "9-11": {
        "mde": 0.04833106938043352,
        "count": 365
    }
}