{
    "1-1": {
        "mde": 0.1208955223880597,
        "count": 402
    },
    "1-10": {
        "mde": 0.04886229590310927,
        "count": 402
    },
    "1-11": {
        "mde": 0.17366276148679444,
        "count": 402
    },
    "1-2": {
        "mde": 0.052382161811942815,
        "count": 402
    },
    "1-3": {
        "mde": 0.02063944346977043,
        "count": 402
    },
    "1-4": {
        "mde": 0.12716125227938146,
        "count": 402
    },
    "1-5": {
        "mde": 0.10088674191277121,
        "count": 402
    },
    "1-6": {
        "mde": 0.004477611940298508,
        "count": 402
    },
    "1-7": {
        "mde": 0.0716191716491661,
        "count": 402
    },
    "1-8": {
        "mde": 0.05317411828003393,
        "count": 402
    },
    "1-9": {
        "mde": 0.04712898200279118,
        "count": 402
    },
    "10-1": {
        "mde": 0.23510329804792773,
        "count": 402
    },
    "10-11": {
        "mde": 0.03643912471995984,
        "count": 402
    },
    "11-1": {
        "mde": 0.022388059701492533,
        "count": 402
    },
    "11-10": {
        "mde": 0.025991363525930004,
        "count": 402
    },
    "11-11": {
        "mde": 0.10149253731343283,
        "count": 402
    },
    "11-2": {
        "mde": 0.20082256346066316,
        "count": 402
    },
    "11-3": {
        "mde": 0.009439634806472775,
        "count": 402
    },
    "11-4": {
        "mde": 0.05134794662303411,
        "count": 402
    },
    "11-5": {
        "mde": 0.14958691548297987,
        "count": 402
    },
    "11-6": {
        "mde": 0.0,
        "count": 402
    },
    "11-7": {
        "mde": 0.08208955223880599,
        "count": 402
    },
    "11-8": {
        "mde": 0.04925373134328359,
        "count": 402
    },
    "11-9": {
        "mde": 0.06585762954850463,
        "count": 402
    },
    "2-1": {
        "mde": 0.057925129394888544,
        "count": 402
    },
    "2-11": {
        "mde": 0.06007346805223315,
        "count": 402
    },
    "3-1": {
        "mde": 0.059953679886639806,
        "count": 402
    },
    "3-11": {
        "mde": 0.027846051118645347,
        "count": 402
    },
    "4-1": {
        "mde": 0.16817941805437564,
        "count": 402
    },
    "4-11": {
        "mde": 0.02933205349626646,
        "count": 402
    },
    "5-1": {
        "mde": 0.06103983672546291,
        "count": 402
    },
    "5-11": {
        "mde": 0.07387555730772619,
        "count": 402
    },
    "6-1": {
        "mde": 0.046268656716417916,
        "count": 402
    },
    "6-10": {
        "mde": 0.039970089365835876,
        "count": 402
    },
    "6-11": {
        "mde": 0.014925373134328351,
        "count": 402
    },
    "6-2": {
        "mde": 0.029352700585795102,
        "count": 402
    },
    "6-3": {
        "mde": 0.13619900962158882,
        "count": 402
    },
    "6-4": {
        "mde": 0.034328358208955224,
        "count": 402
    },
    "6-5": {
        "mde": 0.11277405769975575,
        "count": 402
    },
    "6-6": {
        "mde": 0.023137527986605424,
        "count": 402
    },
    "6-7": {
        "mde": 0.1413880022859955,
        "count": 402
    },
    "6-8": {
        "mde": 0.1023902564547428,
        "count": 402
    },
    "6-9": {
        "mde": 0.08613892254491926,
        "count": 402
    },
    "7-1": {
        "mde": 0.0660337920703273,
        "count": 402
    },
    "7-11": {
        "mde": 0.02449882621249716,
        "count": 402
    },
    "8-1": {
        "mde": 0.03169562384701461,
        "count": 402
    },
    "8-11": {
        "mde": 0.013180525216187015,
        "count": 402
    },
    "9-1": {
        "mde": 0.05580455286952648,
        "count": 402
    },
    "9-11": {
        "mde": 0.06125616501543674,
        "count": 402
    }
}