{
    "1-1": {
        "mde": 0.049982049458632924,
        "count": 398
    },
    "1-10": {
        "mde": 0.016508810984349725,
        "count": 398
    },
    "1-11": {
        "mde": 0.11315203134891602,
        "count": 398
    },
    "1-2": {
        "mde": 0.04724628783624967,
        "count": 398
    },
    "1-3": {
        "mde": 0.08067913658445017,
        "count": 398
    },
    "1-4": {
        "mde": 0.06411654272520015,
        "count": 398
    },
    "1-5": {
        "mde": 0.015683101865476657,
        "count": 398
    },
    "1-6": {
        "mde": 0.03165829145728643,
        "count": 398
    },
    "1-7": {
        "mde": 0.03564000236796777,
        "count": 398
    },
    "1-8": {
        "mde": 0.07607110393193278,
        "count": 398
    },
    "1-9": {
        "mde": 0.027069829561397286,
        "count": 398
    },
    "10-1": {
        "mde": 0.0658044445324717,
        "count": 398
    },
    "10-11": {
        "mde": 0.03050742644089736,
        "count": 398
    },
    "11-1": {
        "mde": 0.17185929648241208,
        "count": 398
    },
    "11-10": {
        "mde": 0.0422110552763819,
        "count": 398
    },
    "11-11": {
        "mde": 0.0015075376884422101,
        "count": 398
    },
    "11-2": {
        "mde": 0.07988548460037372,
        "count": 398
    },
    "11-3": {
        "mde": 0.03343769832286274,
        "count": 398
    },
    "11-4": {
        "mde": 0.03263685021207063,
        "count": 398
    },
    "11-5": {
        "mde": 0.030275521402459628,
        "count": 398
    },
    "11-6": {
        "mde": 0.06331658291457289,
        "count": 398
    },
    "11-7": {
        "mde": 0.02110552763819095,
        "count": 398
    },
    "11-8": {
        "mde": 0.010552763819095479,
        "count": 398
    },
    "11-9": {
        "mde": 0.006030150753768844,
        "count": 398
    },
    "2-1": {
        "mde": 0.06934673366834171,
        "count": 398
    },
    "2-11": {
        "mde": 0.06643550307662904,
        "count": 398
    },
    "3-1": {
        "mde": 0.007537688442211057,
        "count": 398
    },
    "3-11": {
        "mde": 0.03078724387214466,
        "count": 398
    },
    "4-1": {
        "mde": 0.06280141670254637,
        "count": 398
    },
    "4-11": {
        "mde": 0.014635483315325678,
        "count": 398
    },
    "5-1": {
        "mde": 0.026473301454024947,
        "count": 398
    },
    "5-11": {
        "mde": 0.03271192268956875,
        "count": 398
    },
    "6-1": {
        "mde": 0.02110552763819096,
        "count": 398
    },
    "6-10": {
        "mde": 0.026984163221022615,
        "count": 398
    },
    "6-11": {
        "mde": 0.040162615433294406,
        "count": 398
    },
    "6-2": {
        "mde": 0.007537688442211055,
        "count": 398
    },
    "6-3": {
        "mde": 0.004263960489567121,
        "count": 398
    },
    "6-4": {
        "mde": 0.02261306532663317,
        "count": 398
    },
    "6-5": {
        "mde": 0.07778070982829104,
        "count": 398
    },
    "6-6": {
        "mde": 0.01690871864620071,
        "count": 398
    },
    "6-7": {
        "mde": 0.031574279261305266,
        "count": 398
    },
    "6-8": {
        "mde": 0.059543468466172055,
        "count": 398
    },
    "6-9": {
        "mde": 0.06907027736030774,
        "count": 398
    },
    "7-1": {
        "mde": 0.019339337373989227,
        "count": 398
    },
    "7-11": {
        "mde": 0.0,
        "count": 398
    },
    "8-1": {
        "mde": 0.18066996513122402,
        "count": 398
    },
    "8-11": {
        "mde": 0.0030150753768844224,
        "count": 398
    },
    "9-1": {
        "mde": 0.03467336683417085,
        "count": 398
    },
    "9-11": {
        "mde": 0.020588222486671928,
        "count": 398
    }
}