{
    "1-1": {
        "mde": 0.005769230769230769,
        "count": 416
    },
    "1-10": {
        "mde": 0.03749999999999999,
        "count": 416
    },
    "1-11": {
        "mde": 0.049243464841919646,
        "count": 416
    },
    "1-2": {
        "mde": 0.03292035405784058,
        "count": 416
    },
    "1-3": {
        "mde": 0.0257177190791038,
        "count": 416
    },
    "1-4": {
        "mde": 0.04172972203043854,
        "count": 416
    },
    "1-5": {
        "mde": 0.013661734550480163,
        "count": 416
    },
    "1-6": {
        "mde": 0.0,
        "count": 416
    },
    "1-7": {
        "mde": 0.16493405501887418,
        "count": 416
    },
    "1-8": {
        "mde": 0.03896101485777158,
        "count": 416
    },
    "1-9": {
        "mde": 0.012021760804460444,
        "count": 416
    },
    "10-1": {
        "mde": 0.03496534714488359,
        "count": 416
    },
    "10-11": {
        "mde": 0.02740384615384617,
        "count": 416
    },
    "11-1": {
        "mde": 0.017307692307692305,
        "count": 416
    },
    "11-10": {
        "mde": 0.10852303945257583,
        "count": 416
    },
    "11-11": {
        "mde": 0.010096153846153845,
        "count": 416
    },
    "11-2": {
        "mde": 0.11471683603702612,
        "count": 416
    },
    "11-3": {
        "mde": 0.2682692307692308,
        "count": 416
    },
    "11-4": {
        "mde": 0.007211538461538462,
        "count": 416
    },
    "11-5": {
        "mde": 0.02019230769230769,
        "count": 416
    },
    "11-6": {
        "mde": 0.014423076923076926,
        "count": 416
    },
    "11-7": {
        "mde": 0.0360576923076923,
        "count": 416
    },
    "11-8": {
        "mde": 0.03049346484191964,
        "count": 416
    },
    "11-9": {
        "mde": 0.06634615384615383,
        "count": 416
    },
    "2-1": {
        "mde": 0.14722303611920412,
        "count": 416
    },
    "2-11": {
        "mde": 0.06398174967547775,
        "count": 416
    },
    "3-1": {
        "mde": 0.03481145714593075,
        "count": 416
    },
    "3-11": {
        "mde": 0.029620140947950332,
        "count": 416
    },
    "4-1": {
        "mde": 0.05758532312837382,
        "count": 416
    },
    "4-11": {
        "mde": 0.021299753272546684,
        "count": 416
    },
    "5-1": {
        "mde": 0.04395019608894171,
        "count": 416
    },
    "5-11": {
        "mde": 0.019350588266825102,
        "count": 416
    },
    "6-1": {
        "mde": 0.024519230769230772,
        "count": 416
    },
    "6-10": {
        "mde": 0.009228383131252165,
        "count": 416
    },
    "6-11": {
        "mde": 0.01442307692307692,
        "count": 416
    },
    "6-2": {
        "mde": 0.03735504077395913,
        "count": 416
    },
    "6-3": {
        "mde": 0.09853185310850004,
        "count": 416
    },
    "6-4": {
        "mde": 0.04429233782676179,
        "count": 416
    },
    "6-5": {
        "mde": 0.05758025180397353,
        "count": 416
    },
    "6-6": {
        "mde": 0.12537272464686852,
        "count": 416
    },
    "6-7": {
        "mde": 0.17472423407268886,
        "count": 416
    },
    "6-8": {
        "mde": 0.04548995080946775,
        "count": 416
    },
    "6-9": {
        "mde": 0.07723784491698267,
        "count": 416
    },
    "7-1": {
        "mde": 0.08732192850990153,
        "count": 416
    },
    "7-11": {
        "mde": 0.012980769230769233,
        "count": 416
    },
    "8-1": {
        "mde": 0.05835346642145311,
        "count": 416
    },
    "8-11": {
        "mde": 0.020837265185232358,
        "count": 416
    },
    "9-1": {
        "mde": 0.17838814571271921,
        "count": 416
    },
    "9-11": {
        "mde": 0.014891185558178017,
        "count": 416
    }
}