{
    "1-1": {
        "mde": 0.0,
        "count": 416
    },
    "1-10": {
        "mde": 0.04693199061146595,
        "count": 416
    },
    "1-11": {
        "mde": 0.01933142918860507,
        "count": 416
    },
    "1-2": {
        "mde": 0.03116326144988837,
        "count": 416
    },
    "1-3": {
        "mde": 0.024519230769230772,
        "count": 416
    },
    "1-4": {
        "mde": 0.017541746625242858,
        "count": 416
    },
    "1-5": {
        "mde": 0.010096153846153847,
        "count": 416
    },
    "1-6": {
        "mde": 0.04341204737537421,
        "count": 416
    },
    "1-7": {
        "mde": 0.04239818950149683,
        "count": 416
    },
    "1-8": {
        "mde": 0.03173076923076923,
        "count": 416
    },
    "1-9": {
        "mde": 0.04052743199075881,
        "count": 416
    },
    "10-1": {
        "mde": 0.019202464181228018,
        "count": 416
    },
    "10-11": {
        "mde": 0.025714077583768542,
        "count": 416
    },
    "11-1": {
        "mde": 0.09395500330345809,
        "count": 416
    },
    "11-10": {
        "mde": 0.006366654176499653,
        "count": 416
    },
    "11-11": {
        "mde": 0.036057692307692304,
        "count": 416
    },
    "11-2": {
        "mde": 0.12340676742973247,
        "count": 416
    },
    "11-3": {
        "mde": 0.13846153846153847,
        "count": 416
    },
    "11-4": {
        "mde": 0.005769230769230768,
        "count": 416
    },
    "11-5": {
        "mde": 0.033173076923076916,
        "count": 416
    },
    "11-6": {
        "mde": 0.08653846153846154,
        "count": 416
    },
    "11-7": {
        "mde": 0.030969426858172465,
        "count": 416
    },
    "11-8": {
        "mde": 0.031730769230769236,
        "count": 416
    },
    "11-9": {
        "mde": 0.03749999999999999,
        "count": 416
    },
    "2-1": {
        "mde": 0.004079462199153159,
        "count": 416
    },
    "2-11": {
        "mde": 0.15029805450359393,
        "count": 416
    },
    "3-1": {
        "mde": 0.026242841701448808,
        "count": 416
    },
    "3-11": {
        "mde": 0.03840492836245604,
        "count": 416
    },
    "4-1": {
        "mde": 0.01563695084562083,
        "count": 416
    },
    "4-11": {
        "mde": 0.03904480934403675,
        "count": 416
    },
    "5-1": {
        "mde": 0.05545039262638528,
        "count": 416
    },
    "5-11": {
        "mde": 0.08255202112139391,
        "count": 416
    },
    "6-1": {
        "mde": 0.03581387292525765,
        "count": 416
    },
    "6-10": {
        "mde": 0.052238699160906725,
        "count": 416
    },
    "6-11": {
        "mde": 0.05336538461538462,
        "count": 416
    },
    "6-2": {
        "mde": 0.033832939883603426,
        "count": 416
    },
    "6-3": {
        "mde": 0.2110093925142914,
        "count": 416
    },
    "6-4": {
        "mde": 0.04414262203191922,
        "count": 416
    },
    "6-5": {
        "mde": 0.13688398618763117,
        "count": 416
    },
    "6-6": {
        "mde": 0.24663553029930618,
        "count": 416
    },
    "6-7": {
        "mde": 0.08555934324923542,
        "count": 416
    },
    "6-8": {
        "mde": 0.031298340545496926,
        "count": 416
    },
    "6-9": {
        "mde": 0.09810171484860422,
        "count": 416
    },
    "7-1": {
        "mde": 0.09160296635869014,
        "count": 416
    },
    "7-11": {
        "mde": 0.04951593767479742,
        "count": 416
    },
    "8-1": {
        "mde": 0.024017994003603646,
        "count": 416
    },
    "8-11": {
        "mde": 0.08000788839663403,
        "count": 416
    },
    "9-1": {
        "mde": 0.002884615384615385,
        "count": 416
    },
    "9-11": {
        "mde": 0.197714479795664,
        "count": 416
    }
}