{
    "1-1": {
        "mde": 0.5608040201005025,
        "count": 398
    },
    "1-10": {
        "mde": 0.07071597278722129,
        "count": 398
    },
    "1-11": {
        "mde": 0.045969129172667184,
        "count": 398
    },
    "1-2": {
        "mde": 0.44951810033291295,
        "count": 398
    },
    "1-3": {
        "mde": 0.08672773637867388,
        "count": 398
    },
    "1-4": {
        "mde": 1.05678391959799,
        "count": 398
    },
    "1-5": {
        "mde": 0.02864321608040201,
        "count": 398
    },
    "1-6": {
        "mde": 0.07989949748743719,
        "count": 398
    },
    "1-7": {
        "mde": 3.209964885875912,
        "count": 398
    },
    "1-8": {
        "mde": 0.19895527531810595,
        "count": 398
    },
    "1-9": {
        "mde": 0.03855854537194805,
        "count": 398
    },
    "10-1": {
        "mde": 0.0612538056930181,
        "count": 398
    },
    "10-11": {
        "mde": 0.04114162653641963,
        "count": 398
    },
    "11-1": {
        "mde": 0.1085427135678392,
        "count": 398
    },
    "11-10": {
        "mde": 0.011805455117857236,
        "count": 398
    },
    "11-11": {
        "mde": 0.03165829145728643,
        "count": 398
    },
    "11-2": {
        "mde": 0.21703503737665603,
        "count": 398
    },
    "11-3": {
        "mde": 0.5167789315708587,
        "count": 398
    },
    "11-4": {
        "mde": 0.09559191115804598,
        "count": 398
    },
    "11-5": {
        "mde": 0.028643216080402007,
        "count": 398
    },
    "11-6": {
        "mde": 0.5911690486789916,
        "count": 398
    },
    "11-7": {
        "mde": 0.01959798994974874,
        "count": 398
    },
    "11-8": {
        "mde": 0.007537688442211057,
        "count": 398
    },
    "11-9": {
        "mde": 0.016582914572864323,
        "count": 398
    },
    "2-1": {
        "mde": 0.25427267059025127,
        "count": 398
    },
    "2-11": {
        "mde": 0.08865806064246146,
        "count": 398
    },
    "3-1": {
        "mde": 0.53067259338496,
        "count": 398
    },
    "3-11": {
        "mde": 0.15233845282325434,
        "count": 398
    },
    "4-1": {
        "mde": 0.009766897484350364,
        "count": 398
    },
    "4-11": {
        "mde": 0.1906699264168279,
        "count": 398
    },
    "5-1": {
        "mde": 0.47289373681882174,
        "count": 398
    },
    "5-11": {
        "mde": 0.029895409186992714,
        "count": 398
    },
    "6-1": {
        "mde": 0.14472361809045226,
        "count": 398
    },
    "6-10": {
        "mde": 0.04017654492629817,
        "count": 398
    },
    "6-11": {
        "mde": 0.0271356783919598,
        "count": 398
    },
    "6-2": {
        "mde": 0.035922251946853556,
        "count": 398
    },
    "6-3": {
        "mde": 0.0135678391959799,
        "count": 398
    },
    "6-4": {
        "mde": 0.18730033885328634,
        "count": 398
    },
    "6-5": {
        "mde": 0.7621230434441347,
        "count": 398
    },
    "6-6": {
        "mde": 0.10472949075623303,
        "count": 398
    },
    "6-7": {
        "mde": 0.6322553940518157,
        "count": 398
    },
    "6-8": {
        "mde": 0.688637767030753,
        "count": 398
    },
    "6-9": {
        "mde": 0.3007749881391184,
        "count": 398
    },
    "7-1": {
        "mde": 0.041952402700622386,
        "count": 398
    },
    "7-11": {
        "mde": 0.03143371008086761,
        "count": 398
    },
    "8-1": {
        "mde": 0.8218307479740882,
        "count": 398
    },
    "8-11": {
        "mde": 0.06534062946884522,
        "count": 398
    },
    "9-1": {
        "mde": 0.14197158907329496,
        "count": 398
    },
    "9-11": {
        "mde": 0.022529053130651996,
        "count": 398
    }
}