{
    "1-1": {
        "mde": 0.01343283582089552,
        "count": 402
    },
    "1-10": {
        "mde": 0.13385571900160798,
        "count": 402
    },
    "1-11": {
        "mde": 0.06768195179612495,
        "count": 402
    },
    "1-2": {
        "mde": 0.028436533405514348,
        "count": 402
    },
    "1-3": {
        "mde": 0.005381419814125357,
        "count": 402
    },
    "1-4": {
        "mde": 0.0747770878260118,
        "count": 402
    },
    "1-5": {
        "mde": 0.008167367097014298,
        "count": 402
    },
    "1-6": {
        "mde": 0.002985074626865672,
        "count": 402
    },
    "1-7": {
        "mde": 0.005970149253731344,
        "count": 402
    },
    "1-8": {
        "mde": 0.014351900158005835,
        "count": 402
    },
    "1-9": {
        "mde": 0.018058238079989228,
        "count": 402
    },
    "10-1": {
        "mde": 0.06735016686193748,
        "count": 402
    },
    "10-11": {
        "mde": 0.023358629163989387,
        "count": 402
    },
    "11-1": {
        "mde": 0.016417910447761194,
        "count": 402
    },
    "11-10": {
        "mde": 0.04539434860055687,
        "count": 402
    },
    "11-11": {
        "mde": 0.023880597014925366,
        "count": 402
    },
    "11-2": {
        "mde": 0.016417910447761197,
        "count": 402
    },
    "11-3": {
        "mde": 0.012036559854098478,
        "count": 402
    },
    "11-4": {
        "mde": 0.011940298507462687,
        "count": 402
    },
    "11-5": {
        "mde": 0.01343283582089552,
        "count": 402
    },
    "11-6": {
        "mde": 0.002985074626865672,
        "count": 402
    },
    "11-7": {
        "mde": 0.04346732182928009,
        "count": 402
    },
    "11-8": {
        "mde": 0.03755563829875878,
        "count": 402
    },
    "11-9": {
        "mde": 0.06578098823058377,
        "count": 402
    },
    "2-1": {
        "mde": 0.01168421958917342,
        "count": 402
    },
    "2-11": {
        "mde": 0.04014729416975201,
        "count": 402
    },
    "3-1": {
        "mde": 0.03165836201631042,
        "count": 402
    },
    "3-11": {
        "mde": 0.013432835820895524,
        "count": 402
    },
    "4-1": {
        "mde": 0.03348354985105997,
        "count": 402
    },
    "4-11": {
        "mde": 0.014669294216039092,
        "count": 402
    },
    "5-1": {
        "mde": 0.02850599927401908,
        "count": 402
    },
    "5-11": {
        "mde": 0.04487390821742128,
        "count": 402
    },
    "6-1": {
        "mde": 0.03596868584118326,
        "count": 402
    },
    "6-10": {
        "mde": 0.037638026190043174,
        "count": 402
    },
    "6-11": {
        "mde": 0.013432835820895519,
        "count": 402
    },
    "6-2": {
        "mde": 0.03094785550685064,
        "count": 402
    },
    "6-3": {
        "mde": 0.049859711473924304,
        "count": 402
    },
    "6-4": {
        "mde": 0.046268656716417896,
        "count": 402
    },
    "6-5": {
        "mde": 0.06407458419169863,
        "count": 402
    },
    "6-6": {
        "mde": 0.02204526808099852,
        "count": 402
    },
    "6-7": {
        "mde": 0.041816941829542806,
        "count": 402
    },
    "6-8": {
        "mde": 0.056954917488407954,
        "count": 402
    },
    "6-9": {
        "mde": 0.036579344912994534,
        "count": 402
    },
    "7-1": {
        "mde": 0.034328358208955224,
        "count": 402
    },
    "7-11": {
        "mde": 0.020383364551481167,
        "count": 402
    },
    "8-1": {
        "mde": 0.03134328358208956,
        "count": 402
    },
    "8-11": {
        "mde": 0.010447761194029851,
        "count": 402
    },
    "9-1": {
        "mde": 0.029850746268656712,
        "count": 402
    },
    "9-11": {
        "mde": 0.010447761194029856,
        "count": 402
    }
}