{
    "1-1": {
        "mde": 0.013150684931506848,
        "count": 365
    },
    "1-10": {
        "mde": 0.09033025596021256,
        "count": 365
    },
    "1-11": {
        "mde": 0.03350985995693343,
        "count": 365
    },
    "1-2": {
        "mde": 0.1095570314229246,
        "count": 365
    },
    "1-3": {
        "mde": 0.05894576364331866,
        "count": 365
    },
    "1-4": {
        "mde": 0.031794509918978746,
        "count": 365
    },
    "1-5": {
        "mde": 0.030222188724056718,
        "count": 365
    },
    "1-6": {
        "mde": 0.01655517996471037,
        "count": 365
    },
    "1-7": {
        "mde": 0.011506849315068497,
        "count": 365
    },
    "1-8": {
        "mde": 0.0558904109589041,
        "count": 365
    },
    "1-9": {
        "mde": 0.0,
        "count": 365
    },
    "10-1": {
        "mde": 0.07890410958904111,
        "count": 365
    },
    "10-11": {
        "mde": 0.006575342465753421,
        "count": 365
    },
    "11-1": {
        "mde": 0.01643835616438356,
        "count": 365
    },
    "11-10": {
        "mde": 0.0016438356164383576,
        "count": 365
    },
    "11-11": {
        "mde": 0.013150684931506847,
        "count": 365
    },
    "11-2": {
        "mde": 0.008873992829043565,
        "count": 365
    },
    "11-3": {
        "mde": 0.04081385280780196,
        "count": 365
    },
    "11-4": {
        "mde": 0.0,
        "count": 365
    },
    "11-5": {
        "mde": 0.009863013698630138,
        "count": 365
    },
    "11-6": {
        "mde": 0.03123287671232876,
        "count": 365
    },
    "11-7": {
        "mde": 0.01707150379254987,
        "count": 365
    },
    "11-8": {
        "mde": 0.006575342465753426,
        "count": 365
    },
    "11-9": {
        "mde": 0.020220103692732774,
        "count": 365
    },
    "2-1": {
        "mde": 0.052123074957533204,
        "count": 365
    },
    "2-11": {
        "mde": 0.024657534246575342,
        "count": 365
    },
    "3-1": {
        "mde": 0.02370773441400979,
        "count": 365
    },
    "3-11": {
        "mde": 0.06168469768584878,
        "count": 365
    },
    "4-1": {
        "mde": 0.014512482944788256,
        "count": 365
    },
    "4-11": {
        "mde": 0.026915145552487165,
        "count": 365
    },
    "5-1": {
        "mde": 0.008485935879728842,
        "count": 365
    },
    "5-11": {
        "mde": 0.014219640887462278,
        "count": 365
    },
    "6-1": {
        "mde": 0.011506849315068493,
        "count": 365
    },
    "6-10": {
        "mde": 0.005612405855955771,
        "count": 365
    },
    "6-11": {
        "mde": 0.025745595270724276,
        "count": 365
    },
    "6-2": {
        "mde": 0.0724564121420423,
        "count": 365
    },
    "6-3": {
        "mde": 0.060858448583020294,
        "count": 365
    },
    "6-4": {
        "mde": 0.0,
        "count": 365
    },
    "6-5": {
        "mde": 0.008381949885358002,
        "count": 365
    },
    "6-6": {
        "mde": 0.008381949885358002,
        "count": 365
    },
    "6-7": {
        "mde": 0.004931506849315069,
        "count": 365
    },
    "6-8": {
        "mde": 0.06191152060716002,
        "count": 365
    },
    "6-9": {
        "mde": 0.03755838385435492,
        "count": 365
    },
    "7-1": {
        "mde": 0.059868392942999074,
        "count": 365
    },
    "7-11": {
        "mde": 0.011506849315068493,
        "count": 365
    },
    "8-1": {
        "mde": 0.03607277574246436,
        "count": 365
    },
    "8-11": {
        "mde": 0.00821917808219178,
        "count": 365
    },
    "9-1": {
        "mde": 0.03169333132484468,
        "count": 365
    },
    "9-11": {
        "mde": 0.020259542992334394,
        "count": 365
    }
}