{
    "1-1": {
        "mde": 0.007211538461538462,
        "count": 416
    },
    "1-10": {
        "mde": 0.03392681877046489,
        "count": 416
    },
    "1-11": {
        "mde": 0.0,
        "count": 416
    },
    "1-2": {
        "mde": 0.016559290626874598,
        "count": 416
    },
    "1-3": {
        "mde": 0.010096153846153847,
        "count": 416
    },
    "1-4": {
        "mde": 0.031399513866734154,
        "count": 416
    },
    "1-5": {
        "mde": 0.012980769230769231,
        "count": 416
    },
    "1-6": {
        "mde": 0.07614253284914752,
        "count": 416
    },
    "1-7": {
        "mde": 0.05138767507919067,
        "count": 416
    },
    "1-8": {
        "mde": 0.018506180617565336,
        "count": 416
    },
    "1-9": {
        "mde": 0.04781916287527524,
        "count": 416
    },
    "10-1": {
        "mde": 0.030288461538461542,
        "count": 416
    },
    "10-11": {
        "mde": 0.0043269230769230746,
        "count": 416
    },
    "11-1": {
        "mde": 0.03372860308721323,
        "count": 416
    },
    "11-10": {
        "mde": 0.02571407758376853,
        "count": 416
    },
    "11-11": {
        "mde": 0.011538461538461536,
        "count": 416
    },
    "11-2": {
        "mde": 0.044530835342146885,
        "count": 416
    },
    "11-3": {
        "mde": 0.014423076923076924,
        "count": 416
    },
    "11-4": {
        "mde": 0.007211538461538459,
        "count": 416
    },
    "11-5": {
        "mde": 0.014423076923076919,
        "count": 416
    },
    "11-6": {
        "mde": 0.04326923076923077,
        "count": 416
    },
    "11-7": {
        "mde": 0.01153846153846154,
        "count": 416
    },
    "11-8": {
        "mde": 0.008653846153846154,
        "count": 416
    },
    "11-9": {
        "mde": 0.016317848796612636,
        "count": 416
    },
    "2-1": {
        "mde": 0.15767430234694738,
        "count": 416
    },
    "2-11": {
        "mde": 0.02170475073683806,
        "count": 416
    },
    "3-1": {
        "mde": 0.042491104242570306,
        "count": 416
    },
    "3-11": {
        "mde": 0.04938296960804989,
        "count": 416
    },
    "4-1": {
        "mde": 0.041133976185644114,
        "count": 416
    },
    "4-11": {
        "mde": 0.02209662680420604,
        "count": 416
    },
    "5-1": {
        "mde": 0.04390663865396491,
        "count": 416
    },
    "5-11": {
        "mde": 0.0,
        "count": 416
    },
    "6-1": {
        "mde": 0.04443786010948076,
        "count": 416
    },
    "6-10": {
        "mde": 0.005769230769230768,
        "count": 416
    },
    "6-11": {
        "mde": 0.04670937231798244,
        "count": 416
    },
    "6-2": {
        "mde": 0.025948131901319095,
        "count": 416
    },
    "6-3": {
        "mde": 0.0666060748232156,
        "count": 416
    },
    "6-4": {
        "mde": 0.0328284312935589,
        "count": 416
    },
    "6-5": {
        "mde": 0.021954988181553527,
        "count": 416
    },
    "6-6": {
        "mde": 0.11801439071234464,
        "count": 416
    },
    "6-7": {
        "mde": 0.01596788626711367,
        "count": 416
    },
    "6-8": {
        "mde": 0.018673862706023163,
        "count": 416
    },
    "6-9": {
        "mde": 0.06377740509815874,
        "count": 416
    },
    "7-1": {
        "mde": 0.059732038791884275,
        "count": 416
    },
    "7-11": {
        "mde": 0.013100138264853203,
        "count": 416
    },
    "8-1": {
        "mde": 0.0276379004713967,
        "count": 416
    },
    "8-11": {
        "mde": 0.033737657363115764,
        "count": 416
    },
    "9-1": {
        "mde": 0.04061866970216594,
        "count": 416
    },
    "9-11": {
        "mde": 0.0014423076923076937,
        "count": 416
    }
}