{
    "1-1": {
        "mde": 0.010552763819095475,
        "count": 398
    },
    "1-10": {
        "mde": 0.0021319802447835596,
        "count": 398
    },
    "1-11": {
        "mde": 0.15776763299796118,
        "count": 398
    },
    "1-2": {
        "mde": 0.003015075376884422,
        "count": 398
    },
    "1-3": {
        "mde": 0.019597989949748745,
        "count": 398
    },
    "1-4": {
        "mde": 0.015895483033142005,
        "count": 398
    },
    "1-5": {
        "mde": 0.01823972790993887,
        "count": 398
    },
    "1-6": {
        "mde": 0.0,
        "count": 398
    },
    "1-7": {
        "mde": 0.006030150753768844,
        "count": 398
    },
    "1-8": {
        "mde": 0.004522613065326633,
        "count": 398
    },
    "1-9": {
        "mde": 0.012209577156170028,
        "count": 398
    },
    "10-1": {
        "mde": 0.0135678391959799,
        "count": 398
    },
    "10-11": {
        "mde": 0.022095760175114144,
        "count": 398
    },
    "11-1": {
        "mde": 0.04371859296482412,
        "count": 398
    },
    "11-10": {
        "mde": 0.004522613065326637,
        "count": 398
    },
    "11-11": {
        "mde": 0.0,
        "count": 398
    },
    "11-2": {
        "mde": 0.02888785576909806,
        "count": 398
    },
    "11-3": {
        "mde": 0.022884934503767256,
        "count": 398
    },
    "11-4": {
        "mde": 0.01900334363135275,
        "count": 398
    },
    "11-5": {
        "mde": 0.0,
        "count": 398
    },
    "11-6": {
        "mde": 0.0542713567839196,
        "count": 398
    },
    "11-7": {
        "mde": 0.009045226130653264,
        "count": 398
    },
    "11-8": {
        "mde": 0.010552763819095479,
        "count": 398
    },
    "11-9": {
        "mde": 0.011801648931778177,
        "count": 398
    },
    "2-1": {
        "mde": 0.0135678391959799,
        "count": 398
    },
    "2-11": {
        "mde": 0.08249451188441577,
        "count": 398
    },
    "3-1": {
        "mde": 0.009045226130653268,
        "count": 398
    },
    "3-11": {
        "mde": 0.06255304649907352,
        "count": 398
    },
    "4-1": {
        "mde": 0.05554433699052047,
        "count": 398
    },
    "4-11": {
        "mde": 0.007893569815326315,
        "count": 398
    },
    "5-1": {
        "mde": 0.03634153201532795,
        "count": 398
    },
    "5-11": {
        "mde": 0.026067237986925135,
        "count": 398
    },
    "6-1": {
        "mde": 0.0015075376884422112,
        "count": 398
    },
    "6-10": {
        "mde": 0.01845624224188837,
        "count": 398
    },
    "6-11": {
        "mde": 0.01632806818318387,
        "count": 398
    },
    "6-2": {
        "mde": 0.013812478884675952,
        "count": 398
    },
    "6-3": {
        "mde": 0.004263960489567121,
        "count": 398
    },
    "6-4": {
        "mde": 0.06412390354357096,
        "count": 398
    },
    "6-5": {
        "mde": 0.018671102724323374,
        "count": 398
    },
    "6-6": {
        "mde": 0.008118338905227895,
        "count": 398
    },
    "6-7": {
        "mde": 0.015656027347438952,
        "count": 398
    },
    "6-8": {
        "mde": 0.02980074713914427,
        "count": 398
    },
    "6-9": {
        "mde": 0.0664215072212499,
        "count": 398
    },
    "7-1": {
        "mde": 0.06934673366834171,
        "count": 398
    },
    "7-11": {
        "mde": 0.0,
        "count": 398
    },
    "8-1": {
        "mde": 0.07839195979899499,
        "count": 398
    },
    "8-11": {
        "mde": 0.004522613065326633,
        "count": 398
    },
    "9-1": {
        "mde": 0.03912725907095681,
        "count": 398
    },
    "9-11": {
        "mde": 0.0,
        "count": 398
    }
}