{
    "1-1": {
        "mde": 0.1627273675117714,
        "count": 386
    },
    "1-10": {
        "mde": 0.09076676000243597,
        "count": 386
    },
    "1-11": {
        "mde": 0.03697661509518242,
        "count": 386
    },
    "1-2": {
        "mde": 0.031088082901554404,
        "count": 386
    },
    "1-3": {
        "mde": 0.02769815006323008,
        "count": 386
    },
    "1-4": {
        "mde": 0.038062434684723014,
        "count": 386
    },
    "1-5": {
        "mde": 0.04212282825947065,
        "count": 386
    },
    "1-6": {
        "mde": 0.0,
        "count": 386
    },
    "1-7": {
        "mde": 0.05079730384005459,
        "count": 386
    },
    "1-8": {
        "mde": 0.007772020725388602,
        "count": 386
    },
    "1-9": {
        "mde": 0.09651173261583518,
        "count": 386
    },
    "10-1": {
        "mde": 0.05418473250650297,
        "count": 386
    },
    "10-11": {
        "mde": 0.009326424870466315,
        "count": 386
    },
    "11-1": {
        "mde": 0.020207253886010364,
        "count": 386
    },
    "11-10": {
        "mde": 0.0077720207253885966,
        "count": 386
    },
    "11-11": {
        "mde": 0.0031088082901554385,
        "count": 386
    },
    "11-2": {
        "mde": 0.0031088082901554403,
        "count": 386
    },
    "11-3": {
        "mde": 0.013989637305699482,
        "count": 386
    },
    "11-4": {
        "mde": 0.019157339876171128,
        "count": 386
    },
    "11-5": {
        "mde": 0.010880829015544042,
        "count": 386
    },
    "11-6": {
        "mde": 0.012435233160621763,
        "count": 386
    },
    "11-7": {
        "mde": 0.01088082901554404,
        "count": 386
    },
    "11-8": {
        "mde": 0.006217616580310881,
        "count": 386
    },
    "11-9": {
        "mde": 0.017832335681346494,
        "count": 386
    },
    "2-1": {
        "mde": 0.04853554726704704,
        "count": 386
    },
    "2-11": {
        "mde": 0.025061822215986004,
        "count": 386
    },
    "3-1": {
        "mde": 0.017586075387022945,
        "count": 386
    },
    "3-11": {
        "mde": 0.026049534280642914,
        "count": 386
    },
    "4-1": {
        "mde": 0.03850310302736115,
        "count": 386
    },
    "4-11": {
        "mde": 0.02286249315932544,
        "count": 386
    },
    "5-1": {
        "mde": 0.01243523316062176,
        "count": 386
    },
    "5-11": {
        "mde": 0.01124777405828983,
        "count": 386
    },
    "6-1": {
        "mde": 0.060621761658031084,
        "count": 386
    },
    "6-10": {
        "mde": 0.0242504551701941,
        "count": 386
    },
    "6-11": {
        "mde": 0.027979274611398965,
        "count": 386
    },
    "6-2": {
        "mde": 0.039704564443544574,
        "count": 386
    },
    "6-3": {
        "mde": 0.0015544041450777204,
        "count": 386
    },
    "6-4": {
        "mde": 0.017087921588104165,
        "count": 386
    },
    "6-5": {
        "mde": 0.049275079309907405,
        "count": 386
    },
    "6-6": {
        "mde": 0.009925126643214256,
        "count": 386
    },
    "6-7": {
        "mde": 0.029238730066176152,
        "count": 386
    },
    "6-8": {
        "mde": 0.024663494998795575,
        "count": 386
    },
    "6-9": {
        "mde": 0.026199315974110803,
        "count": 386
    },
    "7-1": {
        "mde": 0.03794955476016544,
        "count": 386
    },
    "7-11": {
        "mde": 0.032642487046632127,
        "count": 386
    },
    "8-1": {
        "mde": 0.05129533678756478,
        "count": 386
    },
    "8-11": {
        "mde": 0.007505327136911178,
        "count": 386
    },
    "9-1": {
        "mde": 0.009830915005704807,
        "count": 386
    },
    "9-11": {
        "mde": 0.018386156152455216,
        "count": 386
    }
}