{
    "1-1": {
        "mde": 0.07611940298507462,
        "count": 402
    },
    "1-10": {
        "mde": 0.01782727150746143,
        "count": 402
    },
    "1-11": {
        "mde": 0.02149720035437738,
        "count": 402
    },
    "1-2": {
        "mde": 0.0269578695474329,
        "count": 402
    },
    "1-3": {
        "mde": 0.021247862652984763,
        "count": 402
    },
    "1-4": {
        "mde": 0.2994526979892298,
        "count": 402
    },
    "1-5": {
        "mde": 0.26373638685972167,
        "count": 402
    },
    "1-6": {
        "mde": 0.007462686567164179,
        "count": 402
    },
    "1-7": {
        "mde": 0.04509119783720594,
        "count": 402
    },
    "1-8": {
        "mde": 0.10887720389631131,
        "count": 402
    },
    "1-9": {
        "mde": 0.3129029576376599,
        "count": 402
    },
    "10-1": {
        "mde": 0.18620361559606677,
        "count": 402
    },
    "10-11": {
        "mde": 0.07385862891677399,
        "count": 402
    },
    "11-1": {
        "mde": 0.03283582089552238,
        "count": 402
    },
    "11-10": {
        "mde": 0.09447486607241834,
        "count": 402
    },
    "11-11": {
        "mde": 0.17313432835820894,
        "count": 402
    },
    "11-2": {
        "mde": 0.06294409384038041,
        "count": 402
    },
    "11-3": {
        "mde": 0.07412224446222479,
        "count": 402
    },
    "11-4": {
        "mde": 0.050746268656716415,
        "count": 402
    },
    "11-5": {
        "mde": 0.14279629184679402,
        "count": 402
    },
    "11-6": {
        "mde": 0.08571105503163112,
        "count": 402
    },
    "11-7": {
        "mde": 0.1194029850746269,
        "count": 402
    },
    "11-8": {
        "mde": 0.04684352956288733,
        "count": 402
    },
    "11-9": {
        "mde": 0.17488018414129636,
        "count": 402
    },
    "2-1": {
        "mde": 0.11372249162046869,
        "count": 402
    },
    "2-11": {
        "mde": 0.5850675421670828,
        "count": 402
    },
    "3-1": {
        "mde": 0.07738536113818399,
        "count": 402
    },
    "3-11": {
        "mde": 0.23421851111848532,
        "count": 402
    },
    "4-1": {
        "mde": 0.1639039906196158,
        "count": 402
    },
    "4-11": {
        "mde": 0.3914509432739153,
        "count": 402
    },
    "5-1": {
        "mde": 0.001492537313432836,
        "count": 402
    },
    "5-11": {
        "mde": 0.19506260103729522,
        "count": 402
    },
    "6-1": {
        "mde": 0.09907220733535002,
        "count": 402
    },
    "6-10": {
        "mde": 0.142501471879333,
        "count": 402
    },
    "6-11": {
        "mde": 0.037313432835820885,
        "count": 402
    },
    "6-2": {
        "mde": 0.20617802879473623,
        "count": 402
    },
    "6-3": {
        "mde": 0.041491029661527366,
        "count": 402
    },
    "6-4": {
        "mde": 0.17902036774938546,
        "count": 402
    },
    "6-5": {
        "mde": 0.04656756533089295,
        "count": 402
    },
    "6-6": {
        "mde": 0.04713911020047773,
        "count": 402
    },
    "6-7": {
        "mde": 0.46351397114492704,
        "count": 402
    },
    "6-8": {
        "mde": 0.07569907342124321,
        "count": 402
    },
    "6-9": {
        "mde": 0.10813808193612248,
        "count": 402
    },
    "7-1": {
        "mde": 0.1363150001808849,
        "count": 402
    },
    "7-11": {
        "mde": 0.008955223880597014,
        "count": 402
    },
    "8-1": {
        "mde": 0.023880597014925366,
        "count": 402
    },
    "8-11": {
        "mde": 0.10314245314594557,
        "count": 402
    },
    "9-1": {
        "mde": 0.0639230255593227,
        "count": 402
    },
    "9-11": {
        "mde": 0.24811353429477576,
        "count": 402
    }
}