{
    "1-1": {
        "mde": 0.6570805884868617,
        "count": 386
    },
    "1-10": {
        "mde": 0.6875987091366492,
        "count": 386
    },
    "1-11": {
        "mde": 0.07150259067357513,
        "count": 386
    },
    "1-2": {
        "mde": 0.0779115631486285,
        "count": 386
    },
    "1-3": {
        "mde": 0.11958738775233387,
        "count": 386
    },
    "1-4": {
        "mde": 0.10221926190255864,
        "count": 386
    },
    "1-5": {
        "mde": 0.2113989637305699,
        "count": 386
    },
    "1-6": {
        "mde": 0.12124352331606218,
        "count": 386
    },
    "1-7": {
        "mde": 0.031241999243926608,
        "count": 386
    },
    "1-8": {
        "mde": 0.03999158869641118,
        "count": 386
    },
    "1-9": {
        "mde": 0.33298859147241633,
        "count": 386
    },
    "10-1": {
        "mde": 0.1286853789224914,
        "count": 386
    },
    "10-11": {
        "mde": 0.030544479077522616,
        "count": 386
    },
    "11-1": {
        "mde": 0.28447078489716576,
        "count": 386
    },
    "11-10": {
        "mde": 0.03658650650983019,
        "count": 386
    },
    "11-11": {
        "mde": 0.06528497409326424,
        "count": 386
    },
    "11-2": {
        "mde": 0.012435233160621761,
        "count": 386
    },
    "11-3": {
        "mde": 0.2145077720207254,
        "count": 386
    },
    "11-4": {
        "mde": 0.026802032156143966,
        "count": 386
    },
    "11-5": {
        "mde": 0.032642487046632127,
        "count": 386
    },
    "11-6": {
        "mde": 0.09481865284974092,
        "count": 386
    },
    "11-7": {
        "mde": 0.10103626943005181,
        "count": 386
    },
    "11-8": {
        "mde": 0.14922279792746115,
        "count": 386
    },
    "11-9": {
        "mde": 0.13635444489636653,
        "count": 386
    },
    "2-1": {
        "mde": 0.1175791855542762,
        "count": 386
    },
    "2-11": {
        "mde": 0.23723791552459667,
        "count": 386
    },
    "3-1": {
        "mde": 0.027933517225612135,
        "count": 386
    },
    "3-11": {
        "mde": 0.1967908512724865,
        "count": 386
    },
    "4-1": {
        "mde": 0.046931401113147614,
        "count": 386
    },
    "4-11": {
        "mde": 0.4675466943425797,
        "count": 386
    },
    "5-1": {
        "mde": 0.0161125590353424,
        "count": 386
    },
    "5-11": {
        "mde": 0.10846013632547973,
        "count": 386
    },
    "6-1": {
        "mde": 0.6308828428975853,
        "count": 386
    },
    "6-10": {
        "mde": 0.1514314952070343,
        "count": 386
    },
    "6-11": {
        "mde": 0.10474377949295519,
        "count": 386
    },
    "6-2": {
        "mde": 0.035664671362692996,
        "count": 386
    },
    "6-3": {
        "mde": 0.004663212435233161,
        "count": 386
    },
    "6-4": {
        "mde": 0.013033934933369696,
        "count": 386
    },
    "6-5": {
        "mde": 1.1165963722035441,
        "count": 386
    },
    "6-6": {
        "mde": 0.535625311850194,
        "count": 386
    },
    "6-7": {
        "mde": 0.08131107056661259,
        "count": 386
    },
    "6-8": {
        "mde": 0.06221112567632622,
        "count": 386
    },
    "6-9": {
        "mde": 0.2103032139524447,
        "count": 386
    },
    "7-1": {
        "mde": 0.04834044483978154,
        "count": 386
    },
    "7-11": {
        "mde": 0.3774952867044646,
        "count": 386
    },
    "8-1": {
        "mde": 0.10770689851178576,
        "count": 386
    },
    "8-11": {
        "mde": 0.13068041628787383,
        "count": 386
    },
    "9-1": {
        "mde": 0.1837386446803972,
        "count": 386
    },
    "9-11": {
        "mde": 0.07305699481865287,
        "count": 386
    }
}