{
    "1-1": {
        "mde": 0.005769230769230769,
        "count": 416
    },
    "1-10": {
        "mde": 0.023254479267717773,
        "count": 416
    },
    "1-11": {
        "mde": 0.03808142918860507,
        "count": 416
    },
    "1-2": {
        "mde": 0.034016503076441024,
        "count": 416
    },
    "1-3": {
        "mde": 0.02307692307692308,
        "count": 416
    },
    "1-4": {
        "mde": 0.07587339126268845,
        "count": 416
    },
    "1-5": {
        "mde": 0.06512811695394737,
        "count": 416
    },
    "1-6": {
        "mde": 0.2718451471165164,
        "count": 416
    },
    "1-7": {
        "mde": 0.1387861636550235,
        "count": 416
    },
    "1-8": {
        "mde": 0.09345022515683982,
        "count": 416
    },
    "1-9": {
        "mde": 0.040527431990758846,
        "count": 416
    },
    "10-1": {
        "mde": 0.1174166582379231,
        "count": 416
    },
    "10-11": {
        "mde": 0.0918415465235264,
        "count": 416
    },
    "11-1": {
        "mde": 0.4427884615384615,
        "count": 416
    },
    "11-10": {
        "mde": 0.018605040773959122,
        "count": 416
    },
    "11-11": {
        "mde": 0.03749999999999998,
        "count": 416
    },
    "11-2": {
        "mde": 0.20536583770923073,
        "count": 416
    },
    "11-3": {
        "mde": 0.08276706462567478,
        "count": 416
    },
    "11-4": {
        "mde": 0.030288461538461542,
        "count": 416
    },
    "11-5": {
        "mde": 0.06923076923076922,
        "count": 416
    },
    "11-6": {
        "mde": 0.10817307692307693,
        "count": 416
    },
    "11-7": {
        "mde": 0.10402371003694853,
        "count": 416
    },
    "11-8": {
        "mde": 0.04517964709663957,
        "count": 416
    },
    "11-9": {
        "mde": 0.05913461538461538,
        "count": 416
    },
    "2-1": {
        "mde": 0.08292905002364183,
        "count": 416
    },
    "2-11": {
        "mde": 0.10666936662619556,
        "count": 416
    },
    "3-1": {
        "mde": 0.027243092048074496,
        "count": 416
    },
    "3-11": {
        "mde": 0.06002256302829131,
        "count": 416
    },
    "4-1": {
        "mde": 0.17625872872650666,
        "count": 416
    },
    "4-11": {
        "mde": 0.11707221849004715,
        "count": 416
    },
    "5-1": {
        "mde": 0.08490647202713933,
        "count": 416
    },
    "5-11": {
        "mde": 0.14977132619978734,
        "count": 416
    },
    "6-1": {
        "mde": 0.41793797540519567,
        "count": 416
    },
    "6-10": {
        "mde": 0.054626989188300716,
        "count": 416
    },
    "6-11": {
        "mde": 0.08653846153846154,
        "count": 416
    },
    "6-2": {
        "mde": 0.2524141280888974,
        "count": 416
    },
    "6-3": {
        "mde": 0.5550784656230167,
        "count": 416
    },
    "6-4": {
        "mde": 0.09952703211948465,
        "count": 416
    },
    "6-5": {
        "mde": 0.09685888618471661,
        "count": 416
    },
    "6-6": {
        "mde": 0.37521233311175095,
        "count": 416
    },
    "6-7": {
        "mde": 0.15980654176702497,
        "count": 416
    },
    "6-8": {
        "mde": 0.0220630652030457,
        "count": 416
    },
    "6-9": {
        "mde": 0.1979815180917216,
        "count": 416
    },
    "7-1": {
        "mde": 0.19758059854900203,
        "count": 416
    },
    "7-11": {
        "mde": 0.09398873806816795,
        "count": 416
    },
    "8-1": {
        "mde": 0.09935183636449912,
        "count": 416
    },
    "8-11": {
        "mde": 0.15733292272930227,
        "count": 416
    },
    "9-1": {
        "mde": 0.027663951760815802,
        "count": 416
    },
    "9-11": {
        "mde": 0.24933238900908247,
        "count": 416
    }
}