{
    "1-1": {
        "mde": 0.06633165829145728,
        "count": 398
    },
    "1-10": {
        "mde": 0.049717582553852675,
        "count": 398
    },
    "1-11": {
        "mde": 0.14252249891662463,
        "count": 398
    },
    "1-2": {
        "mde": 0.009669668686994617,
        "count": 398
    },
    "1-3": {
        "mde": 0.07442431108438767,
        "count": 398
    },
    "1-4": {
        "mde": 0.036180904522613064,
        "count": 398
    },
    "1-5": {
        "mde": 0.03165829145728643,
        "count": 398
    },
    "1-6": {
        "mde": 0.03015075376884422,
        "count": 398
    },
    "1-7": {
        "mde": 0.31171994369059647,
        "count": 398
    },
    "1-8": {
        "mde": 0.08458735112892801,
        "count": 398
    },
    "1-9": {
        "mde": 0.10782410299629043,
        "count": 398
    },
    "10-1": {
        "mde": 0.14889988004114557,
        "count": 398
    },
    "10-11": {
        "mde": 0.024120603015075376,
        "count": 398
    },
    "11-1": {
        "mde": 0.1071423132842193,
        "count": 398
    },
    "11-10": {
        "mde": 0.016582914572864326,
        "count": 398
    },
    "11-11": {
        "mde": 0.012060301507537686,
        "count": 398
    },
    "11-2": {
        "mde": 0.6342222619241394,
        "count": 398
    },
    "11-3": {
        "mde": 0.2185401884013098,
        "count": 398
    },
    "11-4": {
        "mde": 0.4139723439689691,
        "count": 398
    },
    "11-5": {
        "mde": 0.018090452261306532,
        "count": 398
    },
    "11-6": {
        "mde": 0.11155778894472364,
        "count": 398
    },
    "11-7": {
        "mde": 0.006030150753768843,
        "count": 398
    },
    "11-8": {
        "mde": 0.025628140703517592,
        "count": 398
    },
    "11-9": {
        "mde": 0.006030150753768845,
        "count": 398
    },
    "2-1": {
        "mde": 0.03554244907920825,
        "count": 398
    },
    "2-11": {
        "mde": 0.05223484016181937,
        "count": 398
    },
    "3-1": {
        "mde": 0.5206347956124591,
        "count": 398
    },
    "3-11": {
        "mde": 0.022931310378283384,
        "count": 398
    },
    "4-1": {
        "mde": 0.10261359195584918,
        "count": 398
    },
    "4-11": {
        "mde": 0.17302270228456962,
        "count": 398
    },
    "5-1": {
        "mde": 0.252879007251674,
        "count": 398
    },
    "5-11": {
        "mde": 0.04852298381475142,
        "count": 398
    },
    "6-1": {
        "mde": 0.17487437185929655,
        "count": 398
    },
    "6-10": {
        "mde": 0.019949767043267112,
        "count": 398
    },
    "6-11": {
        "mde": 0.02412060301507538,
        "count": 398
    },
    "6-2": {
        "mde": 0.04205954010544472,
        "count": 398
    },
    "6-3": {
        "mde": 0.007537688442211057,
        "count": 398
    },
    "6-4": {
        "mde": 0.379923018218166,
        "count": 398
    },
    "6-5": {
        "mde": 0.07526506136031032,
        "count": 398
    },
    "6-6": {
        "mde": 0.22059360210231319,
        "count": 398
    },
    "6-7": {
        "mde": 0.27046754085742286,
        "count": 398
    },
    "6-8": {
        "mde": 0.6659035743179297,
        "count": 398
    },
    "6-9": {
        "mde": 0.2607599066260265,
        "count": 398
    },
    "7-1": {
        "mde": 0.03441471425841134,
        "count": 398
    },
    "7-11": {
        "mde": 0.040040080025457406,
        "count": 398
    },
    "8-1": {
        "mde": 0.2039540132893708,
        "count": 398
    },
    "8-11": {
        "mde": 0.1353614895619524,
        "count": 398
    },
    "9-1": {
        "mde": 0.07989949748743717,
        "count": 398
    },
    "9-11": {
        "mde": 0.003370956749999683,
        "count": 398
    }
}