{
    "1-1": {
        "mde": 0.45226130653266333,
        "count": 398
    },
    "1-10": {
        "mde": 0.041307293259797685,
        "count": 398
    },
    "1-11": {
        "mde": 0.09961897011542567,
        "count": 398
    },
    "1-2": {
        "mde": 0.13896533651381754,
        "count": 398
    },
    "1-3": {
        "mde": 0.13309186620220387,
        "count": 398
    },
    "1-4": {
        "mde": 0.0814070351758794,
        "count": 398
    },
    "1-5": {
        "mde": 0.022613065326633167,
        "count": 398
    },
    "1-6": {
        "mde": 0.12490198201710308,
        "count": 398
    },
    "1-7": {
        "mde": 0.602305654148274,
        "count": 398
    },
    "1-8": {
        "mde": 0.18706021438673245,
        "count": 398
    },
    "1-9": {
        "mde": 0.11681199905109313,
        "count": 398
    },
    "10-1": {
        "mde": 0.1679494687937262,
        "count": 398
    },
    "10-11": {
        "mde": 0.03768844221105527,
        "count": 398
    },
    "11-1": {
        "mde": 0.2442211055276382,
        "count": 398
    },
    "11-10": {
        "mde": 0.0271356783919598,
        "count": 398
    },
    "11-11": {
        "mde": 0.028643216080402007,
        "count": 398
    },
    "11-2": {
        "mde": 0.32707146459022335,
        "count": 398
    },
    "11-3": {
        "mde": 0.4254815095138188,
        "count": 398
    },
    "11-4": {
        "mde": 0.09429262683512998,
        "count": 398
    },
    "11-5": {
        "mde": 0.8291044243029866,
        "count": 398
    },
    "11-6": {
        "mde": 0.2940769866510535,
        "count": 398
    },
    "11-7": {
        "mde": 0.05427135678391958,
        "count": 398
    },
    "11-8": {
        "mde": 0.1673366834170854,
        "count": 398
    },
    "11-9": {
        "mde": 0.07386934673366834,
        "count": 398
    },
    "2-1": {
        "mde": 0.09365826392878375,
        "count": 398
    },
    "2-11": {
        "mde": 0.16723280425402892,
        "count": 398
    },
    "3-1": {
        "mde": 0.0991057233055652,
        "count": 398
    },
    "3-11": {
        "mde": 0.15104398812174438,
        "count": 398
    },
    "4-1": {
        "mde": 0.17766295590044925,
        "count": 398
    },
    "4-11": {
        "mde": 0.13137873921197338,
        "count": 398
    },
    "5-1": {
        "mde": 0.4356439232457075,
        "count": 398
    },
    "5-11": {
        "mde": 0.06579294335362734,
        "count": 398
    },
    "6-1": {
        "mde": 0.05728643216080402,
        "count": 398
    },
    "6-10": {
        "mde": 0.08938238555915744,
        "count": 398
    },
    "6-11": {
        "mde": 0.019597989949748745,
        "count": 398
    },
    "6-2": {
        "mde": 0.2207092311001471,
        "count": 398
    },
    "6-3": {
        "mde": 0.09195979899497489,
        "count": 398
    },
    "6-4": {
        "mde": 0.5470834268570554,
        "count": 398
    },
    "6-5": {
        "mde": 0.08386639606789421,
        "count": 398
    },
    "6-6": {
        "mde": 0.41062801195335624,
        "count": 398
    },
    "6-7": {
        "mde": 0.3762734810479284,
        "count": 398
    },
    "6-8": {
        "mde": 0.27676398580812495,
        "count": 398
    },
    "6-9": {
        "mde": 0.11169705540307703,
        "count": 398
    },
    "7-1": {
        "mde": 0.16733668341708544,
        "count": 398
    },
    "7-11": {
        "mde": 0.15575738460077032,
        "count": 398
    },
    "8-1": {
        "mde": 0.5197253635996795,
        "count": 398
    },
    "8-11": {
        "mde": 0.1131490142029747,
        "count": 398
    },
    "9-1": {
        "mde": 0.38806493647989765,
        "count": 398
    },
    "9-11": {
        "mde": 0.020148328917575502,
        "count": 398
    }
}