{
    "1-1": {
        "mde": 0.03780821917808219,
        "count": 365
    },
    "1-10": {
        "mde": 0.22457738450414158,
        "count": 365
    },
    "1-11": {
        "mde": 0.2528387665905314,
        "count": 365
    },
    "1-2": {
        "mde": 0.11671232876712329,
        "count": 365
    },
    "1-3": {
        "mde": 0.07436065968904076,
        "count": 365
    },
    "1-4": {
        "mde": 0.15779167503484226,
        "count": 365
    },
    "1-5": {
        "mde": 0.031232876712328772,
        "count": 365
    },
    "1-6": {
        "mde": 0.7786073421611297,
        "count": 365
    },
    "1-7": {
        "mde": 0.18624174006703292,
        "count": 365
    },
    "1-8": {
        "mde": 0.09077576313831862,
        "count": 365
    },
    "1-9": {
        "mde": 0.022922090810957522,
        "count": 365
    },
    "10-1": {
        "mde": 0.04324013142558793,
        "count": 365
    },
    "10-11": {
        "mde": 0.22561972924713825,
        "count": 365
    },
    "11-1": {
        "mde": 0.31068493150684934,
        "count": 365
    },
    "11-10": {
        "mde": 0.07188151571730057,
        "count": 365
    },
    "11-11": {
        "mde": 0.07397260273972601,
        "count": 365
    },
    "11-2": {
        "mde": 0.2816017555063728,
        "count": 365
    },
    "11-3": {
        "mde": 0.17309907156268034,
        "count": 365
    },
    "11-4": {
        "mde": 0.17307003492733464,
        "count": 365
    },
    "11-5": {
        "mde": 0.14794520547945206,
        "count": 365
    },
    "11-6": {
        "mde": 0.07523889799605865,
        "count": 365
    },
    "11-7": {
        "mde": 0.2101945147480297,
        "count": 365
    },
    "11-8": {
        "mde": 0.02136986301369863,
        "count": 365
    },
    "11-9": {
        "mde": 0.15591466940736223,
        "count": 365
    },
    "2-1": {
        "mde": 0.13503970373672303,
        "count": 365
    },
    "2-11": {
        "mde": 0.06792271020904539,
        "count": 365
    },
    "3-1": {
        "mde": 0.03660887188674942,
        "count": 365
    },
    "3-11": {
        "mde": 0.12150391457663817,
        "count": 365
    },
    "4-1": {
        "mde": 0.062476747173501844,
        "count": 365
    },
    "4-11": {
        "mde": 0.05563464691021137,
        "count": 365
    },
    "5-1": {
        "mde": 0.045547732491779784,
        "count": 365
    },
    "5-11": {
        "mde": 0.04380868198335269,
        "count": 365
    },
    "6-1": {
        "mde": 0.3502513698756071,
        "count": 365
    },
    "6-10": {
        "mde": 0.2635908745375929,
        "count": 365
    },
    "6-11": {
        "mde": 0.1680264932087339,
        "count": 365
    },
    "6-2": {
        "mde": 0.08085519878978374,
        "count": 365
    },
    "6-3": {
        "mde": 0.04656476815430522,
        "count": 365
    },
    "6-4": {
        "mde": 0.10288271250519612,
        "count": 365
    },
    "6-5": {
        "mde": 0.03780821917808219,
        "count": 365
    },
    "6-6": {
        "mde": 0.09677153281292349,
        "count": 365
    },
    "6-7": {
        "mde": 1.0963512451598505,
        "count": 365
    },
    "6-8": {
        "mde": 0.09727471385322423,
        "count": 365
    },
    "6-9": {
        "mde": 0.1601659671778005,
        "count": 365
    },
    "7-1": {
        "mde": 0.3675049277154034,
        "count": 365
    },
    "7-11": {
        "mde": 0.2521762751240734,
        "count": 365
    },
    "8-1": {
        "mde": 0.09121123229672072,
        "count": 365
    },
    "8-11": {
        "mde": 0.025351570030448144,
        "count": 365
    },
    "9-1": {
        "mde": 0.15734231800231854,
        "count": 365
    },
    "9-11": {
        "mde": 0.03832398116377538,
        "count": 365
    }
}