{
    "1-1": {
        "mde": 0.021761658031088083,
        "count": 386
    },
    "1-10": {
        "mde": 0.027686095804417454,
        "count": 386
    },
    "1-11": {
        "mde": 0.02020725388601036,
        "count": 386
    },
    "1-2": {
        "mde": 0.003752663568455588,
        "count": 386
    },
    "1-3": {
        "mde": 0.012802178203367548,
        "count": 386
    },
    "1-4": {
        "mde": 0.03419689119170984,
        "count": 386
    },
    "1-5": {
        "mde": 0.023316062176165803,
        "count": 386
    },
    "1-6": {
        "mde": 0.02657878680869345,
        "count": 386
    },
    "1-7": {
        "mde": 0.015544041450777202,
        "count": 386
    },
    "1-8": {
        "mde": 0.04223329636081595,
        "count": 386
    },
    "1-9": {
        "mde": 0.06528497409326425,
        "count": 386
    },
    "10-1": {
        "mde": 0.12166614597257615,
        "count": 386
    },
    "10-11": {
        "mde": 0.006861471858611032,
        "count": 386
    },
    "11-1": {
        "mde": 0.057512953367875645,
        "count": 386
    },
    "11-10": {
        "mde": 0.056437064055225944,
        "count": 386
    },
    "11-11": {
        "mde": 0.04670965122454024,
        "count": 386
    },
    "11-2": {
        "mde": 0.09637305699481866,
        "count": 386
    },
    "11-3": {
        "mde": 0.12684800716393368,
        "count": 386
    },
    "11-4": {
        "mde": 0.042346073606921164,
        "count": 386
    },
    "11-5": {
        "mde": 0.043523316062176166,
        "count": 386
    },
    "11-6": {
        "mde": 0.11719892875845044,
        "count": 386
    },
    "11-7": {
        "mde": 0.007772020725388601,
        "count": 386
    },
    "11-8": {
        "mde": 0.0031088082901554407,
        "count": 386
    },
    "11-9": {
        "mde": 0.01243523316062176,
        "count": 386
    },
    "2-1": {
        "mde": 0.023026626148774584,
        "count": 386
    },
    "2-11": {
        "mde": 0.13898923502331412,
        "count": 386
    },
    "3-1": {
        "mde": 0.005950922991833456,
        "count": 386
    },
    "3-11": {
        "mde": 0.12901554404145077,
        "count": 386
    },
    "4-1": {
        "mde": 0.0031088082901554403,
        "count": 386
    },
    "4-11": {
        "mde": 0.1523930513093381,
        "count": 386
    },
    "5-1": {
        "mde": 0.015735397345519677,
        "count": 386
    },
    "5-11": {
        "mde": 0.14684787972279728,
        "count": 386
    },
    "6-1": {
        "mde": 0.35316785057111694,
        "count": 386
    },
    "6-10": {
        "mde": 0.024165970462664905,
        "count": 386
    },
    "6-11": {
        "mde": 0.04212282825947065,
        "count": 386
    },
    "6-2": {
        "mde": 0.05022175661967499,
        "count": 386
    },
    "6-3": {
        "mde": 0.004663212435233161,
        "count": 386
    },
    "6-4": {
        "mde": 0.05047099062642859,
        "count": 386
    },
    "6-5": {
        "mde": 0.0431942316754933,
        "count": 386
    },
    "6-6": {
        "mde": 0.027331404923813585,
        "count": 386
    },
    "6-7": {
        "mde": 0.025127759161548868,
        "count": 386
    },
    "6-8": {
        "mde": 0.08512570633214762,
        "count": 386
    },
    "6-9": {
        "mde": 0.07935975571272232,
        "count": 386
    },
    "7-1": {
        "mde": 0.03224390114377659,
        "count": 386
    },
    "7-11": {
        "mde": 0.13040350605231946,
        "count": 386
    },
    "8-1": {
        "mde": 0.20506288819579574,
        "count": 386
    },
    "8-11": {
        "mde": 0.04656593367239091,
        "count": 386
    },
    "9-1": {
        "mde": 0.03863655466642405,
        "count": 386
    },
    "9-11": {
        "mde": 0.02773308692170536,
        "count": 386
    }
}