{
    "1-1": {
        "mde": 0.007537688442211055,
        "count": 398
    },
    "1-10": {
        "mde": 0.07459914365238217,
        "count": 398
    },
    "1-11": {
        "mde": 0.028643216080402007,
        "count": 398
    },
    "1-2": {
        "mde": 0.06331658291457286,
        "count": 398
    },
    "1-3": {
        "mde": 0.022613065326633167,
        "count": 398
    },
    "1-4": {
        "mde": 0.027603199092242355,
        "count": 398
    },
    "1-5": {
        "mde": 0.08289633824726421,
        "count": 398
    },
    "1-6": {
        "mde": 0.028643216080402007,
        "count": 398
    },
    "1-7": {
        "mde": 0.09554269960921073,
        "count": 398
    },
    "1-8": {
        "mde": 0.18874447787975876,
        "count": 398
    },
    "1-9": {
        "mde": 0.015431258257537368,
        "count": 398
    },
    "10-1": {
        "mde": 0.07497541976865024,
        "count": 398
    },
    "10-11": {
        "mde": 0.08621577476006176,
        "count": 398
    },
    "11-1": {
        "mde": 0.07397648413849066,
        "count": 398
    },
    "11-10": {
        "mde": 0.0583313617012304,
        "count": 398
    },
    "11-11": {
        "mde": 0.22613065326633167,
        "count": 398
    },
    "11-2": {
        "mde": 0.1077031347897647,
        "count": 398
    },
    "11-3": {
        "mde": 0.047370158445008984,
        "count": 398
    },
    "11-4": {
        "mde": 0.024120603015075376,
        "count": 398
    },
    "11-5": {
        "mde": 0.027135678391959798,
        "count": 398
    },
    "11-6": {
        "mde": 0.24738545655315494,
        "count": 398
    },
    "11-7": {
        "mde": 0.07869051109625964,
        "count": 398
    },
    "11-8": {
        "mde": 0.0,
        "count": 398
    },
    "11-9": {
        "mde": 0.07085427135678395,
        "count": 398
    },
    "2-1": {
        "mde": 0.05838380210254953,
        "count": 398
    },
    "2-11": {
        "mde": 0.040802289204531036,
        "count": 398
    },
    "3-1": {
        "mde": 0.0,
        "count": 398
    },
    "3-11": {
        "mde": 0.07125199651480363,
        "count": 398
    },
    "4-1": {
        "mde": 0.03891957863275171,
        "count": 398
    },
    "4-11": {
        "mde": 0.18105941816059903,
        "count": 398
    },
    "5-1": {
        "mde": 0.17967725164550574,
        "count": 398
    },
    "5-11": {
        "mde": 0.09934371702963113,
        "count": 398
    },
    "6-1": {
        "mde": 0.0,
        "count": 398
    },
    "6-10": {
        "mde": 0.02326167047484863,
        "count": 398
    },
    "6-11": {
        "mde": 0.08140703517587941,
        "count": 398
    },
    "6-2": {
        "mde": 0.013961754533308286,
        "count": 398
    },
    "6-3": {
        "mde": 0.025628140703517585,
        "count": 398
    },
    "6-4": {
        "mde": 0.15154158621924194,
        "count": 398
    },
    "6-5": {
        "mde": 0.02771632885497664,
        "count": 398
    },
    "6-6": {
        "mde": 0.0030150753768844224,
        "count": 398
    },
    "6-7": {
        "mde": 0.09492911409444767,
        "count": 398
    },
    "6-8": {
        "mde": 0.2690336236160798,
        "count": 398
    },
    "6-9": {
        "mde": 0.13528956576944873,
        "count": 398
    },
    "7-1": {
        "mde": 0.03919597989949748,
        "count": 398
    },
    "7-11": {
        "mde": 0.02271029412398892,
        "count": 398
    },
    "8-1": {
        "mde": 0.1964986965239197,
        "count": 398
    },
    "8-11": {
        "mde": 0.09947987008308526,
        "count": 398
    },
    "9-1": {
        "mde": 0.05619152054341631,
        "count": 398
    },
    "9-11": {
        "mde": 0.03325968504768625,
        "count": 398
    }
}