{
    "1-1": {
        "mde": 0.0028846153846153843,
        "count": 416
    },
    "1-10": {
        "mde": 0.03292977340113032,
        "count": 416
    },
    "1-11": {
        "mde": 0.02451923076923077,
        "count": 416
    },
    "1-2": {
        "mde": 0.03238280683723731,
        "count": 416
    },
    "1-3": {
        "mde": 0.04759615384615385,
        "count": 416
    },
    "1-4": {
        "mde": 0.03629174662524286,
        "count": 416
    },
    "1-5": {
        "mde": 0.024519230769230772,
        "count": 416
    },
    "1-6": {
        "mde": 0.0389423076923077,
        "count": 416
    },
    "1-7": {
        "mde": 0.052494343347650685,
        "count": 416
    },
    "1-8": {
        "mde": 0.0724010178276715,
        "count": 416
    },
    "1-9": {
        "mde": 0.02754666275998959,
        "count": 416
    },
    "10-1": {
        "mde": 0.022684502973112284,
        "count": 416
    },
    "10-11": {
        "mde": 0.013330731760268201,
        "count": 416
    },
    "11-1": {
        "mde": 0.04347423407268887,
        "count": 416
    },
    "11-10": {
        "mde": 0.006366654176499653,
        "count": 416
    },
    "11-11": {
        "mde": 0.04326923076923077,
        "count": 416
    },
    "11-2": {
        "mde": 0.056187820855381515,
        "count": 416
    },
    "11-3": {
        "mde": 0.031730769230769236,
        "count": 416
    },
    "11-4": {
        "mde": 0.001442307692307692,
        "count": 416
    },
    "11-5": {
        "mde": 0.001442307692307692,
        "count": 416
    },
    "11-6": {
        "mde": 0.05048076923076923,
        "count": 416
    },
    "11-7": {
        "mde": 0.020369863883102395,
        "count": 416
    },
    "11-8": {
        "mde": 0.051793917852233404,
        "count": 416
    },
    "11-9": {
        "mde": 0.11227559163996909,
        "count": 416
    },
    "2-1": {
        "mde": 0.004924346484191965,
        "count": 416
    },
    "2-11": {
        "mde": 0.03453500756249878,
        "count": 416
    },
    "3-1": {
        "mde": 0.028025632053611967,
        "count": 416
    },
    "3-11": {
        "mde": 0.025219155828228708,
        "count": 416
    },
    "4-1": {
        "mde": 0.010722084231072373,
        "count": 416
    },
    "4-11": {
        "mde": 0.06865317022025948,
        "count": 416
    },
    "5-1": {
        "mde": 0.07502820174413252,
        "count": 416
    },
    "5-11": {
        "mde": 0.030288461538461535,
        "count": 416
    },
    "6-1": {
        "mde": 0.02795937231798246,
        "count": 416
    },
    "6-10": {
        "mde": 0.021257839734677667,
        "count": 416
    },
    "6-11": {
        "mde": 0.051923076923076926,
        "count": 416
    },
    "6-2": {
        "mde": 0.0248386110699018,
        "count": 416
    },
    "6-3": {
        "mde": 0.09136265832547831,
        "count": 416
    },
    "6-4": {
        "mde": 0.04507862586778312,
        "count": 416
    },
    "6-5": {
        "mde": 0.12319774153878107,
        "count": 416
    },
    "6-6": {
        "mde": 0.09332687616833886,
        "count": 416
    },
    "6-7": {
        "mde": 0.14879859217289873,
        "count": 416
    },
    "6-8": {
        "mde": 0.023943985477815025,
        "count": 416
    },
    "6-9": {
        "mde": 0.05894852662167826,
        "count": 416
    },
    "7-1": {
        "mde": 0.11607583234303649,
        "count": 416
    },
    "7-11": {
        "mde": 0.10408489191432178,
        "count": 416
    },
    "8-1": {
        "mde": 0.019543014209802614,
        "count": 416
    },
    "8-11": {
        "mde": 0.021634615384615384,
        "count": 416
    },
    "9-1": {
        "mde": 0.01298076923076924,
        "count": 416
    },
    "9-11": {
        "mde": 0.02019230769230769,
        "count": 416
    }
}