{
    "1-1": {
        "mde": 0.14029850746268657,
        "count": 402
    },
    "1-10": {
        "mde": 0.04257460274425064,
        "count": 402
    },
    "1-11": {
        "mde": 0.24833606687632012,
        "count": 402
    },
    "1-2": {
        "mde": 0.03004901553529182,
        "count": 402
    },
    "1-3": {
        "mde": 0.03635183217255469,
        "count": 402
    },
    "1-4": {
        "mde": 0.3599282598351608,
        "count": 402
    },
    "1-5": {
        "mde": 0.14853708363816143,
        "count": 402
    },
    "1-6": {
        "mde": 0.005970149253731343,
        "count": 402
    },
    "1-7": {
        "mde": 0.09073200039256046,
        "count": 402
    },
    "1-8": {
        "mde": 0.15214370146547723,
        "count": 402
    },
    "1-9": {
        "mde": 0.09039000926860882,
        "count": 402
    },
    "10-1": {
        "mde": 0.07214977606622433,
        "count": 402
    },
    "10-11": {
        "mde": 0.12702679198590885,
        "count": 402
    },
    "11-1": {
        "mde": 0.1044776119402985,
        "count": 402
    },
    "11-10": {
        "mde": 0.1169644565383274,
        "count": 402
    },
    "11-11": {
        "mde": 0.16937937958317506,
        "count": 402
    },
    "11-2": {
        "mde": 0.06751494264450628,
        "count": 402
    },
    "11-3": {
        "mde": 0.007815026832089239,
        "count": 402
    },
    "11-4": {
        "mde": 0.022703138135713404,
        "count": 402
    },
    "11-5": {
        "mde": 0.016417910447761194,
        "count": 402
    },
    "11-6": {
        "mde": 0.011940298507462688,
        "count": 402
    },
    "11-7": {
        "mde": 0.06311735923315537,
        "count": 402
    },
    "11-8": {
        "mde": 0.025030342707864195,
        "count": 402
    },
    "11-9": {
        "mde": 0.09399388269810073,
        "count": 402
    },
    "2-1": {
        "mde": 0.022898000299570256,
        "count": 402
    },
    "2-11": {
        "mde": 0.005970149253731343,
        "count": 402
    },
    "3-1": {
        "mde": 0.03613597395660892,
        "count": 402
    },
    "3-11": {
        "mde": 0.04150353717759771,
        "count": 402
    },
    "4-1": {
        "mde": 0.05404309214564354,
        "count": 402
    },
    "4-11": {
        "mde": 0.05990056538767648,
        "count": 402
    },
    "5-1": {
        "mde": 0.041400945901053685,
        "count": 402
    },
    "5-11": {
        "mde": 0.2294318286198135,
        "count": 402
    },
    "6-1": {
        "mde": 0.1864199089605014,
        "count": 402
    },
    "6-10": {
        "mde": 0.10501986598382265,
        "count": 402
    },
    "6-11": {
        "mde": 0.046268656716417916,
        "count": 402
    },
    "6-2": {
        "mde": 0.04783704698532342,
        "count": 402
    },
    "6-3": {
        "mde": 0.04925373134328358,
        "count": 402
    },
    "6-4": {
        "mde": 0.22560556933696488,
        "count": 402
    },
    "6-5": {
        "mde": 0.11173903081074067,
        "count": 402
    },
    "6-6": {
        "mde": 0.05701199854803816,
        "count": 402
    },
    "6-7": {
        "mde": 0.23539711967624205,
        "count": 402
    },
    "6-8": {
        "mde": 0.22704144851184846,
        "count": 402
    },
    "6-9": {
        "mde": 0.13796110729774483,
        "count": 402
    },
    "7-1": {
        "mde": 0.5316967717593549,
        "count": 402
    },
    "7-11": {
        "mde": 0.08830675382178571,
        "count": 402
    },
    "8-1": {
        "mde": 0.08708282771020905,
        "count": 402
    },
    "8-11": {
        "mde": 0.0635827931737323,
        "count": 402
    },
    "9-1": {
        "mde": 0.13831344756266983,
        "count": 402
    },
    "9-11": {
        "mde": 0.3229181534112784,
        "count": 402
    }
}