{
    "1-1": {
        "mde": 0.019597989949748745,
        "count": 398
    },
    "1-10": {
        "mde": 0.010112870249999049,
        "count": 398
    },
    "1-11": {
        "mde": 0.149368821794587,
        "count": 398
    },
    "1-2": {
        "mde": 0.003015075376884422,
        "count": 398
    },
    "1-3": {
        "mde": 0.05535773875584105,
        "count": 398
    },
    "1-4": {
        "mde": 0.14181948630446922,
        "count": 398
    },
    "1-5": {
        "mde": 0.009045226130653266,
        "count": 398
    },
    "1-6": {
        "mde": 0.018090452261306532,
        "count": 398
    },
    "1-7": {
        "mde": 0.024757093118375813,
        "count": 398
    },
    "1-8": {
        "mde": 0.08453512799014747,
        "count": 398
    },
    "1-9": {
        "mde": 0.01838900355857121,
        "count": 398
    },
    "10-1": {
        "mde": 0.027491559765075054,
        "count": 398
    },
    "10-11": {
        "mde": 0.0015075376884422101,
        "count": 398
    },
    "11-1": {
        "mde": 0.06754710825356637,
        "count": 398
    },
    "11-10": {
        "mde": 0.011805455117857239,
        "count": 398
    },
    "11-11": {
        "mde": 0.007537688442211054,
        "count": 398
    },
    "11-2": {
        "mde": 0.09399281700654431,
        "count": 398
    },
    "11-3": {
        "mde": 0.03909797184813716,
        "count": 398
    },
    "11-4": {
        "mde": 0.03432713007176232,
        "count": 398
    },
    "11-5": {
        "mde": 0.0,
        "count": 398
    },
    "11-6": {
        "mde": 0.022613065326633167,
        "count": 398
    },
    "11-7": {
        "mde": 0.006030150753768843,
        "count": 398
    },
    "11-8": {
        "mde": 0.010552763819095479,
        "count": 398
    },
    "11-9": {
        "mde": 0.004522613065326634,
        "count": 398
    },
    "2-1": {
        "mde": 0.001507537688442211,
        "count": 398
    },
    "2-11": {
        "mde": 0.159679337750082,
        "count": 398
    },
    "3-1": {
        "mde": 0.0047672527540226824,
        "count": 398
    },
    "3-11": {
        "mde": 0.0416321923088678,
        "count": 398
    },
    "4-1": {
        "mde": 0.018207568689141057,
        "count": 398
    },
    "4-11": {
        "mde": 0.02420008312144486,
        "count": 398
    },
    "5-1": {
        "mde": 0.39043819470148217,
        "count": 398
    },
    "5-11": {
        "mde": 0.021105527638190957,
        "count": 398
    },
    "6-1": {
        "mde": 0.004522613065326633,
        "count": 398
    },
    "6-10": {
        "mde": 0.03391704585127378,
        "count": 398
    },
    "6-11": {
        "mde": 0.01507537688442211,
        "count": 398
    },
    "6-2": {
        "mde": 0.009855255057272496,
        "count": 398
    },
    "6-3": {
        "mde": 0.0,
        "count": 398
    },
    "6-4": {
        "mde": 0.050124341723829034,
        "count": 398
    },
    "6-5": {
        "mde": 0.019597989949748745,
        "count": 398
    },
    "6-6": {
        "mde": 0.0015075376884422112,
        "count": 398
    },
    "6-7": {
        "mde": 0.05726819754374662,
        "count": 398
    },
    "6-8": {
        "mde": 0.023525956696679385,
        "count": 398
    },
    "6-9": {
        "mde": 0.035929991447560906,
        "count": 398
    },
    "7-1": {
        "mde": 0.005147055621667983,
        "count": 398
    },
    "7-11": {
        "mde": 0.018563379646710693,
        "count": 398
    },
    "8-1": {
        "mde": 0.05718994989699498,
        "count": 398
    },
    "8-11": {
        "mde": 0.015988268254468325,
        "count": 398
    },
    "9-1": {
        "mde": 0.03692325000372459,
        "count": 398
    },
    "9-11": {
        "mde": 0.009045226130653266,
        "count": 398
    }
}