{
    "1-1": {
        "mde": 0.0208955223880597,
        "count": 402
    },
    "1-10": {
        "mde": 0.008955223880597015,
        "count": 402
    },
    "1-11": {
        "mde": 0.13880597014925375,
        "count": 402
    },
    "1-2": {
        "mde": 0.03119327602479353,
        "count": 402
    },
    "1-3": {
        "mde": 0.007206607648874911,
        "count": 402
    },
    "1-4": {
        "mde": 0.03194763932430995,
        "count": 402
    },
    "1-5": {
        "mde": 0.0029850746268656717,
        "count": 402
    },
    "1-6": {
        "mde": 0.011940298507462687,
        "count": 402
    },
    "1-7": {
        "mde": 0.03134328358208956,
        "count": 402
    },
    "1-8": {
        "mde": 0.00746268656716418,
        "count": 402
    },
    "1-9": {
        "mde": 0.020024489350744384,
        "count": 402
    },
    "10-1": {
        "mde": 0.08742057063571025,
        "count": 402
    },
    "10-11": {
        "mde": 0.017398289924615493,
        "count": 402
    },
    "11-1": {
        "mde": 0.04477611940298507,
        "count": 402
    },
    "11-10": {
        "mde": 0.12364008990563685,
        "count": 402
    },
    "11-11": {
        "mde": 0.017910447761194027,
        "count": 402
    },
    "11-2": {
        "mde": 0.05470796149467231,
        "count": 402
    },
    "11-3": {
        "mde": 0.022388059701492536,
        "count": 402
    },
    "11-4": {
        "mde": 0.05768523976219929,
        "count": 402
    },
    "11-5": {
        "mde": 0.03149107390088475,
        "count": 402
    },
    "11-6": {
        "mde": 0.109531751030297,
        "count": 402
    },
    "11-7": {
        "mde": 0.04328358208955224,
        "count": 402
    },
    "11-8": {
        "mde": 0.008955223880597015,
        "count": 402
    },
    "11-9": {
        "mde": 0.09618975226523374,
        "count": 402
    },
    "2-1": {
        "mde": 0.03874816049759957,
        "count": 402
    },
    "2-11": {
        "mde": 0.03203234304584295,
        "count": 402
    },
    "3-1": {
        "mde": 0.021981973225907246,
        "count": 402
    },
    "3-11": {
        "mde": 0.017969447277125624,
        "count": 402
    },
    "4-1": {
        "mde": 0.04165666352143779,
        "count": 402
    },
    "4-11": {
        "mde": 0.014842196880595758,
        "count": 402
    },
    "5-1": {
        "mde": 0.055385000941132766,
        "count": 402
    },
    "5-11": {
        "mde": 0.057254745932832675,
        "count": 402
    },
    "6-1": {
        "mde": 0.10328065526445608,
        "count": 402
    },
    "6-10": {
        "mde": 0.030130747355020353,
        "count": 402
    },
    "6-11": {
        "mde": 0.03283582089552239,
        "count": 402
    },
    "6-2": {
        "mde": 0.03065975054875476,
        "count": 402
    },
    "6-3": {
        "mde": 0.012588027463000266,
        "count": 402
    },
    "6-4": {
        "mde": 0.03642525126460845,
        "count": 402
    },
    "6-5": {
        "mde": 0.05166496735535567,
        "count": 402
    },
    "6-6": {
        "mde": 0.04624825085336257,
        "count": 402
    },
    "6-7": {
        "mde": 0.09995606380369723,
        "count": 402
    },
    "6-8": {
        "mde": 0.26790735388348685,
        "count": 402
    },
    "6-9": {
        "mde": 0.07536497605049099,
        "count": 402
    },
    "7-1": {
        "mde": 0.06977232535252481,
        "count": 402
    },
    "7-11": {
        "mde": 0.020895522388059702,
        "count": 402
    },
    "8-1": {
        "mde": 0.10043483031334707,
        "count": 402
    },
    "8-11": {
        "mde": 0.04135552825746173,
        "count": 402
    },
    "9-1": {
        "mde": 0.053475264365292825,
        "count": 402
    },
    "9-11": {
        "mde": 0.12089552238805967,
        "count": 402
    }
}