{
    "1-1": {
        "mde": 0.019726027397260273,
        "count": 365
    },
    "1-10": {
        "mde": 0.05406335970410682,
        "count": 365
    },
    "1-11": {
        "mde": 0.15111094362028357,
        "count": 365
    },
    "1-2": {
        "mde": 0.021369863013698632,
        "count": 365
    },
    "1-3": {
        "mde": 0.019726027397260273,
        "count": 365
    },
    "1-4": {
        "mde": 0.01759655472173716,
        "count": 365
    },
    "1-5": {
        "mde": 0.031395648515494985,
        "count": 365
    },
    "1-6": {
        "mde": 0.023013698630136994,
        "count": 365
    },
    "1-7": {
        "mde": 0.00821917808219178,
        "count": 365
    },
    "1-8": {
        "mde": 0.07979128640202351,
        "count": 365
    },
    "1-9": {
        "mde": 0.016826413113698285,
        "count": 365
    },
    "10-1": {
        "mde": 0.026964039842355368,
        "count": 365
    },
    "10-11": {
        "mde": 0.06094461102901069,
        "count": 365
    },
    "11-1": {
        "mde": 0.034520547945205475,
        "count": 365
    },
    "11-10": {
        "mde": 0.0016438356164383552,
        "count": 365
    },
    "11-11": {
        "mde": 0.006575342465753423,
        "count": 365
    },
    "11-2": {
        "mde": 0.01200092561054099,
        "count": 365
    },
    "11-3": {
        "mde": 0.0707346505615441,
        "count": 365
    },
    "11-4": {
        "mde": 0.043735152781584644,
        "count": 365
    },
    "11-5": {
        "mde": 0.034520547945205475,
        "count": 365
    },
    "11-6": {
        "mde": 0.004931506849315069,
        "count": 365
    },
    "11-7": {
        "mde": 0.006575342465753426,
        "count": 365
    },
    "11-8": {
        "mde": 0.003287671232876713,
        "count": 365
    },
    "11-9": {
        "mde": 0.009863013698630145,
        "count": 365
    },
    "2-1": {
        "mde": 0.027583495685112397,
        "count": 365
    },
    "2-11": {
        "mde": 0.01197597252457979,
        "count": 365
    },
    "3-1": {
        "mde": 0.011853867207004895,
        "count": 365
    },
    "3-11": {
        "mde": 0.10090514792565833,
        "count": 365
    },
    "4-1": {
        "mde": 0.010858440452817517,
        "count": 365
    },
    "4-11": {
        "mde": 0.025073605988828945,
        "count": 365
    },
    "5-1": {
        "mde": 0.024525693535814796,
        "count": 365
    },
    "5-11": {
        "mde": 0.03830229547355469,
        "count": 365
    },
    "6-1": {
        "mde": 0.05917808219178083,
        "count": 365
    },
    "6-10": {
        "mde": 0.019257167082935116,
        "count": 365
    },
    "6-11": {
        "mde": 0.048759293900861256,
        "count": 365
    },
    "6-2": {
        "mde": 0.018188211126979693,
        "count": 365
    },
    "6-3": {
        "mde": 0.026979826869990484,
        "count": 365
    },
    "6-4": {
        "mde": 0.04014154562456306,
        "count": 365
    },
    "6-5": {
        "mde": 0.024859899658549577,
        "count": 365
    },
    "6-6": {
        "mde": 0.01331345673467307,
        "count": 365
    },
    "6-7": {
        "mde": 0.057806342565364016,
        "count": 365
    },
    "6-8": {
        "mde": 0.07369471544358132,
        "count": 365
    },
    "6-9": {
        "mde": 0.055040052774134374,
        "count": 365
    },
    "7-1": {
        "mde": 0.04663253647009944,
        "count": 365
    },
    "7-11": {
        "mde": 0.032689889617598916,
        "count": 365
    },
    "8-1": {
        "mde": 0.01999278519479733,
        "count": 365
    },
    "8-11": {
        "mde": 0.010251070647944859,
        "count": 365
    },
    "9-1": {
        "mde": 0.042951764719712814,
        "count": 365
    },
    "9-11": {
        "mde": 0.03954086956925126,
        "count": 365
    }
}