{
    "1-1": {
        "mde": 0.012980769230769231,
        "count": 416
    },
    "1-10": {
        "mde": 0.03082113011084564,
        "count": 416
    },
    "1-11": {
        "mde": 0.056805526164136304,
        "count": 416
    },
    "1-2": {
        "mde": 0.03224174546366163,
        "count": 416
    },
    "1-3": {
        "mde": 0.020192307692307693,
        "count": 416
    },
    "1-4": {
        "mde": 0.01898405431755055,
        "count": 416
    },
    "1-5": {
        "mde": 0.007211538461538463,
        "count": 416
    },
    "1-6": {
        "mde": 0.049181278144604976,
        "count": 416
    },
    "1-7": {
        "mde": 0.12505159189438114,
        "count": 416
    },
    "1-8": {
        "mde": 0.04841163735230947,
        "count": 416
    },
    "1-9": {
        "mde": 0.021889480880850513,
        "count": 416
    },
    "10-1": {
        "mde": 0.006366654176499653,
        "count": 416
    },
    "10-11": {
        "mde": 0.006119193298729735,
        "count": 416
    },
    "11-1": {
        "mde": 0.20192307692307693,
        "count": 416
    },
    "11-10": {
        "mde": 0.01044611637565281,
        "count": 416
    },
    "11-11": {
        "mde": 0.036057692307692304,
        "count": 416
    },
    "11-2": {
        "mde": 0.029035838905660194,
        "count": 416
    },
    "11-3": {
        "mde": 0.03605769230769231,
        "count": 416
    },
    "11-4": {
        "mde": 0.005769230769230768,
        "count": 416
    },
    "11-5": {
        "mde": 0.002884615384615384,
        "count": 416
    },
    "11-6": {
        "mde": 0.01153846153846154,
        "count": 416
    },
    "11-7": {
        "mde": 0.043269230769230754,
        "count": 416
    },
    "11-8": {
        "mde": 0.008653846153846154,
        "count": 416
    },
    "11-9": {
        "mde": 0.03749999999999999,
        "count": 416
    },
    "2-1": {
        "mde": 0.041020038509848034,
        "count": 416
    },
    "2-11": {
        "mde": 0.010670690823559857,
        "count": 416
    },
    "3-1": {
        "mde": 0.04227026498081144,
        "count": 416
    },
    "3-11": {
        "mde": 0.006964077583768545,
        "count": 416
    },
    "4-1": {
        "mde": 0.021913680730872024,
        "count": 416
    },
    "4-11": {
        "mde": 0.038999321647606985,
        "count": 416
    },
    "5-1": {
        "mde": 0.040400424973371325,
        "count": 416
    },
    "5-11": {
        "mde": 0.020369863883102392,
        "count": 416
    },
    "6-1": {
        "mde": 0.020192307692307697,
        "count": 416
    },
    "6-10": {
        "mde": 0.03706404493011716,
        "count": 416
    },
    "6-11": {
        "mde": 0.039085124298451124,
        "count": 416
    },
    "6-2": {
        "mde": 0.030143502312420672,
        "count": 416
    },
    "6-3": {
        "mde": 0.05821251890624697,
        "count": 416
    },
    "6-4": {
        "mde": 0.02307692307692308,
        "count": 416
    },
    "6-5": {
        "mde": 0.03948695128934705,
        "count": 416
    },
    "6-6": {
        "mde": 0.0506163734843572,
        "count": 416
    },
    "6-7": {
        "mde": 0.03487549022235426,
        "count": 416
    },
    "6-8": {
        "mde": 0.0220630652030457,
        "count": 416
    },
    "6-9": {
        "mde": 0.07033602139924792,
        "count": 416
    },
    "7-1": {
        "mde": 0.17541755809706722,
        "count": 416
    },
    "7-11": {
        "mde": 0.025961538461538463,
        "count": 416
    },
    "8-1": {
        "mde": 0.005769230769230768,
        "count": 416
    },
    "8-11": {
        "mde": 0.026302021121393928,
        "count": 416
    },
    "9-1": {
        "mde": 0.016125490222354252,
        "count": 416
    },
    "9-11": {
        "mde": 0.014423076923076919,
        "count": 416
    }
}