{
    "1-1": {
        "mde": 0.15701910029092886,
        "count": 386
    },
    "1-10": {
        "mde": 0.024049952261657386,
        "count": 386
    },
    "1-11": {
        "mde": 0.006217616580310881,
        "count": 386
    },
    "1-2": {
        "mde": 0.02642487046632124,
        "count": 386
    },
    "1-3": {
        "mde": 0.07279030123017542,
        "count": 386
    },
    "1-4": {
        "mde": 0.038062434684723014,
        "count": 386
    },
    "1-5": {
        "mde": 0.02813319095377117,
        "count": 386
    },
    "1-6": {
        "mde": 0.009326424870466322,
        "count": 386
    },
    "1-7": {
        "mde": 0.021761658031088083,
        "count": 386
    },
    "1-8": {
        "mde": 0.010880829015544042,
        "count": 386
    },
    "1-9": {
        "mde": 0.03324118881938005,
        "count": 386
    },
    "10-1": {
        "mde": 0.01940958494379037,
        "count": 386
    },
    "10-11": {
        "mde": 0.022167819441079522,
        "count": 386
    },
    "11-1": {
        "mde": 0.1243523316062176,
        "count": 386
    },
    "11-10": {
        "mde": 0.015544041450777202,
        "count": 386
    },
    "11-11": {
        "mde": 0.00932642487046632,
        "count": 386
    },
    "11-2": {
        "mde": 0.0,
        "count": 386
    },
    "11-3": {
        "mde": 0.023316062176165803,
        "count": 386
    },
    "11-4": {
        "mde": 0.03016308551391865,
        "count": 386
    },
    "11-5": {
        "mde": 0.023316062176165803,
        "count": 386
    },
    "11-6": {
        "mde": 0.004663212435233161,
        "count": 386
    },
    "11-7": {
        "mde": 0.020207253886010367,
        "count": 386
    },
    "11-8": {
        "mde": 0.0031088082901554407,
        "count": 386
    },
    "11-9": {
        "mde": 0.01390301333160491,
        "count": 386
    },
    "2-1": {
        "mde": 0.11918698956011736,
        "count": 386
    },
    "2-11": {
        "mde": 0.028713164696890534,
        "count": 386
    },
    "3-1": {
        "mde": 0.014743960685344929,
        "count": 386
    },
    "3-11": {
        "mde": 0.07948165800793285,
        "count": 386
    },
    "4-1": {
        "mde": 0.00155440414507772,
        "count": 386
    },
    "4-11": {
        "mde": 0.04996042872548507,
        "count": 386
    },
    "5-1": {
        "mde": 0.016594058139068796,
        "count": 386
    },
    "5-11": {
        "mde": 0.07867421250138379,
        "count": 386
    },
    "6-1": {
        "mde": 0.06352532994421742,
        "count": 386
    },
    "6-10": {
        "mde": 0.02433027333030859,
        "count": 386
    },
    "6-11": {
        "mde": 0.0363499971095355,
        "count": 386
    },
    "6-2": {
        "mde": 0.018476190959646643,
        "count": 386
    },
    "6-3": {
        "mde": 0.0015544041450777204,
        "count": 386
    },
    "6-4": {
        "mde": 0.05872657703320164,
        "count": 386
    },
    "6-5": {
        "mde": 0.00906365579509632,
        "count": 386
    },
    "6-6": {
        "mde": 0.09228729463039498,
        "count": 386
    },
    "6-7": {
        "mde": 0.600150938264406,
        "count": 386
    },
    "6-8": {
        "mde": 0.0639750337809013,
        "count": 386
    },
    "6-9": {
        "mde": 0.13383801482491386,
        "count": 386
    },
    "7-1": {
        "mde": 0.03279640338900433,
        "count": 386
    },
    "7-11": {
        "mde": 0.015277347862299779,
        "count": 386
    },
    "8-1": {
        "mde": 0.02702357223906918,
        "count": 386
    },
    "8-11": {
        "mde": 0.08001871813153226,
        "count": 386
    },
    "9-1": {
        "mde": 0.09229396712152606,
        "count": 386
    },
    "9-11": {
        "mde": 0.026424870466321256,
        "count": 386
    }
}