{
    "1-1": {
        "mde": 0.014423076923076924,
        "count": 416
    },
    "1-10": {
        "mde": 0.03173076923076922,
        "count": 416
    },
    "1-11": {
        "mde": 0.06168797540519569,
        "count": 416
    },
    "1-2": {
        "mde": 0.017143773342364436,
        "count": 416
    },
    "1-3": {
        "mde": 0.03693108357038076,
        "count": 416
    },
    "1-4": {
        "mde": 0.12980769230769232,
        "count": 416
    },
    "1-5": {
        "mde": 0.057692307692307696,
        "count": 416
    },
    "1-6": {
        "mde": 0.053365384615384606,
        "count": 416
    },
    "1-7": {
        "mde": 0.249632773760458,
        "count": 416
    },
    "1-8": {
        "mde": 0.053363081713577544,
        "count": 416
    },
    "1-9": {
        "mde": 0.023757888396634008,
        "count": 416
    },
    "10-1": {
        "mde": 0.02460832586074044,
        "count": 416
    },
    "10-11": {
        "mde": 0.30976822116972696,
        "count": 416
    },
    "11-1": {
        "mde": 0.09972423407268886,
        "count": 416
    },
    "11-10": {
        "mde": 0.022585642816718494,
        "count": 416
    },
    "11-11": {
        "mde": 0.10096153846153846,
        "count": 416
    },
    "11-2": {
        "mde": 0.0405382926492801,
        "count": 416
    },
    "11-3": {
        "mde": 0.04158310369448841,
        "count": 416
    },
    "11-4": {
        "mde": 0.005769230769230768,
        "count": 416
    },
    "11-5": {
        "mde": 0.007211538461538462,
        "count": 416
    },
    "11-6": {
        "mde": 0.02307692307692308,
        "count": 416
    },
    "11-7": {
        "mde": 0.5070991076130397,
        "count": 416
    },
    "11-8": {
        "mde": 0.16931332571872915,
        "count": 416
    },
    "11-9": {
        "mde": 0.04596340711170174,
        "count": 416
    },
    "2-1": {
        "mde": 0.048360734116191066,
        "count": 416
    },
    "2-11": {
        "mde": 0.005769230769230769,
        "count": 416
    },
    "3-1": {
        "mde": 0.011384022442777168,
        "count": 416
    },
    "3-11": {
        "mde": 0.011538461538461537,
        "count": 416
    },
    "4-1": {
        "mde": 0.021839618688073485,
        "count": 416
    },
    "4-11": {
        "mde": 0.06552977653876467,
        "count": 416
    },
    "5-1": {
        "mde": 0.03599194497654042,
        "count": 416
    },
    "5-11": {
        "mde": 0.062019230769230764,
        "count": 416
    },
    "6-1": {
        "mde": 0.04972239237879567,
        "count": 416
    },
    "6-10": {
        "mde": 0.03685651853776476,
        "count": 416
    },
    "6-11": {
        "mde": 0.14278846153846153,
        "count": 416
    },
    "6-2": {
        "mde": 0.010238970452297286,
        "count": 416
    },
    "6-3": {
        "mde": 0.05700048926677167,
        "count": 416
    },
    "6-4": {
        "mde": 0.02451923076923077,
        "count": 416
    },
    "6-5": {
        "mde": 0.05783512429845114,
        "count": 416
    },
    "6-6": {
        "mde": 0.029427583034758915,
        "count": 416
    },
    "6-7": {
        "mde": 0.010777119165864778,
        "count": 416
    },
    "6-8": {
        "mde": 0.08617626426314887,
        "count": 416
    },
    "6-9": {
        "mde": 0.13088077657189381,
        "count": 416
    },
    "7-1": {
        "mde": 0.34423177360567087,
        "count": 416
    },
    "7-11": {
        "mde": 0.2310248648842739,
        "count": 416
    },
    "8-1": {
        "mde": 0.026359035076693203,
        "count": 416
    },
    "8-11": {
        "mde": 0.07913684712890008,
        "count": 416
    },
    "9-1": {
        "mde": 0.03335280547716073,
        "count": 416
    },
    "9-11": {
        "mde": 0.1841467849283244,
        "count": 416
    }
}