{
    "1-1": {
        "mde": 0.052602739726027394,
        "count": 365
    },
    "1-10": {
        "mde": 0.11078844829205521,
        "count": 365
    },
    "1-11": {
        "mde": 0.6945873850332132,
        "count": 365
    },
    "1-2": {
        "mde": 0.04787246711485884,
        "count": 365
    },
    "1-3": {
        "mde": 0.016826413113698285,
        "count": 365
    },
    "1-4": {
        "mde": 0.02329766676644389,
        "count": 365
    },
    "1-5": {
        "mde": 0.07795431745482617,
        "count": 365
    },
    "1-6": {
        "mde": 0.05905614909973566,
        "count": 365
    },
    "1-7": {
        "mde": 0.08397166443336694,
        "count": 365
    },
    "1-8": {
        "mde": 0.1159547767024844,
        "count": 365
    },
    "1-9": {
        "mde": 0.06498596139990927,
        "count": 365
    },
    "10-1": {
        "mde": 0.017119255171024268,
        "count": 365
    },
    "10-11": {
        "mde": 0.03278510450958766,
        "count": 365
    },
    "11-1": {
        "mde": 0.0789041095890411,
        "count": 365
    },
    "11-10": {
        "mde": 0.11769278229483957,
        "count": 365
    },
    "11-11": {
        "mde": 0.3501369863013698,
        "count": 365
    },
    "11-2": {
        "mde": 0.07368777209212031,
        "count": 365
    },
    "11-3": {
        "mde": 0.02108782541054168,
        "count": 365
    },
    "11-4": {
        "mde": 0.07005332565347493,
        "count": 365
    },
    "11-5": {
        "mde": 0.009863013698630137,
        "count": 365
    },
    "11-6": {
        "mde": 0.039777598400852994,
        "count": 365
    },
    "11-7": {
        "mde": 0.04273972602739727,
        "count": 365
    },
    "11-8": {
        "mde": 0.03815869057906261,
        "count": 365
    },
    "11-9": {
        "mde": 0.10979099570889107,
        "count": 365
    },
    "2-1": {
        "mde": 0.1994905819803184,
        "count": 365
    },
    "2-11": {
        "mde": 0.036964656954255014,
        "count": 365
    },
    "3-1": {
        "mde": 0.06540860228915445,
        "count": 365
    },
    "3-11": {
        "mde": 0.02630777574761451,
        "count": 365
    },
    "4-1": {
        "mde": 0.05499606171069519,
        "count": 365
    },
    "4-11": {
        "mde": 0.03963353387559632,
        "count": 365
    },
    "5-1": {
        "mde": 0.03874646559710479,
        "count": 365
    },
    "5-11": {
        "mde": 0.05320983596195011,
        "count": 365
    },
    "6-1": {
        "mde": 0.13479452054794522,
        "count": 365
    },
    "6-10": {
        "mde": 0.04619104595008619,
        "count": 365
    },
    "6-11": {
        "mde": 0.08383561643835617,
        "count": 365
    },
    "6-2": {
        "mde": 0.05440934714563197,
        "count": 365
    },
    "6-3": {
        "mde": 0.05979596858586247,
        "count": 365
    },
    "6-4": {
        "mde": 0.07505513090745368,
        "count": 365
    },
    "6-5": {
        "mde": 0.047579625057532854,
        "count": 365
    },
    "6-6": {
        "mde": 0.16795082848020534,
        "count": 365
    },
    "6-7": {
        "mde": 0.014794520547945207,
        "count": 365
    },
    "6-8": {
        "mde": 0.11938817341521171,
        "count": 365
    },
    "6-9": {
        "mde": 0.20837996184909002,
        "count": 365
    },
    "7-1": {
        "mde": 0.03352779954143201,
        "count": 365
    },
    "7-11": {
        "mde": 0.13738634170627284,
        "count": 365
    },
    "8-1": {
        "mde": 0.1419403498719561,
        "count": 365
    },
    "8-11": {
        "mde": 0.03659101153191861,
        "count": 365
    },
    "9-1": {
        "mde": 0.07210669118684825,
        "count": 365
    },
    "9-11": {
        "mde": 0.3438284016331535,
        "count": 365
    }
}