{
    "1-1": {
        "mde": 0.17938309466958471,
        "count": 386
    },
    "1-10": {
        "mde": 0.01372294371722206,
        "count": 386
    },
    "1-11": {
        "mde": 0.0015544041450777193,
        "count": 386
    },
    "1-2": {
        "mde": 0.00997028014876647,
        "count": 386
    },
    "1-3": {
        "mde": 0.01709844559585492,
        "count": 386
    },
    "1-4": {
        "mde": 0.039112348694562246,
        "count": 386
    },
    "1-5": {
        "mde": 0.042440032927220026,
        "count": 386
    },
    "1-6": {
        "mde": 0.006217616580310881,
        "count": 386
    },
    "1-7": {
        "mde": 0.039612721742063144,
        "count": 386
    },
    "1-8": {
        "mde": 0.027979274611398965,
        "count": 386
    },
    "1-9": {
        "mde": 0.03264248704663211,
        "count": 386
    },
    "10-1": {
        "mde": 0.0455213211696156,
        "count": 386
    },
    "10-11": {
        "mde": 0.015544041450777202,
        "count": 386
    },
    "11-1": {
        "mde": 0.13755714647870038,
        "count": 386
    },
    "11-10": {
        "mde": 0.0,
        "count": 386
    },
    "11-11": {
        "mde": 0.0,
        "count": 386
    },
    "11-2": {
        "mde": 0.004915457502852403,
        "count": 386
    },
    "11-3": {
        "mde": 0.10386008366796681,
        "count": 386
    },
    "11-4": {
        "mde": 0.08011532948466267,
        "count": 386
    },
    "11-5": {
        "mde": 0.03730569948186529,
        "count": 386
    },
    "11-6": {
        "mde": 0.007772020725388601,
        "count": 386
    },
    "11-7": {
        "mde": 0.01243523316062176,
        "count": 386
    },
    "11-8": {
        "mde": 0.0,
        "count": 386
    },
    "11-9": {
        "mde": 0.024648654034405314,
        "count": 386
    },
    "2-1": {
        "mde": 0.047921425691459796,
        "count": 386
    },
    "2-11": {
        "mde": 0.021761658031088083,
        "count": 386
    },
    "3-1": {
        "mde": 0.020141063206069662,
        "count": 386
    },
    "3-11": {
        "mde": 0.04573399756765175,
        "count": 386
    },
    "4-1": {
        "mde": 0.0,
        "count": 386
    },
    "4-11": {
        "mde": 0.042297050597297374,
        "count": 386
    },
    "5-1": {
        "mde": 0.016425693275838413,
        "count": 386
    },
    "5-11": {
        "mde": 0.04350886754131799,
        "count": 386
    },
    "6-1": {
        "mde": 0.05264450092867338,
        "count": 386
    },
    "6-10": {
        "mde": 0.022408924142485083,
        "count": 386
    },
    "6-11": {
        "mde": 0.03264248704663212,
        "count": 386
    },
    "6-2": {
        "mde": 0.005307067713533309,
        "count": 386
    },
    "6-3": {
        "mde": 0.011555406839704942,
        "count": 386
    },
    "6-4": {
        "mde": 0.03482629794915181,
        "count": 386
    },
    "6-5": {
        "mde": 0.06878191293177574,
        "count": 386
    },
    "6-6": {
        "mde": 0.11184301023619211,
        "count": 386
    },
    "6-7": {
        "mde": 0.6750541062059618,
        "count": 386
    },
    "6-8": {
        "mde": 0.08030509276164895,
        "count": 386
    },
    "6-9": {
        "mde": 0.18739686676733344,
        "count": 386
    },
    "7-1": {
        "mde": 0.007925937067760805,
        "count": 386
    },
    "7-11": {
        "mde": 0.020851109164310513,
        "count": 386
    },
    "8-1": {
        "mde": 0.020207253886010364,
        "count": 386
    },
    "8-11": {
        "mde": 0.11813471502590676,
        "count": 386
    },
    "9-1": {
        "mde": 0.049499083218205064,
        "count": 386
    },
    "9-11": {
        "mde": 0.01408988875996785,
        "count": 386
    }
}