{
    "1-1": {
        "mde": 0.4742424242424242,
        "count": 396
    },
    "1-10": {
        "mde": 0.11298594531023431,
        "count": 396
    },
    "1-11": {
        "mde": 2.3033403795970986,
        "count": 396
    },
    "1-2": {
        "mde": 0.8488758575267059,
        "count": 396
    },
    "1-3": {
        "mde": 0.6075757575757574,
        "count": 396
    },
    "1-4": {
        "mde": 0.0994023504173697,
        "count": 396
    },
    "1-5": {
        "mde": 0.9089838698492174,
        "count": 396
    },
    "1-6": {
        "mde": 1.5314417707244568,
        "count": 396
    },
    "1-7": {
        "mde": 0.07264283622727145,
        "count": 396
    },
    "1-8": {
        "mde": 1.1456964997493666,
        "count": 396
    },
    "1-9": {
        "mde": 1.0463547228508434,
        "count": 396
    },
    "10-1": {
        "mde": 1.6219364199264676,
        "count": 396
    },
    "10-11": {
        "mde": 1.6942327007770435,
        "count": 396
    },
    "11-1": {
        "mde": 2.2876226543861287,
        "count": 396
    },
    "11-10": {
        "mde": 0.168809414488444,
        "count": 396
    },
    "11-11": {
        "mde": 1.1787878787878787,
        "count": 396
    },
    "11-2": {
        "mde": 1.7306820950954664,
        "count": 396
    },
    "11-3": {
        "mde": 2.145575617247809,
        "count": 396
    },
    "11-4": {
        "mde": 0.17424242424242425,
        "count": 396
    },
    "11-5": {
        "mde": 0.5651515151515152,
        "count": 396
    },
    "11-6": {
        "mde": 1.768181818181819,
        "count": 396
    },
    "11-7": {
        "mde": 0.26574592015133797,
        "count": 396
    },
    "11-8": {
        "mde": 0.6065523565459644,
        "count": 396
    },
    "11-9": {
        "mde": 0.2006107942991407,
        "count": 396
    },
    "2-1": {
        "mde": 0.1455707400167663,
        "count": 396
    },
    "2-11": {
        "mde": 2.0005850255337436,
        "count": 396
    },
    "3-1": {
        "mde": 0.021485363465907497,
        "count": 396
    },
    "3-11": {
        "mde": 1.7472039639268553,
        "count": 396
    },
    "4-1": {
        "mde": 1.2657714832591498,
        "count": 396
    },
    "4-11": {
        "mde": 1.3337604063183488,
        "count": 396
    },
    "5-1": {
        "mde": 0.5957953989378021,
        "count": 396
    },
    "5-11": {
        "mde": 1.1172098264732913,
        "count": 396
    },
    "6-1": {
        "mde": 0.5522564347638232,
        "count": 396
    },
    "6-10": {
        "mde": 0.8535174233752353,
        "count": 396
    },
    "6-11": {
        "mde": 0.9166666666666664,
        "count": 396
    },
    "6-2": {
        "mde": 0.41054350976348497,
        "count": 396
    },
    "6-3": {
        "mde": 1.3805009268264816,
        "count": 396
    },
    "6-4": {
        "mde": 1.45840521585955,
        "count": 396
    },
    "6-5": {
        "mde": 0.67141368721817,
        "count": 396
    },
    "6-6": {
        "mde": 2.2257041852957355,
        "count": 396
    },
    "6-7": {
        "mde": 3.7008428616173026,
        "count": 396
    },
    "6-8": {
        "mde": 3.1533569568907156,
        "count": 396
    },
    "6-9": {
        "mde": 1.5361137982698394,
        "count": 396
    },
    "7-1": {
        "mde": 0.3729481484440854,
        "count": 396
    },
    "7-11": {
        "mde": 1.209592500183625,
        "count": 396
    },
    "8-1": {
        "mde": 0.8045454545454546,
        "count": 396
    },
    "8-11": {
        "mde": 0.23204579310122952,
        "count": 396
    },
    "9-1": {
        "mde": 0.6054629564779762,
        "count": 396
    },
    "9-11": {
        "mde": 0.15731497561685773,
        "count": 396
    }
}