{
    "1-1": {
        "mde": 0.4859250438329353,
        "count": 345
    },
    "1-10": {
        "mde": 2.168004506203954,
        "count": 345
    },
    "1-11": {
        "mde": 2.420770839692265,
        "count": 345
    },
    "1-2": {
        "mde": 2.1882140225567985,
        "count": 345
    },
    "1-3": {
        "mde": 0.698178234266453,
        "count": 345
    },
    "1-4": {
        "mde": 2.75947710989356,
        "count": 345
    },
    "1-5": {
        "mde": 2.850648355688852,
        "count": 345
    },
    "1-6": {
        "mde": 2.1576684904832306,
        "count": 345
    },
    "1-7": {
        "mde": 1.557239767519579,
        "count": 345
    },
    "1-8": {
        "mde": 2.584430723899305,
        "count": 345
    },
    "1-9": {
        "mde": 4.763360236345159,
        "count": 345
    },
    "10-1": {
        "mde": 0.3160051056462672,
        "count": 345
    },
    "10-11": {
        "mde": 3.4740311013855956,
        "count": 345
    },
    "11-1": {
        "mde": 0.728695652173913,
        "count": 345
    },
    "11-10": {
        "mde": 0.4193020322948636,
        "count": 345
    },
    "11-11": {
        "mde": 2.151892077663528,
        "count": 345
    },
    "11-2": {
        "mde": 1.7292180563905994,
        "count": 345
    },
    "11-3": {
        "mde": 0.8971689853583161,
        "count": 345
    },
    "11-4": {
        "mde": 1.6260869565217395,
        "count": 345
    },
    "11-5": {
        "mde": 1.5721739130434784,
        "count": 345
    },
    "11-6": {
        "mde": 1.3733846150433764,
        "count": 345
    },
    "11-7": {
        "mde": 0.8643478260869565,
        "count": 345
    },
    "11-8": {
        "mde": 3.7962728239894172,
        "count": 345
    },
    "11-9": {
        "mde": 1.2814221257587053,
        "count": 345
    },
    "2-1": {
        "mde": 4.1428062061356625,
        "count": 345
    },
    "2-11": {
        "mde": 2.4822896645756987,
        "count": 345
    },
    "3-1": {
        "mde": 0.6693870521604504,
        "count": 345
    },
    "3-11": {
        "mde": 1.4481375747752323,
        "count": 345
    },
    "4-1": {
        "mde": 1.3483888351156734,
        "count": 345
    },
    "4-11": {
        "mde": 1.7234156525862874,
        "count": 345
    },
    "5-1": {
        "mde": 2.539662362968367,
        "count": 345
    },
    "5-11": {
        "mde": 2.0506313216750978,
        "count": 345
    },
    "6-1": {
        "mde": 4.162232592325894,
        "count": 345
    },
    "6-10": {
        "mde": 0.6259506265463494,
        "count": 345
    },
    "6-11": {
        "mde": 2.3718453648321285,
        "count": 345
    },
    "6-2": {
        "mde": 0.8902041556595613,
        "count": 345
    },
    "6-3": {
        "mde": 1.7450066052923,
        "count": 345
    },
    "6-4": {
        "mde": 2.544430542992101,
        "count": 345
    },
    "6-5": {
        "mde": 2.5011743650989877,
        "count": 345
    },
    "6-6": {
        "mde": 3.988624899585962,
        "count": 345
    },
    "6-7": {
        "mde": 2.5339808856015704,
        "count": 345
    },
    "6-8": {
        "mde": 2.312518025442748,
        "count": 345
    },
    "6-9": {
        "mde": 2.2323164996223728,
        "count": 345
    },
    "7-1": {
        "mde": 3.0107356090129094,
        "count": 345
    },
    "7-11": {
        "mde": 0.6912210076646106,
        "count": 345
    },
    "8-1": {
        "mde": 0.06558678285535442,
        "count": 345
    },
    "8-11": {
        "mde": 1.158399141896656,
        "count": 345
    },
    "9-1": {
        "mde": 3.4350048291467057,
        "count": 345
    },
    "9-11": {
        "mde": 1.2219162770381344,
        "count": 345
    }
}