{
    "1-1": {
        "mde": 0.7112872958885702,
        "count": 345
    },
    "1-10": {
        "mde": 0.9118117632460652,
        "count": 345
    },
    "1-11": {
        "mde": 1.2237722438956522,
        "count": 345
    },
    "1-2": {
        "mde": 1.2534866979762709,
        "count": 345
    },
    "1-3": {
        "mde": 0.5468543804002631,
        "count": 345
    },
    "1-4": {
        "mde": 3.0683040328285194,
        "count": 345
    },
    "1-5": {
        "mde": 0.10868712620515465,
        "count": 345
    },
    "1-6": {
        "mde": 3.2706504306282254,
        "count": 345
    },
    "1-7": {
        "mde": 1.7900635381289294,
        "count": 345
    },
    "1-8": {
        "mde": 2.232877509618991,
        "count": 345
    },
    "1-9": {
        "mde": 0.03512702439510533,
        "count": 345
    },
    "10-1": {
        "mde": 0.1957625704260742,
        "count": 345
    },
    "10-11": {
        "mde": 3.5951041834051525,
        "count": 345
    },
    "11-1": {
        "mde": 0.7495652173913044,
        "count": 345
    },
    "11-10": {
        "mde": 0.20051413937562954,
        "count": 345
    },
    "11-11": {
        "mde": 0.8679145584549971,
        "count": 345
    },
    "11-2": {
        "mde": 0.8750675483545012,
        "count": 345
    },
    "11-3": {
        "mde": 1.2957142583632042,
        "count": 345
    },
    "11-4": {
        "mde": 1.430976327479725,
        "count": 345
    },
    "11-5": {
        "mde": 0.2591304347826087,
        "count": 345
    },
    "11-6": {
        "mde": 0.6521739130434783,
        "count": 345
    },
    "11-7": {
        "mde": 1.1238541160034432,
        "count": 345
    },
    "11-8": {
        "mde": 3.9967153469658907,
        "count": 345
    },
    "11-9": {
        "mde": 1.1690159211832312,
        "count": 345
    },
    "2-1": {
        "mde": 2.0536196511403655,
        "count": 345
    },
    "2-11": {
        "mde": 0.7363614449800624,
        "count": 345
    },
    "3-1": {
        "mde": 0.014757011085632295,
        "count": 345
    },
    "3-11": {
        "mde": 1.3738793619869096,
        "count": 345
    },
    "4-1": {
        "mde": 0.5396675627793552,
        "count": 345
    },
    "4-11": {
        "mde": 0.16627052395732872,
        "count": 345
    },
    "5-1": {
        "mde": 0.08145230014848903,
        "count": 345
    },
    "5-11": {
        "mde": 1.6981357790799618,
        "count": 345
    },
    "6-1": {
        "mde": 1.4232915860580027,
        "count": 345
    },
    "6-10": {
        "mde": 0.3438632339999925,
        "count": 345
    },
    "6-11": {
        "mde": 0.9627848374071553,
        "count": 345
    },
    "6-2": {
        "mde": 0.7989113426441912,
        "count": 345
    },
    "6-3": {
        "mde": 0.906393888338523,
        "count": 345
    },
    "6-4": {
        "mde": 0.9058875182724995,
        "count": 345
    },
    "6-5": {
        "mde": 2.6248644496361364,
        "count": 345
    },
    "6-6": {
        "mde": 3.0492762877358395,
        "count": 345
    },
    "6-7": {
        "mde": 1.1956977910661748,
        "count": 345
    },
    "6-8": {
        "mde": 2.6475318373891863,
        "count": 345
    },
    "6-9": {
        "mde": 1.0768807578906623,
        "count": 345
    },
    "7-1": {
        "mde": 0.16204405805873473,
        "count": 345
    },
    "7-11": {
        "mde": 1.5078260869565216,
        "count": 345
    },
    "8-1": {
        "mde": 0.4260869565217392,
        "count": 345
    },
    "8-11": {
        "mde": 0.027826086956521733,
        "count": 345
    },
    "9-1": {
        "mde": 0.8651431544385451,
        "count": 345
    },
    "9-11": {
        "mde": 0.507586188700496,
        "count": 345
    }
}