{
    "1-1": {
        "mde": 0.3234782608695652,
        "count": 345
    },
    "1-10": {
        "mde": 0.1818001259767143,
        "count": 345
    },
    "1-11": {
        "mde": 0.9855585280868546,
        "count": 345
    },
    "1-2": {
        "mde": 1.62214052955605,
        "count": 345
    },
    "1-3": {
        "mde": 0.7138504165078522,
        "count": 345
    },
    "1-4": {
        "mde": 1.5329836509649624,
        "count": 345
    },
    "1-5": {
        "mde": 0.15987056749342132,
        "count": 345
    },
    "1-6": {
        "mde": 3.5425307398448522,
        "count": 345
    },
    "1-7": {
        "mde": 2.1290304724611557,
        "count": 345
    },
    "1-8": {
        "mde": 2.372202962373684,
        "count": 345
    },
    "1-9": {
        "mde": 0.015652173913043476,
        "count": 345
    },
    "10-1": {
        "mde": 0.21658575861052212,
        "count": 345
    },
    "10-11": {
        "mde": 0.5813239950848017,
        "count": 345
    },
    "11-1": {
        "mde": 0.7965217391304348,
        "count": 345
    },
    "11-10": {
        "mde": 0.1868073279345618,
        "count": 345
    },
    "11-11": {
        "mde": 0.549565217391304,
        "count": 345
    },
    "11-2": {
        "mde": 0.8595597686528345,
        "count": 345
    },
    "11-3": {
        "mde": 1.1568888740016137,
        "count": 345
    },
    "11-4": {
        "mde": 1.1044788292444898,
        "count": 345
    },
    "11-5": {
        "mde": 0.2,
        "count": 345
    },
    "11-6": {
        "mde": 0.664158566299713,
        "count": 345
    },
    "11-7": {
        "mde": 0.03023506922979913,
        "count": 345
    },
    "11-8": {
        "mde": 0.6139130434782605,
        "count": 345
    },
    "11-9": {
        "mde": 1.6088823498293296,
        "count": 345
    },
    "2-1": {
        "mde": 0.8365112995751258,
        "count": 345
    },
    "2-11": {
        "mde": 0.7075715352687753,
        "count": 345
    },
    "3-1": {
        "mde": 0.0062705239573286765,
        "count": 345
    },
    "3-11": {
        "mde": 0.12869565217391302,
        "count": 345
    },
    "4-1": {
        "mde": 0.31661828305154766,
        "count": 345
    },
    "4-11": {
        "mde": 0.16261821605881008,
        "count": 345
    },
    "5-1": {
        "mde": 0.015796108748344726,
        "count": 345
    },
    "5-11": {
        "mde": 0.8210604170076137,
        "count": 345
    },
    "6-1": {
        "mde": 1.0104844695147726,
        "count": 345
    },
    "6-10": {
        "mde": 0.023019248656521364,
        "count": 345
    },
    "6-11": {
        "mde": 0.6333833295357235,
        "count": 345
    },
    "6-2": {
        "mde": 1.2773583011825458,
        "count": 345
    },
    "6-3": {
        "mde": 0.3852867142699298,
        "count": 345
    },
    "6-4": {
        "mde": 1.0015101387913936,
        "count": 345
    },
    "6-5": {
        "mde": 0.6875058620389669,
        "count": 345
    },
    "6-6": {
        "mde": 0.14287912073287565,
        "count": 345
    },
    "6-7": {
        "mde": 0.4782608695652174,
        "count": 345
    },
    "6-8": {
        "mde": 1.0097031964455911,
        "count": 345
    },
    "6-9": {
        "mde": 1.654075429758123,
        "count": 345
    },
    "7-1": {
        "mde": 2.077029540455722,
        "count": 345
    },
    "7-11": {
        "mde": 1.3930434782608694,
        "count": 345
    },
    "8-1": {
        "mde": 0.052456135061162416,
        "count": 345
    },
    "8-11": {
        "mde": 0.0317149008304344,
        "count": 345
    },
    "9-1": {
        "mde": 1.0379596999212668,
        "count": 345
    },
    "9-11": {
        "mde": 0.41102519428628687,
        "count": 345
    }
}