{
    "1-1": {
        "mde": 2.6692029533391257,
        "count": 382
    },
    "1-10": {
        "mde": 2.5061169753483434,
        "count": 382
    },
    "1-11": {
        "mde": 5.612303910061726,
        "count": 382
    },
    "1-2": {
        "mde": 0.8661044139085099,
        "count": 382
    },
    "1-3": {
        "mde": 1.4531599360969645,
        "count": 382
    },
    "1-4": {
        "mde": 2.389179003202563,
        "count": 382
    },
    "1-5": {
        "mde": 3.029830953487126,
        "count": 382
    },
    "1-6": {
        "mde": 2.896709260769129,
        "count": 382
    },
    "1-7": {
        "mde": 1.7920774783200069,
        "count": 382
    },
    "1-8": {
        "mde": 4.036838384956998,
        "count": 382
    },
    "1-9": {
        "mde": 1.6260644825137067,
        "count": 382
    },
    "10-1": {
        "mde": 2.9386285966660495,
        "count": 382
    },
    "10-11": {
        "mde": 2.9149849367123806,
        "count": 382
    },
    "11-1": {
        "mde": 0.8434554973821986,
        "count": 382
    },
    "11-10": {
        "mde": 2.279709823647374,
        "count": 382
    },
    "11-11": {
        "mde": 0.6347105018538104,
        "count": 382
    },
    "11-2": {
        "mde": 2.5593487170320977,
        "count": 382
    },
    "11-3": {
        "mde": 0.5356020942408376,
        "count": 382
    },
    "11-4": {
        "mde": 1.6578302848810034,
        "count": 382
    },
    "11-5": {
        "mde": 2.24714098311622,
        "count": 382
    },
    "11-6": {
        "mde": 1.7717277486911,
        "count": 382
    },
    "11-7": {
        "mde": 2.1298641002888745,
        "count": 382
    },
    "11-8": {
        "mde": 0.6436465272951318,
        "count": 382
    },
    "11-9": {
        "mde": 1.5598959798496226,
        "count": 382
    },
    "2-1": {
        "mde": 1.6574740326546509,
        "count": 382
    },
    "2-11": {
        "mde": 2.830696014181511,
        "count": 382
    },
    "3-1": {
        "mde": 1.8662136298028733,
        "count": 382
    },
    "3-11": {
        "mde": 1.6250155686367322,
        "count": 382
    },
    "4-1": {
        "mde": 1.5490031433888076,
        "count": 382
    },
    "4-11": {
        "mde": 0.49155129095415767,
        "count": 382
    },
    "5-1": {
        "mde": 2.561515154319619,
        "count": 382
    },
    "5-11": {
        "mde": 2.4843011515149107,
        "count": 382
    },
    "6-1": {
        "mde": 5.281827163787064,
        "count": 382
    },
    "6-10": {
        "mde": 1.8033787963701773,
        "count": 382
    },
    "6-11": {
        "mde": 2.357809845270418,
        "count": 382
    },
    "6-2": {
        "mde": 0.8584091143273839,
        "count": 382
    },
    "6-3": {
        "mde": 1.3183394939711475,
        "count": 382
    },
    "6-4": {
        "mde": 2.4964069824613775,
        "count": 382
    },
    "6-5": {
        "mde": 2.4407207874215024,
        "count": 382
    },
    "6-6": {
        "mde": 2.723459732212345,
        "count": 382
    },
    "6-7": {
        "mde": 2.274625442492691,
        "count": 382
    },
    "6-8": {
        "mde": 3.850162286833082,
        "count": 382
    },
    "6-9": {
        "mde": 2.3065799019091595,
        "count": 382
    },
    "7-1": {
        "mde": 3.3177148889691184,
        "count": 382
    },
    "7-11": {
        "mde": 2.3869221550571846,
        "count": 382
    },
    "8-1": {
        "mde": 3.2700157401803556,
        "count": 382
    },
    "8-11": {
        "mde": 1.9975385116159932,
        "count": 382
    },
    "9-1": {
        "mde": 1.9730194317036116,
        "count": 382
    },
    "9-11": {
        "mde": 1.292341352366808,
        "count": 382
    }
}