{
    "1-1": {
        "mde": 2.214411755971687,
        "count": 382
    },
    "1-10": {
        "mde": 0.8287764956929353,
        "count": 382
    },
    "1-11": {
        "mde": 3.0811981470941485,
        "count": 382
    },
    "1-2": {
        "mde": 2.0422888924186635,
        "count": 382
    },
    "1-3": {
        "mde": 0.17021980058219624,
        "count": 382
    },
    "1-4": {
        "mde": 0.5995656745082953,
        "count": 382
    },
    "1-5": {
        "mde": 1.2893920971197836,
        "count": 382
    },
    "1-6": {
        "mde": 0.11811210318406111,
        "count": 382
    },
    "1-7": {
        "mde": 2.387599694203621,
        "count": 382
    },
    "1-8": {
        "mde": 1.9178303125275942,
        "count": 382
    },
    "1-9": {
        "mde": 1.3826687388581214,
        "count": 382
    },
    "10-1": {
        "mde": 0.9025359043943484,
        "count": 382
    },
    "10-11": {
        "mde": 1.1321449257093947,
        "count": 382
    },
    "11-1": {
        "mde": 0.7209424083769633,
        "count": 382
    },
    "11-10": {
        "mde": 2.161256544502618,
        "count": 382
    },
    "11-11": {
        "mde": 0.19476439790575903,
        "count": 382
    },
    "11-2": {
        "mde": 2.2244946070995844,
        "count": 382
    },
    "11-3": {
        "mde": 0.6486910994764398,
        "count": 382
    },
    "11-4": {
        "mde": 1.6869566322391938,
        "count": 382
    },
    "11-5": {
        "mde": 0.6322360887471427,
        "count": 382
    },
    "11-6": {
        "mde": 1.908703904924157,
        "count": 382
    },
    "11-7": {
        "mde": 1.4263840979432165,
        "count": 382
    },
    "11-8": {
        "mde": 0.7376272283163229,
        "count": 382
    },
    "11-9": {
        "mde": 1.4486734995710069,
        "count": 382
    },
    "2-1": {
        "mde": 1.5506229104558085,
        "count": 382
    },
    "2-11": {
        "mde": 0.8512419186337437,
        "count": 382
    },
    "3-1": {
        "mde": 0.44454092138896256,
        "count": 382
    },
    "3-11": {
        "mde": 0.8091409697770089,
        "count": 382
    },
    "4-1": {
        "mde": 1.3742001942064732,
        "count": 382
    },
    "4-11": {
        "mde": 0.12722513089005233,
        "count": 382
    },
    "5-1": {
        "mde": 2.439153168255369,
        "count": 382
    },
    "5-11": {
        "mde": 1.9151800276742696,
        "count": 382
    },
    "6-1": {
        "mde": 2.4918136563998066,
        "count": 382
    },
    "6-10": {
        "mde": 1.7326361471756888,
        "count": 382
    },
    "6-11": {
        "mde": 1.2643979057591623,
        "count": 382
    },
    "6-2": {
        "mde": 0.8528089646493351,
        "count": 382
    },
    "6-3": {
        "mde": 1.132718135228533,
        "count": 382
    },
    "6-4": {
        "mde": 1.251829549492967,
        "count": 382
    },
    "6-5": {
        "mde": 2.1541608079888266,
        "count": 382
    },
    "6-6": {
        "mde": 2.5202566755630453,
        "count": 382
    },
    "6-7": {
        "mde": 1.8304935863445524,
        "count": 382
    },
    "6-8": {
        "mde": 2.992311765090519,
        "count": 382
    },
    "6-9": {
        "mde": 2.138788669461044,
        "count": 382
    },
    "7-1": {
        "mde": 0.01884816753926702,
        "count": 382
    },
    "7-11": {
        "mde": 1.1985493577456414,
        "count": 382
    },
    "8-1": {
        "mde": 0.8481675392670156,
        "count": 382
    },
    "8-11": {
        "mde": 0.021701550512657538,
        "count": 382
    },
    "9-1": {
        "mde": 1.0690139548829276,
        "count": 382
    },
    "9-11": {
        "mde": 0.5466972906068612,
        "count": 382
    }
}