{
    "1-1": {
        "mde": 1.4324607329842927,
        "count": 382
    },
    "1-10": {
        "mde": 0.46411334934265874,
        "count": 382
    },
    "1-11": {
        "mde": 1.4187765613363903,
        "count": 382
    },
    "1-2": {
        "mde": 0.867118035203404,
        "count": 382
    },
    "1-3": {
        "mde": 0.023638548096001397,
        "count": 382
    },
    "1-4": {
        "mde": 0.508711212734273,
        "count": 382
    },
    "1-5": {
        "mde": 0.2674822909017461,
        "count": 382
    },
    "1-6": {
        "mde": 1.1527695885996407,
        "count": 382
    },
    "1-7": {
        "mde": 0.12722820761024928,
        "count": 382
    },
    "1-8": {
        "mde": 0.6847513248239244,
        "count": 382
    },
    "1-9": {
        "mde": 1.544525822238506,
        "count": 382
    },
    "10-1": {
        "mde": 1.7249391111134285,
        "count": 382
    },
    "10-11": {
        "mde": 0.34218617266270296,
        "count": 382
    },
    "11-1": {
        "mde": 0.6267015706806284,
        "count": 382
    },
    "11-10": {
        "mde": 0.6408376963350787,
        "count": 382
    },
    "11-11": {
        "mde": 0.4178010471204187,
        "count": 382
    },
    "11-2": {
        "mde": 1.8278565835840472,
        "count": 382
    },
    "11-3": {
        "mde": 1.594029638831141,
        "count": 382
    },
    "11-4": {
        "mde": 1.734499824002116,
        "count": 382
    },
    "11-5": {
        "mde": 0.5027477945502067,
        "count": 382
    },
    "11-6": {
        "mde": 1.79102241557193,
        "count": 382
    },
    "11-7": {
        "mde": 0.5703504276842161,
        "count": 382
    },
    "11-8": {
        "mde": 0.617011966326982,
        "count": 382
    },
    "11-9": {
        "mde": 0.3012827023451183,
        "count": 382
    },
    "2-1": {
        "mde": 0.024542381329792258,
        "count": 382
    },
    "2-11": {
        "mde": 0.9220048590575946,
        "count": 382
    },
    "3-1": {
        "mde": 0.0987266389875873,
        "count": 382
    },
    "3-11": {
        "mde": 1.344065482062761,
        "count": 382
    },
    "4-1": {
        "mde": 1.0703657944000287,
        "count": 382
    },
    "4-11": {
        "mde": 0.09337251915459858,
        "count": 382
    },
    "5-1": {
        "mde": 0.45165975779554574,
        "count": 382
    },
    "5-11": {
        "mde": 0.8413217211377094,
        "count": 382
    },
    "6-1": {
        "mde": 0.7557930379525339,
        "count": 382
    },
    "6-10": {
        "mde": 1.6856158099722207,
        "count": 382
    },
    "6-11": {
        "mde": 0.9392670157068062,
        "count": 382
    },
    "6-2": {
        "mde": 1.309704777743505,
        "count": 382
    },
    "6-3": {
        "mde": 2.090863213558916,
        "count": 382
    },
    "6-4": {
        "mde": 1.3408101214251416,
        "count": 382
    },
    "6-5": {
        "mde": 1.296553075647704,
        "count": 382
    },
    "6-6": {
        "mde": 2.9884811344920714,
        "count": 382
    },
    "6-7": {
        "mde": 2.3832450239311624,
        "count": 382
    },
    "6-8": {
        "mde": 1.3903348796723205,
        "count": 382
    },
    "6-9": {
        "mde": 2.8333874592592005,
        "count": 382
    },
    "7-1": {
        "mde": 0.12546693144160384,
        "count": 382
    },
    "7-11": {
        "mde": 0.8666999840940678,
        "count": 382
    },
    "8-1": {
        "mde": 0.09267015706806284,
        "count": 382
    },
    "8-11": {
        "mde": 0.11314859314406842,
        "count": 382
    },
    "9-1": {
        "mde": 1.0841404209070673,
        "count": 382
    },
    "9-11": {
        "mde": 1.206283858019652,
        "count": 382
    }
}