{
    "1-1": {
        "mde": 0.603174603174603,
        "count": 378
    },
    "1-10": {
        "mde": 0.13009019889923656,
        "count": 378
    },
    "1-11": {
        "mde": 3.0705898005035785,
        "count": 378
    },
    "1-2": {
        "mde": 0.006734350297014738,
        "count": 378
    },
    "1-3": {
        "mde": 0.6117509908530679,
        "count": 378
    },
    "1-4": {
        "mde": 0.7238082208181958,
        "count": 378
    },
    "1-5": {
        "mde": 0.024839858159799236,
        "count": 378
    },
    "1-6": {
        "mde": 1.0555555555555556,
        "count": 378
    },
    "1-7": {
        "mde": 3.238193818022157,
        "count": 378
    },
    "1-8": {
        "mde": 0.04168459868850977,
        "count": 378
    },
    "1-9": {
        "mde": 1.1936507936507936,
        "count": 378
    },
    "10-1": {
        "mde": 1.345911761510337,
        "count": 378
    },
    "10-11": {
        "mde": 1.1908512881645832,
        "count": 378
    },
    "11-1": {
        "mde": 2.198173719412403,
        "count": 378
    },
    "11-10": {
        "mde": 0.6793650793650795,
        "count": 378
    },
    "11-11": {
        "mde": 1.1984126984126984,
        "count": 378
    },
    "11-2": {
        "mde": 1.697082980412966,
        "count": 378
    },
    "11-3": {
        "mde": 1.0165605612214086,
        "count": 378
    },
    "11-4": {
        "mde": 0.9571428571428573,
        "count": 378
    },
    "11-5": {
        "mde": 0.605076252424104,
        "count": 378
    },
    "11-6": {
        "mde": 0.6682539682539682,
        "count": 378
    },
    "11-7": {
        "mde": 0.025643641938735733,
        "count": 378
    },
    "11-8": {
        "mde": 0.5999999999999998,
        "count": 378
    },
    "11-9": {
        "mde": 1.192063492063492,
        "count": 378
    },
    "2-1": {
        "mde": 0.04489566864676492,
        "count": 378
    },
    "2-11": {
        "mde": 0.5837253890259925,
        "count": 378
    },
    "3-1": {
        "mde": 0.7123940072844648,
        "count": 378
    },
    "3-11": {
        "mde": 0.7781963565466647,
        "count": 378
    },
    "4-1": {
        "mde": 0.5274612112376917,
        "count": 378
    },
    "4-11": {
        "mde": 0.31591570640615263,
        "count": 378
    },
    "5-1": {
        "mde": 4.025331423408199,
        "count": 378
    },
    "5-11": {
        "mde": 0.4198107539002781,
        "count": 378
    },
    "6-1": {
        "mde": 1.2285714285714284,
        "count": 378
    },
    "6-10": {
        "mde": 0.4247636712194438,
        "count": 378
    },
    "6-11": {
        "mde": 1.2310972385428158,
        "count": 378
    },
    "6-2": {
        "mde": 1.0147853616642892,
        "count": 378
    },
    "6-3": {
        "mde": 0.08291439361507903,
        "count": 378
    },
    "6-4": {
        "mde": 1.835854664499819,
        "count": 378
    },
    "6-5": {
        "mde": 1.315283722462737,
        "count": 378
    },
    "6-6": {
        "mde": 3.824918152711624,
        "count": 378
    },
    "6-7": {
        "mde": 0.6830604337435672,
        "count": 378
    },
    "6-8": {
        "mde": 1.8382946726312344,
        "count": 378
    },
    "6-9": {
        "mde": 1.9491865249196902,
        "count": 378
    },
    "7-1": {
        "mde": 0.20296502920365342,
        "count": 378
    },
    "7-11": {
        "mde": 1.229359643145697,
        "count": 378
    },
    "8-1": {
        "mde": 1.2126837263440948,
        "count": 378
    },
    "8-11": {
        "mde": 0.289447125760708,
        "count": 378
    },
    "9-1": {
        "mde": 0.9389699518412357,
        "count": 378
    },
    "9-11": {
        "mde": 0.5427399162613951,
        "count": 378
    }
}