{
    "1-1": {
        "mde": 2.416002145287605,
        "count": 378
    },
    "1-10": {
        "mde": 1.3395697640998567,
        "count": 378
    },
    "1-11": {
        "mde": 3.8366678495048516,
        "count": 378
    },
    "1-2": {
        "mde": 1.280905655156313,
        "count": 378
    },
    "1-3": {
        "mde": 1.7420401471490352,
        "count": 378
    },
    "1-4": {
        "mde": 4.19297247753983,
        "count": 378
    },
    "1-5": {
        "mde": 3.306526183274826,
        "count": 378
    },
    "1-6": {
        "mde": 1.7838062799973753,
        "count": 378
    },
    "1-7": {
        "mde": 2.291627790453244,
        "count": 378
    },
    "1-8": {
        "mde": 2.1372410196071563,
        "count": 378
    },
    "1-9": {
        "mde": 2.939578689581868,
        "count": 378
    },
    "10-1": {
        "mde": 1.3824679825903154,
        "count": 378
    },
    "10-11": {
        "mde": 1.8441363532838926,
        "count": 378
    },
    "11-1": {
        "mde": 1.0984126984126983,
        "count": 378
    },
    "11-10": {
        "mde": 1.7549473512635116,
        "count": 378
    },
    "11-11": {
        "mde": 1.924917550370993,
        "count": 378
    },
    "11-2": {
        "mde": 0.8514548474541441,
        "count": 378
    },
    "11-3": {
        "mde": 0.9999999999999997,
        "count": 378
    },
    "11-4": {
        "mde": 1.1015873015873014,
        "count": 378
    },
    "11-5": {
        "mde": 1.0583591565947856,
        "count": 378
    },
    "11-6": {
        "mde": 1.0317411340211868,
        "count": 378
    },
    "11-7": {
        "mde": 0.8031746031746032,
        "count": 378
    },
    "11-8": {
        "mde": 0.676190476190476,
        "count": 378
    },
    "11-9": {
        "mde": 1.0267558468286764,
        "count": 378
    },
    "2-1": {
        "mde": 3.2667220830973305,
        "count": 378
    },
    "2-11": {
        "mde": 1.4116248238536824,
        "count": 378
    },
    "3-1": {
        "mde": 2.4394838653790694,
        "count": 378
    },
    "3-11": {
        "mde": 2.6199025352020175,
        "count": 378
    },
    "4-1": {
        "mde": 2.744984588233121,
        "count": 378
    },
    "4-11": {
        "mde": 1.3119235249847085,
        "count": 378
    },
    "5-1": {
        "mde": 3.3374454697182854,
        "count": 378
    },
    "5-11": {
        "mde": 2.4541992632316805,
        "count": 378
    },
    "6-1": {
        "mde": 4.94111069986885,
        "count": 378
    },
    "6-10": {
        "mde": 2.2824965433468343,
        "count": 378
    },
    "6-11": {
        "mde": 1.7648926057637049,
        "count": 378
    },
    "6-2": {
        "mde": 1.0050983080742202,
        "count": 378
    },
    "6-3": {
        "mde": 0.9706368679749714,
        "count": 378
    },
    "6-4": {
        "mde": 3.6990490837355545,
        "count": 378
    },
    "6-5": {
        "mde": 2.4964780699157907,
        "count": 378
    },
    "6-6": {
        "mde": 3.0482343710405755,
        "count": 378
    },
    "6-7": {
        "mde": 2.0961480507526655,
        "count": 378
    },
    "6-8": {
        "mde": 2.2867561934274128,
        "count": 378
    },
    "6-9": {
        "mde": 2.8537494326233026,
        "count": 378
    },
    "7-1": {
        "mde": 5.586609791800735,
        "count": 378
    },
    "7-11": {
        "mde": 1.1749299494538348,
        "count": 378
    },
    "8-1": {
        "mde": 1.905497301723667,
        "count": 378
    },
    "8-11": {
        "mde": 1.5325461392606106,
        "count": 378
    },
    "9-1": {
        "mde": 4.072587724919791,
        "count": 378
    },
    "9-11": {
        "mde": 1.3205357314637594,
        "count": 378
    }
}