{
    "1-1": {
        "mde": 0.3095652173913044,
        "count": 345
    },
    "1-10": {
        "mde": 0.08778927064955251,
        "count": 345
    },
    "1-11": {
        "mde": 0.6640178255233156,
        "count": 345
    },
    "1-2": {
        "mde": 1.9584035289160628,
        "count": 345
    },
    "1-3": {
        "mde": 0.27919630130339473,
        "count": 345
    },
    "1-4": {
        "mde": 1.086620218882948,
        "count": 345
    },
    "1-5": {
        "mde": 1.4275624989863682,
        "count": 345
    },
    "1-6": {
        "mde": 1.3246590587313298,
        "count": 345
    },
    "1-7": {
        "mde": 1.4545981994633834,
        "count": 345
    },
    "1-8": {
        "mde": 1.9828412111835305,
        "count": 345
    },
    "1-9": {
        "mde": 0.027826086956521737,
        "count": 345
    },
    "10-1": {
        "mde": 0.05125588861739058,
        "count": 345
    },
    "10-11": {
        "mde": 0.7412051324901902,
        "count": 345
    },
    "11-1": {
        "mde": 1.9811387121290893,
        "count": 345
    },
    "11-10": {
        "mde": 0.3201235961945485,
        "count": 345
    },
    "11-11": {
        "mde": 1.2,
        "count": 345
    },
    "11-2": {
        "mde": 1.1918351292104112,
        "count": 345
    },
    "11-3": {
        "mde": 1.2263005196654502,
        "count": 345
    },
    "11-4": {
        "mde": 1.1808695652173913,
        "count": 345
    },
    "11-5": {
        "mde": 0.231304347826087,
        "count": 345
    },
    "11-6": {
        "mde": 0.6106069904584223,
        "count": 345
    },
    "11-7": {
        "mde": 0.02608695652173913,
        "count": 345
    },
    "11-8": {
        "mde": 0.6539130434782606,
        "count": 345
    },
    "11-9": {
        "mde": 1.425873754324208,
        "count": 345
    },
    "2-1": {
        "mde": 0.4723119243093343,
        "count": 345
    },
    "2-11": {
        "mde": 0.7101147665234882,
        "count": 345
    },
    "3-1": {
        "mde": 0.0,
        "count": 345
    },
    "3-11": {
        "mde": 0.1339198207184907,
        "count": 345
    },
    "4-1": {
        "mde": 0.34422205101855957,
        "count": 345
    },
    "4-11": {
        "mde": 0.03550679628695432,
        "count": 345
    },
    "5-1": {
        "mde": 0.03499670543585679,
        "count": 345
    },
    "5-11": {
        "mde": 0.8662242713745865,
        "count": 345
    },
    "6-1": {
        "mde": 2.902321599943589,
        "count": 345
    },
    "6-10": {
        "mde": 0.02588930350847421,
        "count": 345
    },
    "6-11": {
        "mde": 0.6205755685127741,
        "count": 345
    },
    "6-2": {
        "mde": 0.675497848450951,
        "count": 345
    },
    "6-3": {
        "mde": 1.3815378749354004,
        "count": 345
    },
    "6-4": {
        "mde": 1.4106568396600365,
        "count": 345
    },
    "6-5": {
        "mde": 0.5796948788179769,
        "count": 345
    },
    "6-6": {
        "mde": 1.645217391304348,
        "count": 345
    },
    "6-7": {
        "mde": 1.225687529763946,
        "count": 345
    },
    "6-8": {
        "mde": 0.18106860483212886,
        "count": 345
    },
    "6-9": {
        "mde": 2.116195161651866,
        "count": 345
    },
    "7-1": {
        "mde": 0.2901981016535378,
        "count": 345
    },
    "7-11": {
        "mde": 3.232240787781695,
        "count": 345
    },
    "8-1": {
        "mde": 0.04695652173913043,
        "count": 345
    },
    "8-11": {
        "mde": 0.028647192965216655,
        "count": 345
    },
    "9-1": {
        "mde": 1.0025984262529781,
        "count": 345
    },
    "9-11": {
        "mde": 0.5158369466680025,
        "count": 345
    }
}