{
    "1-1": {
        "mde": 0.5842931937172775,
        "count": 382
    },
    "1-10": {
        "mde": 0.06254789348806056,
        "count": 382
    },
    "1-11": {
        "mde": 1.4495862728130025,
        "count": 382
    },
    "1-2": {
        "mde": 0.8485281374238569,
        "count": 382
    },
    "1-3": {
        "mde": 0.022594499697069906,
        "count": 382
    },
    "1-4": {
        "mde": 2.009882481239816,
        "count": 382
    },
    "1-5": {
        "mde": 0.5044151778948008,
        "count": 382
    },
    "1-6": {
        "mde": 0.34144266723633687,
        "count": 382
    },
    "1-7": {
        "mde": 0.062147442420991114,
        "count": 382
    },
    "1-8": {
        "mde": 1.0393411443964422,
        "count": 382
    },
    "1-9": {
        "mde": 1.3242392976653288,
        "count": 382
    },
    "10-1": {
        "mde": 0.7313989687150322,
        "count": 382
    },
    "10-11": {
        "mde": 0.685292504093617,
        "count": 382
    },
    "11-1": {
        "mde": 1.6837696335078536,
        "count": 382
    },
    "11-10": {
        "mde": 0.6194987647576538,
        "count": 382
    },
    "11-11": {
        "mde": 0.576439790575916,
        "count": 382
    },
    "11-2": {
        "mde": 1.8529720916086527,
        "count": 382
    },
    "11-3": {
        "mde": 0.926500785205809,
        "count": 382
    },
    "11-4": {
        "mde": 1.0108385277604024,
        "count": 382
    },
    "11-5": {
        "mde": 0.6167955025054704,
        "count": 382
    },
    "11-6": {
        "mde": 1.8845350628832107,
        "count": 382
    },
    "11-7": {
        "mde": 0.024165180325342154,
        "count": 382
    },
    "11-8": {
        "mde": 0.6201533275835266,
        "count": 382
    },
    "11-9": {
        "mde": 0.8486299031668395,
        "count": 382
    },
    "2-1": {
        "mde": 0.01386663946295213,
        "count": 382
    },
    "2-11": {
        "mde": 1.4503464322881408,
        "count": 382
    },
    "3-1": {
        "mde": 0.43488565501574644,
        "count": 382
    },
    "3-11": {
        "mde": 1.0495627708790387,
        "count": 382
    },
    "4-1": {
        "mde": 1.161346776891494,
        "count": 382
    },
    "4-11": {
        "mde": 0.36525817454160164,
        "count": 382
    },
    "5-1": {
        "mde": 1.2763041555493377,
        "count": 382
    },
    "5-11": {
        "mde": 1.2241693492528074,
        "count": 382
    },
    "6-1": {
        "mde": 0.9835015239489298,
        "count": 382
    },
    "6-10": {
        "mde": 1.801373303525794,
        "count": 382
    },
    "6-11": {
        "mde": 1.2455497382198952,
        "count": 382
    },
    "6-2": {
        "mde": 1.3522529141501498,
        "count": 382
    },
    "6-3": {
        "mde": 1.3274872741598946,
        "count": 382
    },
    "6-4": {
        "mde": 1.2361267352208547,
        "count": 382
    },
    "6-5": {
        "mde": 1.858424196441685,
        "count": 382
    },
    "6-6": {
        "mde": 2.991371408432152,
        "count": 382
    },
    "6-7": {
        "mde": 2.5152254591158316,
        "count": 382
    },
    "6-8": {
        "mde": 1.8516864680548126,
        "count": 382
    },
    "6-9": {
        "mde": 2.1729426982273425,
        "count": 382
    },
    "7-1": {
        "mde": 1.168360196313285,
        "count": 382
    },
    "7-11": {
        "mde": 1.2274856079507277,
        "count": 382
    },
    "8-1": {
        "mde": 1.3130890052356023,
        "count": 382
    },
    "8-11": {
        "mde": 0.48716197065096284,
        "count": 382
    },
    "9-1": {
        "mde": 0.9633062068350735,
        "count": 382
    },
    "9-11": {
        "mde": 1.174278478602613,
        "count": 382
    }
}