{
    "1-1": {
        "mde": 0.19478260869565217,
        "count": 345
    },
    "1-10": {
        "mde": 0.11211013535202495,
        "count": 345
    },
    "1-11": {
        "mde": 0.7893196357636407,
        "count": 345
    },
    "1-2": {
        "mde": 0.11307908047700346,
        "count": 345
    },
    "1-3": {
        "mde": 0.3791821344927131,
        "count": 345
    },
    "1-4": {
        "mde": 1.0805149803449816,
        "count": 345
    },
    "1-5": {
        "mde": 0.07735702153654518,
        "count": 345
    },
    "1-6": {
        "mde": 1.447014972703917,
        "count": 345
    },
    "1-7": {
        "mde": 1.592529732701931,
        "count": 345
    },
    "1-8": {
        "mde": 0.4212619418243233,
        "count": 345
    },
    "1-9": {
        "mde": 0.062158196844061736,
        "count": 345
    },
    "10-1": {
        "mde": 0.12615097600182645,
        "count": 345
    },
    "10-11": {
        "mde": 0.7165749695047302,
        "count": 345
    },
    "11-1": {
        "mde": 0.8208695652173913,
        "count": 345
    },
    "11-10": {
        "mde": 0.4421496834391298,
        "count": 345
    },
    "11-11": {
        "mde": 1.1756521739130434,
        "count": 345
    },
    "11-2": {
        "mde": 1.3182079861486937,
        "count": 345
    },
    "11-3": {
        "mde": 1.213066152611406,
        "count": 345
    },
    "11-4": {
        "mde": 1.0856756619712038,
        "count": 345
    },
    "11-5": {
        "mde": 0.012173913043478259,
        "count": 345
    },
    "11-6": {
        "mde": 1.2517011125077484,
        "count": 345
    },
    "11-7": {
        "mde": 1.8770804355350343,
        "count": 345
    },
    "11-8": {
        "mde": 0.47999999999999976,
        "count": 345
    },
    "11-9": {
        "mde": 1.1597016123908628,
        "count": 345
    },
    "2-1": {
        "mde": 0.5112179420178619,
        "count": 345
    },
    "2-11": {
        "mde": 0.6348193430249598,
        "count": 345
    },
    "3-1": {
        "mde": 0.0,
        "count": 345
    },
    "3-11": {
        "mde": 0.386252512943461,
        "count": 345
    },
    "4-1": {
        "mde": 0.25011591969807295,
        "count": 345
    },
    "4-11": {
        "mde": 0.05844443700080693,
        "count": 345
    },
    "5-1": {
        "mde": 0.0373428451391297,
        "count": 345
    },
    "5-11": {
        "mde": 1.8741008542343869,
        "count": 345
    },
    "6-1": {
        "mde": 1.0850040283247497,
        "count": 345
    },
    "6-10": {
        "mde": 1.8252168114616696,
        "count": 345
    },
    "6-11": {
        "mde": 1.0692712206866875,
        "count": 345
    },
    "6-2": {
        "mde": 0.9270512732992562,
        "count": 345
    },
    "6-3": {
        "mde": 1.4983014746406422,
        "count": 345
    },
    "6-4": {
        "mde": 1.518823354154529,
        "count": 345
    },
    "6-5": {
        "mde": 0.4005166235491797,
        "count": 345
    },
    "6-6": {
        "mde": 1.1773742524103092,
        "count": 345
    },
    "6-7": {
        "mde": 0.23374456389118758,
        "count": 345
    },
    "6-8": {
        "mde": 0.06600280534545215,
        "count": 345
    },
    "6-9": {
        "mde": 1.6180047994627322,
        "count": 345
    },
    "7-1": {
        "mde": 2.228140645258163,
        "count": 345
    },
    "7-11": {
        "mde": 1.1815118554380049,
        "count": 345
    },
    "8-1": {
        "mde": 0.311304347826087,
        "count": 345
    },
    "8-11": {
        "mde": 0.7982837488999938,
        "count": 345
    },
    "9-1": {
        "mde": 1.1503477590942188,
        "count": 345
    },
    "9-11": {
        "mde": 0.09859462973950521,
        "count": 345
    }
}