{
    "1-1": {
        "mde": 0.9567062960981174,
        "count": 396
    },
    "1-10": {
        "mde": 5.257290425694959,
        "count": 396
    },
    "1-11": {
        "mde": 2.486263311116637,
        "count": 396
    },
    "1-2": {
        "mde": 3.2151013920818414,
        "count": 396
    },
    "1-3": {
        "mde": 0.6875058264846048,
        "count": 396
    },
    "1-4": {
        "mde": 0.5274155890279763,
        "count": 396
    },
    "1-5": {
        "mde": 1.7004374882009246,
        "count": 396
    },
    "1-6": {
        "mde": 3.65901919844754,
        "count": 396
    },
    "1-7": {
        "mde": 3.974371672511544,
        "count": 396
    },
    "1-8": {
        "mde": 3.479466435054102,
        "count": 396
    },
    "1-9": {
        "mde": 2.551890752591097,
        "count": 396
    },
    "10-1": {
        "mde": 1.7607514236323996,
        "count": 396
    },
    "10-11": {
        "mde": 2.7092510601157618,
        "count": 396
    },
    "11-1": {
        "mde": 2.2838798178409054,
        "count": 396
    },
    "11-10": {
        "mde": 3.6346166966039006,
        "count": 396
    },
    "11-11": {
        "mde": 2.850741887020239,
        "count": 396
    },
    "11-2": {
        "mde": 2.437587498816612,
        "count": 396
    },
    "11-3": {
        "mde": 0.48181818181818176,
        "count": 396
    },
    "11-4": {
        "mde": 1.106060606060606,
        "count": 396
    },
    "11-5": {
        "mde": 1.7712121212121215,
        "count": 396
    },
    "11-6": {
        "mde": 2.1517213573318013,
        "count": 396
    },
    "11-7": {
        "mde": 1.755667402771917,
        "count": 396
    },
    "11-8": {
        "mde": 3.3624392275566986,
        "count": 396
    },
    "11-9": {
        "mde": 0.2630387140537334,
        "count": 396
    },
    "2-1": {
        "mde": 2.989485255358455,
        "count": 396
    },
    "2-11": {
        "mde": 2.012952437972453,
        "count": 396
    },
    "3-1": {
        "mde": 0.6020966750875647,
        "count": 396
    },
    "3-11": {
        "mde": 2.40527744115938,
        "count": 396
    },
    "4-1": {
        "mde": 1.5967967386073108,
        "count": 396
    },
    "4-11": {
        "mde": 2.94513524122585,
        "count": 396
    },
    "5-1": {
        "mde": 4.253428838598345,
        "count": 396
    },
    "5-11": {
        "mde": 1.3296897599706319,
        "count": 396
    },
    "6-1": {
        "mde": 4.622732773070362,
        "count": 396
    },
    "6-10": {
        "mde": 1.7569468890411493,
        "count": 396
    },
    "6-11": {
        "mde": 1.7229340169117309,
        "count": 396
    },
    "6-2": {
        "mde": 0.5695962518638578,
        "count": 396
    },
    "6-3": {
        "mde": 2.34244689932525,
        "count": 396
    },
    "6-4": {
        "mde": 2.9987934791269866,
        "count": 396
    },
    "6-5": {
        "mde": 2.008408810259535,
        "count": 396
    },
    "6-6": {
        "mde": 3.1197686637993756,
        "count": 396
    },
    "6-7": {
        "mde": 3.108005295807,
        "count": 396
    },
    "6-8": {
        "mde": 1.6419502864853865,
        "count": 396
    },
    "6-9": {
        "mde": 1.2741041220347096,
        "count": 396
    },
    "7-1": {
        "mde": 3.7089125476486378,
        "count": 396
    },
    "7-11": {
        "mde": 1.3873460620750646,
        "count": 396
    },
    "8-1": {
        "mde": 1.4183708167184323,
        "count": 396
    },
    "8-11": {
        "mde": 0.933763510772167,
        "count": 396
    },
    "9-1": {
        "mde": 2.1938216037997527,
        "count": 396
    },
    "9-11": {
        "mde": 1.6271784484829679,
        "count": 396
    }
}