{
    "1-1": {
        "mde": 2.33702759110496,
        "count": 396
    },
    "1-10": {
        "mde": 1.9951341431104646,
        "count": 396
    },
    "1-11": {
        "mde": 1.2453421576298063,
        "count": 396
    },
    "1-2": {
        "mde": 1.9141651693698112,
        "count": 396
    },
    "1-3": {
        "mde": 0.6772727272727272,
        "count": 396
    },
    "1-4": {
        "mde": 0.7142199466774766,
        "count": 396
    },
    "1-5": {
        "mde": 3.210494270609433,
        "count": 396
    },
    "1-6": {
        "mde": 2.934592351355826,
        "count": 396
    },
    "1-7": {
        "mde": 5.859576705348526,
        "count": 396
    },
    "1-8": {
        "mde": 2.2353719643611787,
        "count": 396
    },
    "1-9": {
        "mde": 0.9658868071271087,
        "count": 396
    },
    "10-1": {
        "mde": 1.2748867116570601,
        "count": 396
    },
    "10-11": {
        "mde": 1.7626497112931634,
        "count": 396
    },
    "11-1": {
        "mde": 2.145454545454545,
        "count": 396
    },
    "11-10": {
        "mde": 0.3408008437050894,
        "count": 396
    },
    "11-11": {
        "mde": 1.686338237623496,
        "count": 396
    },
    "11-2": {
        "mde": 2.0344283230882363,
        "count": 396
    },
    "11-3": {
        "mde": 1.2812625873527026,
        "count": 396
    },
    "11-4": {
        "mde": 1.186363636363636,
        "count": 396
    },
    "11-5": {
        "mde": 0.9505595710255346,
        "count": 396
    },
    "11-6": {
        "mde": 1.8071021143710533,
        "count": 396
    },
    "11-7": {
        "mde": 1.8364205950669936,
        "count": 396
    },
    "11-8": {
        "mde": 1.1212121212121209,
        "count": 396
    },
    "11-9": {
        "mde": 0.1363636363636364,
        "count": 396
    },
    "2-1": {
        "mde": 2.9339609296399587,
        "count": 396
    },
    "2-11": {
        "mde": 1.7077604879760377,
        "count": 396
    },
    "3-1": {
        "mde": 0.07151111441044167,
        "count": 396
    },
    "3-11": {
        "mde": 1.9621864477427897,
        "count": 396
    },
    "4-1": {
        "mde": 1.5458017204492558,
        "count": 396
    },
    "4-11": {
        "mde": 0.6893939393939394,
        "count": 396
    },
    "5-1": {
        "mde": 3.862546633525814,
        "count": 396
    },
    "5-11": {
        "mde": 1.020243454204542,
        "count": 396
    },
    "6-1": {
        "mde": 0.7621727460299615,
        "count": 396
    },
    "6-10": {
        "mde": 1.0657192794186605,
        "count": 396
    },
    "6-11": {
        "mde": 1.6424242424242426,
        "count": 396
    },
    "6-2": {
        "mde": 0.5520037434539888,
        "count": 396
    },
    "6-3": {
        "mde": 1.5562461776131613,
        "count": 396
    },
    "6-4": {
        "mde": 2.0922430175644426,
        "count": 396
    },
    "6-5": {
        "mde": 2.2187654735712234,
        "count": 396
    },
    "6-6": {
        "mde": 2.63705266022836,
        "count": 396
    },
    "6-7": {
        "mde": 2.757255588111455,
        "count": 396
    },
    "6-8": {
        "mde": 2.4045561245954197,
        "count": 396
    },
    "6-9": {
        "mde": 0.932366984386425,
        "count": 396
    },
    "7-1": {
        "mde": 0.37971707402482496,
        "count": 396
    },
    "7-11": {
        "mde": 1.8652665346876918,
        "count": 396
    },
    "8-1": {
        "mde": 1.0376226543861293,
        "count": 396
    },
    "8-11": {
        "mde": 0.20874072951983152,
        "count": 396
    },
    "9-1": {
        "mde": 0.9410804720746084,
        "count": 396
    },
    "9-11": {
        "mde": 1.029830844943148,
        "count": 396
    }
}