{
    "1-1": {
        "mde": 0.5968253968253967,
        "count": 378
    },
    "1-10": {
        "mde": 0.2928128094414059,
        "count": 378
    },
    "1-11": {
        "mde": 1.718538813583085,
        "count": 378
    },
    "1-2": {
        "mde": 0.04265088521442668,
        "count": 378
    },
    "1-3": {
        "mde": 0.7006920588125994,
        "count": 378
    },
    "1-4": {
        "mde": 0.9113648881430987,
        "count": 378
    },
    "1-5": {
        "mde": 0.0,
        "count": 378
    },
    "1-6": {
        "mde": 1.0809523809523807,
        "count": 378
    },
    "1-7": {
        "mde": 2.716952947498304,
        "count": 378
    },
    "1-8": {
        "mde": 1.1035150697411482,
        "count": 378
    },
    "1-9": {
        "mde": 1.2348739271081433,
        "count": 378
    },
    "10-1": {
        "mde": 1.226024584132061,
        "count": 378
    },
    "10-11": {
        "mde": 2.020642940367308,
        "count": 378
    },
    "11-1": {
        "mde": 1.5285714285714285,
        "count": 378
    },
    "11-10": {
        "mde": 0.5063492063492064,
        "count": 378
    },
    "11-11": {
        "mde": 0.5222222222222219,
        "count": 378
    },
    "11-2": {
        "mde": 1.732003615333601,
        "count": 378
    },
    "11-3": {
        "mde": 0.8764313050297383,
        "count": 378
    },
    "11-4": {
        "mde": 1.2709259252510874,
        "count": 378
    },
    "11-5": {
        "mde": 0.6142857142857142,
        "count": 378
    },
    "11-6": {
        "mde": 1.620634920634921,
        "count": 378
    },
    "11-7": {
        "mde": 0.04664311874148333,
        "count": 378
    },
    "11-8": {
        "mde": 0.6095238095238095,
        "count": 378
    },
    "11-9": {
        "mde": 0.4111111111111112,
        "count": 378
    },
    "2-1": {
        "mde": 2.5,
        "count": 378
    },
    "2-11": {
        "mde": 0.9529025744536324,
        "count": 378
    },
    "3-1": {
        "mde": 0.7142090550265441,
        "count": 378
    },
    "3-11": {
        "mde": 0.3737861609114898,
        "count": 378
    },
    "4-1": {
        "mde": 0.19932783180064553,
        "count": 378
    },
    "4-11": {
        "mde": 0.9619302182431848,
        "count": 378
    },
    "5-1": {
        "mde": 2.7329282246495166,
        "count": 378
    },
    "5-11": {
        "mde": 0.0741713048592982,
        "count": 378
    },
    "6-1": {
        "mde": 1.8068271354178045,
        "count": 378
    },
    "6-10": {
        "mde": 1.2926946161952608,
        "count": 378
    },
    "6-11": {
        "mde": 1.1139845232950898,
        "count": 378
    },
    "6-2": {
        "mde": 0.07451566889816905,
        "count": 378
    },
    "6-3": {
        "mde": 0.4754869971646441,
        "count": 378
    },
    "6-4": {
        "mde": 1.661084110782993,
        "count": 378
    },
    "6-5": {
        "mde": 1.7190283434025788,
        "count": 378
    },
    "6-6": {
        "mde": 3.3223026604218426,
        "count": 378
    },
    "6-7": {
        "mde": 3.2492498882160334,
        "count": 378
    },
    "6-8": {
        "mde": 1.955471016262056,
        "count": 378
    },
    "6-9": {
        "mde": 1.7866088226467314,
        "count": 378
    },
    "7-1": {
        "mde": 0.14141631136005567,
        "count": 378
    },
    "7-11": {
        "mde": 1.2158730158730153,
        "count": 378
    },
    "8-1": {
        "mde": 0.35068270888222347,
        "count": 378
    },
    "8-11": {
        "mde": 0.3765509686846478,
        "count": 378
    },
    "9-1": {
        "mde": 0.9663498198908396,
        "count": 378
    },
    "9-11": {
        "mde": 1.316223079170514,
        "count": 378
    }
}