{
    "1-1": {
        "mde": 0.1424242424242424,
        "count": 396
    },
    "1-10": {
        "mde": 1.4039996802696362,
        "count": 396
    },
    "1-11": {
        "mde": 1.496011041588238,
        "count": 396
    },
    "1-2": {
        "mde": 0.8718502904340067,
        "count": 396
    },
    "1-3": {
        "mde": 0.6757575757575756,
        "count": 396
    },
    "1-4": {
        "mde": 0.03869417962106269,
        "count": 396
    },
    "1-5": {
        "mde": 0.030489553978208586,
        "count": 396
    },
    "1-6": {
        "mde": 0.7055483390752887,
        "count": 396
    },
    "1-7": {
        "mde": 3.0126456675692714,
        "count": 396
    },
    "1-8": {
        "mde": 4.151948973153842,
        "count": 396
    },
    "1-9": {
        "mde": 0.8274227568387768,
        "count": 396
    },
    "10-1": {
        "mde": 1.2296164473477427,
        "count": 396
    },
    "10-11": {
        "mde": 1.41360031601294,
        "count": 396
    },
    "11-1": {
        "mde": 2.1409090909090907,
        "count": 396
    },
    "11-10": {
        "mde": 0.27446860348282914,
        "count": 396
    },
    "11-11": {
        "mde": 0.4333333333333331,
        "count": 396
    },
    "11-2": {
        "mde": 1.819408838906839,
        "count": 396
    },
    "11-3": {
        "mde": 1.0916665035338173,
        "count": 396
    },
    "11-4": {
        "mde": 0.30757575757575756,
        "count": 396
    },
    "11-5": {
        "mde": 0.15757575757575756,
        "count": 396
    },
    "11-6": {
        "mde": 1.7575757575757582,
        "count": 396
    },
    "11-7": {
        "mde": 0.9369472194047488,
        "count": 396
    },
    "11-8": {
        "mde": 0.6146392481661975,
        "count": 396
    },
    "11-9": {
        "mde": 0.03181818181818182,
        "count": 396
    },
    "2-1": {
        "mde": 2.9209521623102215,
        "count": 396
    },
    "2-11": {
        "mde": 1.6072208853069572,
        "count": 396
    },
    "3-1": {
        "mde": 0.057933436329545146,
        "count": 396
    },
    "3-11": {
        "mde": 1.2685853987589915,
        "count": 396
    },
    "4-1": {
        "mde": 2.583303371948798,
        "count": 396
    },
    "4-11": {
        "mde": 0.6075757575757574,
        "count": 396
    },
    "5-1": {
        "mde": 1.4797879150041309,
        "count": 396
    },
    "5-11": {
        "mde": 0.7646766696656319,
        "count": 396
    },
    "6-1": {
        "mde": 1.1487221254614666,
        "count": 396
    },
    "6-10": {
        "mde": 0.5347846702739718,
        "count": 396
    },
    "6-11": {
        "mde": 1.284848484848485,
        "count": 396
    },
    "6-2": {
        "mde": 0.1963557044240194,
        "count": 396
    },
    "6-3": {
        "mde": 1.2827590800019666,
        "count": 396
    },
    "6-4": {
        "mde": 1.6996212453189248,
        "count": 396
    },
    "6-5": {
        "mde": 0.6869835478456265,
        "count": 396
    },
    "6-6": {
        "mde": 3.5162205858983246,
        "count": 396
    },
    "6-7": {
        "mde": 3.1988090142377894,
        "count": 396
    },
    "6-8": {
        "mde": 1.229022362839737,
        "count": 396
    },
    "6-9": {
        "mde": 0.16315138957972974,
        "count": 396
    },
    "7-1": {
        "mde": 0.2911247209253573,
        "count": 396
    },
    "7-11": {
        "mde": 1.0636363636363633,
        "count": 396
    },
    "8-1": {
        "mde": 0.15000000000000002,
        "count": 396
    },
    "8-11": {
        "mde": 0.4384186753209727,
        "count": 396
    },
    "9-1": {
        "mde": 1.2617165009296991,
        "count": 396
    },
    "9-11": {
        "mde": 1.191502467863887,
        "count": 396
    }
}