{
    "1-1": {
        "mde": 2.315012412472092,
        "count": 378
    },
    "1-10": {
        "mde": 0.624144840791908,
        "count": 378
    },
    "1-11": {
        "mde": 0.8385791115421243,
        "count": 378
    },
    "1-2": {
        "mde": 0.019962684480224563,
        "count": 378
    },
    "1-3": {
        "mde": 0.7498350445307478,
        "count": 378
    },
    "1-4": {
        "mde": 3.4729015982936766,
        "count": 378
    },
    "1-5": {
        "mde": 1.409525833229695,
        "count": 378
    },
    "1-6": {
        "mde": 0.041269841269841276,
        "count": 378
    },
    "1-7": {
        "mde": 3.0871518985712787,
        "count": 378
    },
    "1-8": {
        "mde": 1.6353108652455282,
        "count": 378
    },
    "1-9": {
        "mde": 1.196652659717992,
        "count": 378
    },
    "10-1": {
        "mde": 1.2670253970512142,
        "count": 378
    },
    "10-11": {
        "mde": 3.001524315259277,
        "count": 378
    },
    "11-1": {
        "mde": 1.7952380952380955,
        "count": 378
    },
    "11-10": {
        "mde": 0.18095238095238098,
        "count": 378
    },
    "11-11": {
        "mde": 1.3459399186136187,
        "count": 378
    },
    "11-2": {
        "mde": 1.751021632772468,
        "count": 378
    },
    "11-3": {
        "mde": 1.4473954396269688,
        "count": 378
    },
    "11-4": {
        "mde": 0.5174603174603175,
        "count": 378
    },
    "11-5": {
        "mde": 0.6927329787348475,
        "count": 378
    },
    "11-6": {
        "mde": 0.37668606817331624,
        "count": 378
    },
    "11-7": {
        "mde": 0.41505600218133104,
        "count": 378
    },
    "11-8": {
        "mde": 1.992063492063492,
        "count": 378
    },
    "11-9": {
        "mde": 0.6809523809523812,
        "count": 378
    },
    "2-1": {
        "mde": 1.858683432934091,
        "count": 378
    },
    "2-11": {
        "mde": 0.8483698647108996,
        "count": 378
    },
    "3-1": {
        "mde": 1.6717513660246808,
        "count": 378
    },
    "3-11": {
        "mde": 0.6777944726935073,
        "count": 378
    },
    "4-1": {
        "mde": 0.715640761260489,
        "count": 378
    },
    "4-11": {
        "mde": 1.1911904150463108,
        "count": 378
    },
    "5-1": {
        "mde": 3.174052814386569,
        "count": 378
    },
    "5-11": {
        "mde": 1.8566784409669834,
        "count": 378
    },
    "6-1": {
        "mde": 4.869801128360532,
        "count": 378
    },
    "6-10": {
        "mde": 1.8628792560785883,
        "count": 378
    },
    "6-11": {
        "mde": 1.1450558171541816,
        "count": 378
    },
    "6-2": {
        "mde": 0.3679600219349161,
        "count": 378
    },
    "6-3": {
        "mde": 1.7938470531474469,
        "count": 378
    },
    "6-4": {
        "mde": 1.624842008157803,
        "count": 378
    },
    "6-5": {
        "mde": 2.7811131140346688,
        "count": 378
    },
    "6-6": {
        "mde": 1.583827981470783,
        "count": 378
    },
    "6-7": {
        "mde": 2.6258909042207685,
        "count": 378
    },
    "6-8": {
        "mde": 2.484367546494761,
        "count": 378
    },
    "6-9": {
        "mde": 2.372067651950983,
        "count": 378
    },
    "7-1": {
        "mde": 0.08280242073110546,
        "count": 378
    },
    "7-11": {
        "mde": 2.3365960519914917,
        "count": 378
    },
    "8-1": {
        "mde": 0.9603174603174603,
        "count": 378
    },
    "8-11": {
        "mde": 0.8396268210495181,
        "count": 378
    },
    "9-1": {
        "mde": 1.0834257452277534,
        "count": 378
    },
    "9-11": {
        "mde": 0.6916629694999817,
        "count": 378
    }
}