{
    "1-1": {
        "mde": 0.511304347826087,
        "count": 345
    },
    "1-10": {
        "mde": 0.14697275632002635,
        "count": 345
    },
    "1-11": {
        "mde": 0.8242312461363843,
        "count": 345
    },
    "1-2": {
        "mde": 0.47648176651472,
        "count": 345
    },
    "1-3": {
        "mde": 0.29743519031790855,
        "count": 345
    },
    "1-4": {
        "mde": 0.5522013361432541,
        "count": 345
    },
    "1-5": {
        "mde": 0.2812582239280822,
        "count": 345
    },
    "1-6": {
        "mde": 2.031353081676064,
        "count": 345
    },
    "1-7": {
        "mde": 1.809517499013452,
        "count": 345
    },
    "1-8": {
        "mde": 0.26588347841408355,
        "count": 345
    },
    "1-9": {
        "mde": 0.07556991468404013,
        "count": 345
    },
    "10-1": {
        "mde": 0.150498802088783,
        "count": 345
    },
    "10-11": {
        "mde": 0.7773038543224847,
        "count": 345
    },
    "11-1": {
        "mde": 0.839706003295383,
        "count": 345
    },
    "11-10": {
        "mde": 0.5339130434782605,
        "count": 345
    },
    "11-11": {
        "mde": 1.1930434782608696,
        "count": 345
    },
    "11-2": {
        "mde": 1.309778415483645,
        "count": 345
    },
    "11-3": {
        "mde": 1.2894675697496638,
        "count": 345
    },
    "11-4": {
        "mde": 1.9583399243059731,
        "count": 345
    },
    "11-5": {
        "mde": 0.1008695652173913,
        "count": 345
    },
    "11-6": {
        "mde": 2.7610046987141494,
        "count": 345
    },
    "11-7": {
        "mde": 0.10579295981712226,
        "count": 345
    },
    "11-8": {
        "mde": 0.4720054334564047,
        "count": 345
    },
    "11-9": {
        "mde": 1.2166383667451341,
        "count": 345
    },
    "2-1": {
        "mde": 0.48510357006493,
        "count": 345
    },
    "2-11": {
        "mde": 0.5593897576359539,
        "count": 345
    },
    "3-1": {
        "mde": 0.003478260869565217,
        "count": 345
    },
    "3-11": {
        "mde": 0.37302017542642757,
        "count": 345
    },
    "4-1": {
        "mde": 0.3697970567874503,
        "count": 345
    },
    "4-11": {
        "mde": 0.01925403097715735,
        "count": 345
    },
    "5-1": {
        "mde": 0.024347826086956518,
        "count": 345
    },
    "5-11": {
        "mde": 0.9877975185171851,
        "count": 345
    },
    "6-1": {
        "mde": 1.152150338249623,
        "count": 345
    },
    "6-10": {
        "mde": 1.2393968851824944,
        "count": 345
    },
    "6-11": {
        "mde": 1.0232785474906685,
        "count": 345
    },
    "6-2": {
        "mde": 0.7048676623217004,
        "count": 345
    },
    "6-3": {
        "mde": 1.3993409185552521,
        "count": 345
    },
    "6-4": {
        "mde": 0.5191223997095047,
        "count": 345
    },
    "6-5": {
        "mde": 0.4173913043478259,
        "count": 345
    },
    "6-6": {
        "mde": 0.4956521739130435,
        "count": 345
    },
    "6-7": {
        "mde": 0.5502663030216224,
        "count": 345
    },
    "6-8": {
        "mde": 0.07627287876765293,
        "count": 345
    },
    "6-9": {
        "mde": 1.9770481052510394,
        "count": 345
    },
    "7-1": {
        "mde": 2.8742684867090316,
        "count": 345
    },
    "7-11": {
        "mde": 2.034782608695652,
        "count": 345
    },
    "8-1": {
        "mde": 0.17739130434782613,
        "count": 345
    },
    "8-11": {
        "mde": 0.0494198397652152,
        "count": 345
    },
    "9-1": {
        "mde": 1.0116171726894356,
        "count": 345
    },
    "9-11": {
        "mde": 1.6608120241927684,
        "count": 345
    }
}