{
    "1-1": {
        "mde": 0.0033240997229916896,
        "count": 361
    },
    "1-10": {
        "mde": 0.0047009869109354945,
        "count": 361
    },
    "1-11": {
        "mde": 0.0033240997229916896,
        "count": 361
    },
    "1-2": {
        "mde": 0.0,
        "count": 361
    },
    "1-3": {
        "mde": 0.008310249307479225,
        "count": 361
    },
    "1-4": {
        "mde": 0.015228162316069329,
        "count": 361
    },
    "1-5": {
        "mde": 0.027206620847955096,
        "count": 361
    },
    "1-6": {
        "mde": 0.00997229916897507,
        "count": 361
    },
    "1-7": {
        "mde": 0.0,
        "count": 361
    },
    "1-8": {
        "mde": 0.017054787546417448,
        "count": 361
    },
    "1-9": {
        "mde": 0.01755228248947903,
        "count": 361
    },
    "10-1": {
        "mde": 0.010825318131799246,
        "count": 361
    },
    "10-11": {
        "mde": 0.026592797783933524,
        "count": 361
    },
    "11-1": {
        "mde": 0.008310249307479221,
        "count": 361
    },
    "11-10": {
        "mde": 0.007728999789262413,
        "count": 361
    },
    "11-11": {
        "mde": 0.009972299168975069,
        "count": 361
    },
    "11-2": {
        "mde": 0.0,
        "count": 361
    },
    "11-3": {
        "mde": 0.009972299168975069,
        "count": 361
    },
    "11-4": {
        "mde": 0.006648199445983381,
        "count": 361
    },
    "11-5": {
        "mde": 0.008474824676331498,
        "count": 361
    },
    "11-6": {
        "mde": 0.004986149584487535,
        "count": 361
    },
    "11-7": {
        "mde": 0.006852807133990571,
        "count": 361
    },
    "11-8": {
        "mde": 0.004986149584487535,
        "count": 361
    },
    "11-9": {
        "mde": 0.0033240997229916905,
        "count": 361
    },
    "2-1": {
        "mde": 0.0016620498614958448,
        "count": 361
    },
    "2-11": {
        "mde": 0.005255863147094258,
        "count": 361
    },
    "3-1": {
        "mde": 0.0,
        "count": 361
    },
    "3-11": {
        "mde": 0.019659435664398102,
        "count": 361
    },
    "4-1": {
        "mde": 0.007654655859496934,
        "count": 361
    },
    "4-11": {
        "mde": 0.008310249307479225,
        "count": 361
    },
    "5-1": {
        "mde": 0.009268406464057853,
        "count": 361
    },
    "5-11": {
        "mde": 0.012527400312450008,
        "count": 361
    },
    "6-1": {
        "mde": 0.008310249307479225,
        "count": 361
    },
    "6-10": {
        "mde": 0.012862219749656267,
        "count": 361
    },
    "6-11": {
        "mde": 0.006648199445983381,
        "count": 361
    },
    "6-2": {
        "mde": 0.0016620498614958448,
        "count": 361
    },
    "6-3": {
        "mde": 0.0,
        "count": 361
    },
    "6-4": {
        "mde": 0.004986149584487534,
        "count": 361
    },
    "6-5": {
        "mde": 0.0049861495844875335,
        "count": 361
    },
    "6-6": {
        "mde": 0.008474824676331498,
        "count": 361
    },
    "6-7": {
        "mde": 0.01175246727733874,
        "count": 361
    },
    "6-8": {
        "mde": 0.01536172967388247,
        "count": 361
    },
    "6-9": {
        "mde": 0.0089504124218302,
        "count": 361
    },
    "7-1": {
        "mde": 0.01578444779945371,
        "count": 361
    },
    "7-11": {
        "mde": 0.033720715821962496,
        "count": 361
    },
    "8-1": {
        "mde": 0.013296398891966762,
        "count": 361
    },
    "8-11": {
        "mde": 0.021606648199445987,
        "count": 361
    },
    "9-1": {
        "mde": 0.011149369416896458,
        "count": 361
    },
    "9-11": {
        "mde": 0.0,
        "count": 361
    }
}