{
    "1-1": {
        "mde": 0.2905847094291092,
        "count": 188
    },
    "1-10": {
        "mde": 0.14420003277639168,
        "count": 235
    },
    "1-11": {
        "mde": 0.12336630410510066,
        "count": 233
    },
    "1-2": {
        "mde": 0.2298095618727365,
        "count": 227
    },
    "1-3": {
        "mde": 0.2534285879605929,
        "count": 241
    },
    "1-4": {
        "mde": 0.1999152568186561,
        "count": 213
    },
    "1-5": {
        "mde": 0.2003633438755624,
        "count": 216
    },
    "1-6": {
        "mde": 0.2685711776445321,
        "count": 225
    },
    "1-7": {
        "mde": 0.6230998225920693,
        "count": 243
    },
    "1-8": {
        "mde": 0.4227809660296267,
        "count": 236
    },
    "1-9": {
        "mde": 0.29491852046177297,
        "count": 224
    },
    "10-1": {
        "mde": 1.4075057524164745,
        "count": 514
    },
    "10-11": {
        "mde": 0.4109899239122196,
        "count": 257
    },
    "11-1": {
        "mde": 0.3051561075350769,
        "count": 183
    },
    "11-10": {
        "mde": 0.3565836262490851,
        "count": 216
    },
    "11-11": {
        "mde": 0.4410242044506651,
        "count": 275
    },
    "11-2": {
        "mde": 0.5684614057152488,
        "count": 265
    },
    "11-3": {
        "mde": 0.24356096435335028,
        "count": 241
    },
    "11-4": {
        "mde": 0.3431128050509718,
        "count": 239
    },
    "11-5": {
        "mde": 0.308768977436193,
        "count": 198
    },
    "11-6": {
        "mde": 0.3677758490020612,
        "count": 542
    },
    "11-7": {
        "mde": 0.5515132021580168,
        "count": 240
    },
    "11-8": {
        "mde": 0.45848733955060256,
        "count": 224
    },
    "11-9": {
        "mde": 0.24805591406693978,
        "count": 279
    },
    "2-1": {
        "mde": 0.30984963605415194,
        "count": 194
    },
    "2-11": {
        "mde": 1.0398847859812428,
        "count": 251
    },
    "3-1": {
        "mde": 0.520564645540424,
        "count": 221
    },
    "3-11": {
        "mde": 0.4591103125779193,
        "count": 243
    },
    "4-1": {
        "mde": 0.2418607191225839,
        "count": 217
    },
    "4-11": {
        "mde": 0.4547768257320482,
        "count": 217
    },
    "5-1": {
        "mde": 0.2601484880293717,
        "count": 219
    },
    "5-11": {
        "mde": 0.5500002324172901,
        "count": 216
    },
    "6-1": {
        "mde": 0.6667295826351327,
        "count": 210
    },
    "6-10": {
        "mde": 0.42882280236211234,
        "count": 207
    },
    "6-11": {
        "mde": 0.4088370048855213,
        "count": 223
    },
    "6-2": {
        "mde": 0.22885969686784444,
        "count": 226
    },
    "6-3": {
        "mde": 0.3390125988932388,
        "count": 252
    },
    "6-4": {
        "mde": 0.22602667057927947,
        "count": 221
    },
    "6-5": {
        "mde": 0.28340448785727135,
        "count": 214
    },
    "6-6": {
        "mde": 0.7067577633778815,
        "count": 235
    },
    "6-7": {
        "mde": 0.5495560689613941,
        "count": 230
    },
    "6-8": {
        "mde": 0.46878728925988306,
        "count": 206
    },
    "6-9": {
        "mde": 0.5166886558965033,
        "count": 213
    },
    "7-1": {
        "mde": 0.5916953423195748,
        "count": 202
    },
    "7-11": {
        "mde": 0.4319435378117766,
        "count": 227
    },
    "8-1": {
        "mde": 0.5197790760699921,
        "count": 275
    },
    "8-11": {
        "mde": 0.4471189720473236,
        "count": 223
    },
    "9-1": {
        "mde": 0.458198515637099,
        "count": 251
    },
    "9-11": {
        "mde": 0.25221165026413805,
        "count": 201
    }
}