{
    "10": {
        "mde": 0.0,
        "count": 361
    },
    "1": {
        "mde": 0.005255863147094259,
        "count": 361
    },
    "0": {
        "mde": 0.0,
        "count": 361
    },
    "9": {
        "mde": 0.018400666723322117,
        "count": 361
    },
    "8": {
        "mde": 0.007654655859496934,
        "count": 361
    },
    "7": {
        "mde": 0.020753739025770313,
        "count": 361
    },
    "6": {
        "mde": 0.029448776520058003,
        "count": 361
    },
    "5": {
        "mde": 0.0,
        "count": 361
    },
    "4": {
        "mde": 0.0,
        "count": 361
    },
    "3": {
        "mde": 0.0016620498614958452,
        "count": 361
    },
    "2": {
        "mde": 0.008702606056786355,
        "count": 361
    },
    "45": {
        "mde": 0.020797617300774316,
        "count": 361
    },
    "33": {
        "mde": 0.03450569374469439,
        "count": 361
    },
    "44": {
        "mde": 0.004986149584487534,
        "count": 361
    },
    "35": {
        "mde": 0.0033240997229916926,
        "count": 361
    },
    "34": {
        "mde": 0.014958448753462602,
        "count": 361
    },
    "43": {
        "mde": 0.0,
        "count": 361
    },
    "42": {
        "mde": 0.014958448753462604,
        "count": 361
    },
    "41": {
        "mde": 0.0016620498614958452,
        "count": 361
    },
    "40": {
        "mde": 0.0,
        "count": 361
    },
    "39": {
        "mde": 0.006648199445983381,
        "count": 361
    },
    "38": {
        "mde": 0.014102960732806487,
        "count": 361
    },
    "37": {
        "mde": 0.014297493518630406,
        "count": 361
    },
    "36": {
        "mde": 0.0037164564722988193,
        "count": 361
    },
    "11": {
        "mde": 0.0103646559182822,
        "count": 361
    },
    "29": {
        "mde": 0.015767589441282776,
        "count": 361
    },
    "12": {
        "mde": 0.009094962806093483,
        "count": 361
    },
    "28": {
        "mde": 0.02733643638022114,
        "count": 361
    },
    "13": {
        "mde": 0.012640805443984469,
        "count": 361
    },
    "27": {
        "mde": 0.010242012731581795,
        "count": 361
    },
    "14": {
        "mde": 0.015646892347434507,
        "count": 361
    },
    "26": {
        "mde": 0.010930456325553697,
        "count": 361
    },
    "15": {
        "mde": 0.0033240997229916905,
        "count": 361
    },
    "24": {
        "mde": 0.018258231076396885,
        "count": 361
    },
    "25": {
        "mde": 0.004986149584487534,
        "count": 361
    },
    "16": {
        "mde": 0.002350493455467748,
        "count": 361
    },
    "17": {
        "mde": 0.0,
        "count": 361
    },
    "18": {
        "mde": 0.016738616861826275,
        "count": 361
    },
    "19": {
        "mde": 0.0049861495844875335,
        "count": 361
    },
    "20": {
        "mde": 0.0,
        "count": 361
    },
    "21": {
        "mde": 0.0,
        "count": 361
    },
    "22": {
        "mde": 0.0234332734297941,
        "count": 361
    },
    "23": {
        "mde": 0.0084748246763315,
        "count": 361
    },
    "48": {
        "mde": 0.02898665901757986,
        "count": 361
    },
    "30": {
        "mde": 0.021744203651465184,
        "count": 361
    },
    "47": {
        "mde": 0.008579962870085948,
        "count": 361
    },
    "31": {
        "mde": 0.026592797783933524,
        "count": 361
    },
    "46": {
        "mde": 0.0,
        "count": 361
    },
    "32": {
        "mde": 0.009094962806093485,
        "count": 361
    }
}