{
    "1-1": {
        "mde": 0.10434782608695652,
        "count": 345
    },
    "1-10": {
        "mde": 0.10456041565876083,
        "count": 345
    },
    "1-11": {
        "mde": 0.5982608695652171,
        "count": 345
    },
    "1-2": {
        "mde": 0.4791307010285458,
        "count": 345
    },
    "1-3": {
        "mde": 0.3100181819045901,
        "count": 345
    },
    "1-4": {
        "mde": 1.6298707848004665,
        "count": 345
    },
    "1-5": {
        "mde": 0.028254280436930998,
        "count": 345
    },
    "1-6": {
        "mde": 1.9672514762019593,
        "count": 345
    },
    "1-7": {
        "mde": 1.3573594812645924,
        "count": 345
    },
    "1-8": {
        "mde": 0.9450650951220861,
        "count": 345
    },
    "1-9": {
        "mde": 0.02434782608695653,
        "count": 345
    },
    "10-1": {
        "mde": 0.0382608695652174,
        "count": 345
    },
    "10-11": {
        "mde": 0.8665716732415113,
        "count": 345
    },
    "11-1": {
        "mde": 0.6504347826086956,
        "count": 345
    },
    "11-10": {
        "mde": 0.3830192486565212,
        "count": 345
    },
    "11-11": {
        "mde": 1.2,
        "count": 345
    },
    "11-2": {
        "mde": 1.0152021807474894,
        "count": 345
    },
    "11-3": {
        "mde": 1.0036317354675917,
        "count": 345
    },
    "11-4": {
        "mde": 1.0344556547302053,
        "count": 345
    },
    "11-5": {
        "mde": 0.048695652173913036,
        "count": 345
    },
    "11-6": {
        "mde": 1.6920449506011894,
        "count": 345
    },
    "11-7": {
        "mde": 0.24832175550488386,
        "count": 345
    },
    "11-8": {
        "mde": 1.2295652173913043,
        "count": 345
    },
    "11-9": {
        "mde": 1.2569531741056452,
        "count": 345
    },
    "2-1": {
        "mde": 0.36741781086843234,
        "count": 345
    },
    "2-11": {
        "mde": 0.6213424125954039,
        "count": 345
    },
    "3-1": {
        "mde": 0.0,
        "count": 345
    },
    "3-11": {
        "mde": 0.4027639191777935,
        "count": 345
    },
    "4-1": {
        "mde": 0.4761179633663171,
        "count": 345
    },
    "4-11": {
        "mde": 0.25301836957547824,
        "count": 345
    },
    "5-1": {
        "mde": 0.03603190818475635,
        "count": 345
    },
    "5-11": {
        "mde": 0.5248476643286696,
        "count": 345
    },
    "6-1": {
        "mde": 1.1683013847107824,
        "count": 345
    },
    "6-10": {
        "mde": 0.4532292134782243,
        "count": 345
    },
    "6-11": {
        "mde": 0.8528437648819729,
        "count": 345
    },
    "6-2": {
        "mde": 1.162703245297344,
        "count": 345
    },
    "6-3": {
        "mde": 1.8391771392772682,
        "count": 345
    },
    "6-4": {
        "mde": 0.7961412366515345,
        "count": 345
    },
    "6-5": {
        "mde": 0.37565217391304356,
        "count": 345
    },
    "6-6": {
        "mde": 1.3791304347826085,
        "count": 345
    },
    "6-7": {
        "mde": 2.4104347826086956,
        "count": 345
    },
    "6-8": {
        "mde": 0.09756147482698928,
        "count": 345
    },
    "6-9": {
        "mde": 1.5873761299550448,
        "count": 345
    },
    "7-1": {
        "mde": 1.5338364569087435,
        "count": 345
    },
    "7-11": {
        "mde": 1.4827818781001394,
        "count": 345
    },
    "8-1": {
        "mde": 0.40521739130434786,
        "count": 345
    },
    "8-11": {
        "mde": 0.16764929676116203,
        "count": 345
    },
    "9-1": {
        "mde": 1.0182606823170774,
        "count": 345
    },
    "9-11": {
        "mde": 0.20461300146521486,
        "count": 345
    }
}