{
    "1-1": {
        "mde": 0.0033240997229916896,
        "count": 361
    },
    "1-10": {
        "mde": 0.0023504934554677472,
        "count": 361
    },
    "1-11": {
        "mde": 0.01662049861495845,
        "count": 361
    },
    "1-2": {
        "mde": 0.020740236007677132,
        "count": 361
    },
    "1-3": {
        "mde": 0.013011236218414721,
        "count": 361
    },
    "1-4": {
        "mde": 0.019091689164274468,
        "count": 361
    },
    "1-5": {
        "mde": 0.015743162252076864,
        "count": 361
    },
    "1-6": {
        "mde": 0.0,
        "count": 361
    },
    "1-7": {
        "mde": 0.013015432512208255,
        "count": 361
    },
    "1-8": {
        "mde": 0.006648199445983377,
        "count": 361
    },
    "1-9": {
        "mde": 0.008310249307479225,
        "count": 361
    },
    "10-1": {
        "mde": 0.018282548476454292,
        "count": 361
    },
    "10-11": {
        "mde": 0.043305349260062194,
        "count": 361
    },
    "11-1": {
        "mde": 0.011634349030470914,
        "count": 361
    },
    "11-10": {
        "mde": 0.004986149584487534,
        "count": 361
    },
    "11-11": {
        "mde": 0.004986149584487532,
        "count": 361
    },
    "11-2": {
        "mde": 0.0016620498614958448,
        "count": 361
    },
    "11-3": {
        "mde": 0.0,
        "count": 361
    },
    "11-4": {
        "mde": 0.01662049861495845,
        "count": 361
    },
    "11-5": {
        "mde": 0.006648199445983379,
        "count": 361
    },
    "11-6": {
        "mde": 0.0033240997229916905,
        "count": 361
    },
    "11-7": {
        "mde": 0.0,
        "count": 361
    },
    "11-8": {
        "mde": 0.0,
        "count": 361
    },
    "11-9": {
        "mde": 0.0,
        "count": 361
    },
    "2-1": {
        "mde": 0.012173776155684364,
        "count": 361
    },
    "2-11": {
        "mde": 0.006917913008590103,
        "count": 361
    },
    "3-1": {
        "mde": 0.0,
        "count": 361
    },
    "3-11": {
        "mde": 0.030923353920438764,
        "count": 361
    },
    "4-1": {
        "mde": 0.009687136495423031,
        "count": 361
    },
    "4-11": {
        "mde": 0.005255863147094259,
        "count": 361
    },
    "5-1": {
        "mde": 0.025307655560799485,
        "count": 361
    },
    "5-11": {
        "mde": 0.0,
        "count": 361
    },
    "6-1": {
        "mde": 0.0,
        "count": 361
    },
    "6-10": {
        "mde": 0.010375580089394933,
        "count": 361
    },
    "6-11": {
        "mde": 0.02326869806094183,
        "count": 361
    },
    "6-2": {
        "mde": 0.0016620498614958448,
        "count": 361
    },
    "6-3": {
        "mde": 0.0,
        "count": 361
    },
    "6-4": {
        "mde": 0.010242012731581795,
        "count": 361
    },
    "6-5": {
        "mde": 0.0,
        "count": 361
    },
    "6-6": {
        "mde": 0.01512302412231488,
        "count": 361
    },
    "6-7": {
        "mde": 0.0089504124218302,
        "count": 361
    },
    "6-8": {
        "mde": 0.020273749075654688,
        "count": 361
    },
    "6-9": {
        "mde": 0.0084748246763315,
        "count": 361
    },
    "7-1": {
        "mde": 0.025259898660142215,
        "count": 361
    },
    "7-11": {
        "mde": 0.02380812518615528,
        "count": 361
    },
    "8-1": {
        "mde": 0.001662049861495844,
        "count": 361
    },
    "8-11": {
        "mde": 0.01740521211357271,
        "count": 361
    },
    "9-1": {
        "mde": 0.0,
        "count": 361
    },
    "9-11": {
        "mde": 0.0016620498614958463,
        "count": 361
    }
}