{
    "1-1": {
        "mde": 0.8796421766338034,
        "count": 402
    },
    "1-10": {
        "mde": 0.2065977833896839,
        "count": 402
    },
    "1-11": {
        "mde": 0.5059701492537313,
        "count": 402
    },
    "1-2": {
        "mde": 0.07279037704731413,
        "count": 402
    },
    "1-3": {
        "mde": 0.20543606542584703,
        "count": 402
    },
    "1-4": {
        "mde": 0.20720891038715802,
        "count": 402
    },
    "1-5": {
        "mde": 0.13132864945660871,
        "count": 402
    },
    "1-6": {
        "mde": 0.0743745550669333,
        "count": 402
    },
    "1-7": {
        "mde": 0.7675665241289684,
        "count": 402
    },
    "1-8": {
        "mde": 0.4246824030891002,
        "count": 402
    },
    "1-9": {
        "mde": 0.08350676773623412,
        "count": 402
    },
    "10-1": {
        "mde": 0.6223764456924888,
        "count": 402
    },
    "10-11": {
        "mde": 0.2809746283135024,
        "count": 402
    },
    "11-1": {
        "mde": 0.04477611940298507,
        "count": 402
    },
    "11-10": {
        "mde": 0.47087477052612026,
        "count": 402
    },
    "11-11": {
        "mde": 0.13731343283582084,
        "count": 402
    },
    "11-2": {
        "mde": 0.39392636393134917,
        "count": 402
    },
    "11-3": {
        "mde": 0.06865671641791046,
        "count": 402
    },
    "11-4": {
        "mde": 0.30891128768429427,
        "count": 402
    },
    "11-5": {
        "mde": 0.17736368791458984,
        "count": 402
    },
    "11-6": {
        "mde": 0.2946801509863031,
        "count": 402
    },
    "11-7": {
        "mde": 0.71411023942545,
        "count": 402
    },
    "11-8": {
        "mde": 0.22965011015352008,
        "count": 402
    },
    "11-9": {
        "mde": 0.36522724832961073,
        "count": 402
    },
    "2-1": {
        "mde": 0.09005419262867774,
        "count": 402
    },
    "2-11": {
        "mde": 0.30296080412311704,
        "count": 402
    },
    "3-1": {
        "mde": 0.36532224460876983,
        "count": 402
    },
    "3-11": {
        "mde": 0.24173957032028928,
        "count": 402
    },
    "4-1": {
        "mde": 0.340345108387657,
        "count": 402
    },
    "4-11": {
        "mde": 0.05918279976492318,
        "count": 402
    },
    "5-1": {
        "mde": 0.045738741896271126,
        "count": 402
    },
    "5-11": {
        "mde": 0.35361155053854987,
        "count": 402
    },
    "6-1": {
        "mde": 0.24689809511432326,
        "count": 402
    },
    "6-10": {
        "mde": 0.2350547420471274,
        "count": 402
    },
    "6-11": {
        "mde": 0.058208955223880574,
        "count": 402
    },
    "6-2": {
        "mde": 0.2640457558136711,
        "count": 402
    },
    "6-3": {
        "mde": 0.291995242864523,
        "count": 402
    },
    "6-4": {
        "mde": 0.4682034503281407,
        "count": 402
    },
    "6-5": {
        "mde": 0.5930804703401834,
        "count": 402
    },
    "6-6": {
        "mde": 0.32477951770119373,
        "count": 402
    },
    "6-7": {
        "mde": 1.1844068854416883,
        "count": 402
    },
    "6-8": {
        "mde": 0.21297118778851198,
        "count": 402
    },
    "6-9": {
        "mde": 0.12661464834162936,
        "count": 402
    },
    "7-1": {
        "mde": 0.12599136352593002,
        "count": 402
    },
    "7-11": {
        "mde": 0.09628840757606849,
        "count": 402
    },
    "8-1": {
        "mde": 0.08906603718687243,
        "count": 402
    },
    "8-11": {
        "mde": 0.02645958516620575,
        "count": 402
    },
    "9-1": {
        "mde": 0.12979604238090758,
        "count": 402
    },
    "9-11": {
        "mde": 0.23956722636374161,
        "count": 402
    }
}