{
    "1-1": {
        "mde": 0.2674816111962983,
        "count": 365
    },
    "1-10": {
        "mde": 0.4506051442720645,
        "count": 365
    },
    "1-11": {
        "mde": 0.39228690669164706,
        "count": 365
    },
    "1-2": {
        "mde": 0.1760558185796871,
        "count": 365
    },
    "1-3": {
        "mde": 0.6774197705575641,
        "count": 365
    },
    "1-4": {
        "mde": 0.531342621131103,
        "count": 365
    },
    "1-5": {
        "mde": 0.3289445473833401,
        "count": 365
    },
    "1-6": {
        "mde": 0.7503154752828307,
        "count": 365
    },
    "1-7": {
        "mde": 0.4802700743024002,
        "count": 365
    },
    "1-8": {
        "mde": 0.24560309574445838,
        "count": 365
    },
    "1-9": {
        "mde": 0.11702175478867959,
        "count": 365
    },
    "10-1": {
        "mde": 0.2330679821133461,
        "count": 365
    },
    "10-11": {
        "mde": 0.46259305015277347,
        "count": 365
    },
    "11-1": {
        "mde": 0.14465753424657535,
        "count": 365
    },
    "11-10": {
        "mde": 0.1407460263317479,
        "count": 365
    },
    "11-11": {
        "mde": 0.11080980997507481,
        "count": 365
    },
    "11-2": {
        "mde": 0.2320504524677559,
        "count": 365
    },
    "11-3": {
        "mde": 0.25054460313343335,
        "count": 365
    },
    "11-4": {
        "mde": 0.0720168487823123,
        "count": 365
    },
    "11-5": {
        "mde": 0.08876712328767125,
        "count": 365
    },
    "11-6": {
        "mde": 0.4730705993420813,
        "count": 365
    },
    "11-7": {
        "mde": 0.377105545935473,
        "count": 365
    },
    "11-8": {
        "mde": 0.725721123970928,
        "count": 365
    },
    "11-9": {
        "mde": 0.8226671410236425,
        "count": 365
    },
    "2-1": {
        "mde": 1.007186644858835,
        "count": 365
    },
    "2-11": {
        "mde": 0.257267839644105,
        "count": 365
    },
    "3-1": {
        "mde": 0.31978481016582627,
        "count": 365
    },
    "3-11": {
        "mde": 0.28834344617085805,
        "count": 365
    },
    "4-1": {
        "mde": 0.08735446169548808,
        "count": 365
    },
    "4-11": {
        "mde": 0.0819422333631506,
        "count": 365
    },
    "5-1": {
        "mde": 0.09823351269511636,
        "count": 365
    },
    "5-11": {
        "mde": 0.8940221670829633,
        "count": 365
    },
    "6-1": {
        "mde": 0.9260036098147423,
        "count": 365
    },
    "6-10": {
        "mde": 0.05908403237293743,
        "count": 365
    },
    "6-11": {
        "mde": 0.08947764395171443,
        "count": 365
    },
    "6-2": {
        "mde": 0.373061266075477,
        "count": 365
    },
    "6-3": {
        "mde": 0.353871023477379,
        "count": 365
    },
    "6-4": {
        "mde": 0.32993610652079064,
        "count": 365
    },
    "6-5": {
        "mde": 0.4270376594983655,
        "count": 365
    },
    "6-6": {
        "mde": 0.7929701176848003,
        "count": 365
    },
    "6-7": {
        "mde": 0.8920455758256897,
        "count": 365
    },
    "6-8": {
        "mde": 0.6764668749697194,
        "count": 365
    },
    "6-9": {
        "mde": 0.19462575085321338,
        "count": 365
    },
    "7-1": {
        "mde": 0.05938276519988564,
        "count": 365
    },
    "7-11": {
        "mde": 0.5473972602739725,
        "count": 365
    },
    "8-1": {
        "mde": 0.0848478462014201,
        "count": 365
    },
    "8-11": {
        "mde": 0.004931506849315066,
        "count": 365
    },
    "9-1": {
        "mde": 0.12246332584822558,
        "count": 365
    },
    "9-11": {
        "mde": 0.0032876712328767104,
        "count": 365
    }
}