{
    "1-1": {
        "mde": 0.44277083657173305,
        "count": 386
    },
    "1-10": {
        "mde": 0.23836637585574028,
        "count": 386
    },
    "1-11": {
        "mde": 0.49938423870084747,
        "count": 386
    },
    "1-2": {
        "mde": 0.3494523216699815,
        "count": 386
    },
    "1-3": {
        "mde": 0.15486518843487593,
        "count": 386
    },
    "1-4": {
        "mde": 0.3490727075497995,
        "count": 386
    },
    "1-5": {
        "mde": 0.1089622064978126,
        "count": 386
    },
    "1-6": {
        "mde": 0.11275750139150988,
        "count": 386
    },
    "1-7": {
        "mde": 0.21416773501788447,
        "count": 386
    },
    "1-8": {
        "mde": 0.7595734842725579,
        "count": 386
    },
    "1-9": {
        "mde": 1.1532148396772783,
        "count": 386
    },
    "10-1": {
        "mde": 0.4162813902897107,
        "count": 386
    },
    "10-11": {
        "mde": 0.6234956848915988,
        "count": 386
    },
    "11-1": {
        "mde": 0.7506037569036134,
        "count": 386
    },
    "11-10": {
        "mde": 0.21105586281507493,
        "count": 386
    },
    "11-11": {
        "mde": 0.026424870466321228,
        "count": 386
    },
    "11-2": {
        "mde": 0.0733092398862721,
        "count": 386
    },
    "11-3": {
        "mde": 0.11501147577605984,
        "count": 386
    },
    "11-4": {
        "mde": 0.1629069008910221,
        "count": 386
    },
    "11-5": {
        "mde": 0.10131659049870304,
        "count": 386
    },
    "11-6": {
        "mde": 0.024513465721661673,
        "count": 386
    },
    "11-7": {
        "mde": 0.18673681317245738,
        "count": 386
    },
    "11-8": {
        "mde": 1.6609747622380813,
        "count": 386
    },
    "11-9": {
        "mde": 1.1040230905918347,
        "count": 386
    },
    "2-1": {
        "mde": 0.3700587282432007,
        "count": 386
    },
    "2-11": {
        "mde": 0.18199941112165413,
        "count": 386
    },
    "3-1": {
        "mde": 0.07270125096531421,
        "count": 386
    },
    "3-11": {
        "mde": 0.16021675744139288,
        "count": 386
    },
    "4-1": {
        "mde": 0.15342089836309852,
        "count": 386
    },
    "4-11": {
        "mde": 0.04176758796787733,
        "count": 386
    },
    "5-1": {
        "mde": 0.0325967296608453,
        "count": 386
    },
    "5-11": {
        "mde": 0.8359217262185783,
        "count": 386
    },
    "6-1": {
        "mde": 0.21295336787564767,
        "count": 386
    },
    "6-10": {
        "mde": 0.5682479871223217,
        "count": 386
    },
    "6-11": {
        "mde": 0.031088082901554404,
        "count": 386
    },
    "6-2": {
        "mde": 0.47982887331092167,
        "count": 386
    },
    "6-3": {
        "mde": 0.05704397686872704,
        "count": 386
    },
    "6-4": {
        "mde": 0.0705063599691733,
        "count": 386
    },
    "6-5": {
        "mde": 0.1764992993514753,
        "count": 386
    },
    "6-6": {
        "mde": 0.11251580021834379,
        "count": 386
    },
    "6-7": {
        "mde": 0.850352527568325,
        "count": 386
    },
    "6-8": {
        "mde": 0.5554272282250547,
        "count": 386
    },
    "6-9": {
        "mde": 0.8220353275659487,
        "count": 386
    },
    "7-1": {
        "mde": 0.050384787920787176,
        "count": 386
    },
    "7-11": {
        "mde": 1.0172536205991258,
        "count": 386
    },
    "8-1": {
        "mde": 0.6357179646653992,
        "count": 386
    },
    "8-11": {
        "mde": 0.16576633035838698,
        "count": 386
    },
    "9-1": {
        "mde": 0.37443503447044446,
        "count": 386
    },
    "9-11": {
        "mde": 0.020805955658758306,
        "count": 386
    }
}