{
    "1-1": {
        "mde": 0.055506035077972055,
        "count": 416
    },
    "1-10": {
        "mde": 0.29775071166475847,
        "count": 416
    },
    "1-11": {
        "mde": 0.18461538461538465,
        "count": 416
    },
    "1-2": {
        "mde": 0.15508913778327754,
        "count": 416
    },
    "1-3": {
        "mde": 0.2850238170098176,
        "count": 416
    },
    "1-4": {
        "mde": 0.1679890380644555,
        "count": 416
    },
    "1-5": {
        "mde": 0.51766685015987,
        "count": 416
    },
    "1-6": {
        "mde": 0.3217833821416577,
        "count": 416
    },
    "1-7": {
        "mde": 0.8471206585333052,
        "count": 416
    },
    "1-8": {
        "mde": 0.45928056925270017,
        "count": 416
    },
    "1-9": {
        "mde": 0.347520371463789,
        "count": 416
    },
    "10-1": {
        "mde": 1.5316939725143923,
        "count": 416
    },
    "10-11": {
        "mde": 0.6115866195539332,
        "count": 416
    },
    "11-1": {
        "mde": 0.26892259594983714,
        "count": 416
    },
    "11-10": {
        "mde": 0.22436746035733043,
        "count": 416
    },
    "11-11": {
        "mde": 0.2551929248807396,
        "count": 416
    },
    "11-2": {
        "mde": 0.29133197362315527,
        "count": 416
    },
    "11-3": {
        "mde": 0.18191035888932275,
        "count": 416
    },
    "11-4": {
        "mde": 0.053365384615384606,
        "count": 416
    },
    "11-5": {
        "mde": 0.05065832542156394,
        "count": 416
    },
    "11-6": {
        "mde": 0.1110576923076923,
        "count": 416
    },
    "11-7": {
        "mde": 0.1649956292591394,
        "count": 416
    },
    "11-8": {
        "mde": 0.18807061028683017,
        "count": 416
    },
    "11-9": {
        "mde": 0.10817307692307693,
        "count": 416
    },
    "2-1": {
        "mde": 0.5189657803761742,
        "count": 416
    },
    "2-11": {
        "mde": 0.3229306641598263,
        "count": 416
    },
    "3-1": {
        "mde": 0.05017834584721477,
        "count": 416
    },
    "3-11": {
        "mde": 0.4665334280897258,
        "count": 416
    },
    "4-1": {
        "mde": 0.5097466428104128,
        "count": 416
    },
    "4-11": {
        "mde": 0.06409659592631331,
        "count": 416
    },
    "5-1": {
        "mde": 0.9937786903638298,
        "count": 416
    },
    "5-11": {
        "mde": 0.11097731525480646,
        "count": 416
    },
    "6-1": {
        "mde": 0.9414405878741572,
        "count": 416
    },
    "6-10": {
        "mde": 0.018373224350062285,
        "count": 416
    },
    "6-11": {
        "mde": 0.20566459194455297,
        "count": 416
    },
    "6-2": {
        "mde": 0.1947223174271736,
        "count": 416
    },
    "6-3": {
        "mde": 1.6940375595768271,
        "count": 416
    },
    "6-4": {
        "mde": 0.25492907776610835,
        "count": 416
    },
    "6-5": {
        "mde": 0.5767907595088724,
        "count": 416
    },
    "6-6": {
        "mde": 0.4314057372880496,
        "count": 416
    },
    "6-7": {
        "mde": 1.2264215240317897,
        "count": 416
    },
    "6-8": {
        "mde": 0.0320807317602682,
        "count": 416
    },
    "6-9": {
        "mde": 0.17545743733747246,
        "count": 416
    },
    "7-1": {
        "mde": 0.23953372314755889,
        "count": 416
    },
    "7-11": {
        "mde": 0.4295340139556346,
        "count": 416
    },
    "8-1": {
        "mde": 0.030288461538461542,
        "count": 416
    },
    "8-11": {
        "mde": 0.04836691399514153,
        "count": 416
    },
    "9-1": {
        "mde": 0.09994935761732744,
        "count": 416
    },
    "9-11": {
        "mde": 0.8130365409956212,
        "count": 416
    }
}