{
    "1-1": {
        "mde": 0.2629739335126254,
        "count": 398
    },
    "1-10": {
        "mde": 0.017221469598888758,
        "count": 398
    },
    "1-11": {
        "mde": 1.0306688913865598,
        "count": 398
    },
    "1-2": {
        "mde": 0.11794382107160772,
        "count": 398
    },
    "1-3": {
        "mde": 0.16419900362094492,
        "count": 398
    },
    "1-4": {
        "mde": 0.7702141116872672,
        "count": 398
    },
    "1-5": {
        "mde": 0.2288010585445818,
        "count": 398
    },
    "1-6": {
        "mde": 0.0407035175879397,
        "count": 398
    },
    "1-7": {
        "mde": 0.36733190703469576,
        "count": 398
    },
    "1-8": {
        "mde": 0.7545898690277536,
        "count": 398
    },
    "1-9": {
        "mde": 1.9628004216719037,
        "count": 398
    },
    "10-1": {
        "mde": 0.1604418194038083,
        "count": 398
    },
    "10-11": {
        "mde": 0.2784096899555656,
        "count": 398
    },
    "11-1": {
        "mde": 0.1996026998554264,
        "count": 398
    },
    "11-10": {
        "mde": 0.022968946699748423,
        "count": 398
    },
    "11-11": {
        "mde": 0.02974819839430564,
        "count": 398
    },
    "11-2": {
        "mde": 0.25780966570113517,
        "count": 398
    },
    "11-3": {
        "mde": 0.21569500587507073,
        "count": 398
    },
    "11-4": {
        "mde": 0.10873812919282626,
        "count": 398
    },
    "11-5": {
        "mde": 0.34019099080813026,
        "count": 398
    },
    "11-6": {
        "mde": 0.262355262696529,
        "count": 398
    },
    "11-7": {
        "mde": 0.05062959932838897,
        "count": 398
    },
    "11-8": {
        "mde": 0.05125628140703517,
        "count": 398
    },
    "11-9": {
        "mde": 0.2325348495889872,
        "count": 398
    },
    "2-1": {
        "mde": 0.19263310533936184,
        "count": 398
    },
    "2-11": {
        "mde": 0.46520992994054966,
        "count": 398
    },
    "3-1": {
        "mde": 1.1003971456218102,
        "count": 398
    },
    "3-11": {
        "mde": 0.24633327913578063,
        "count": 398
    },
    "4-1": {
        "mde": 0.4551993126118021,
        "count": 398
    },
    "4-11": {
        "mde": 0.3608036329565417,
        "count": 398
    },
    "5-1": {
        "mde": 0.9886837995162174,
        "count": 398
    },
    "5-11": {
        "mde": 0.3385948538971992,
        "count": 398
    },
    "6-1": {
        "mde": 0.06030150753768844,
        "count": 398
    },
    "6-10": {
        "mde": 0.2189906614695686,
        "count": 398
    },
    "6-11": {
        "mde": 0.0753768844221105,
        "count": 398
    },
    "6-2": {
        "mde": 0.12533969596916877,
        "count": 398
    },
    "6-3": {
        "mde": 0.24770331911078067,
        "count": 398
    },
    "6-4": {
        "mde": 0.6166315328330009,
        "count": 398
    },
    "6-5": {
        "mde": 0.15454422811556812,
        "count": 398
    },
    "6-6": {
        "mde": 0.12930200444362164,
        "count": 398
    },
    "6-7": {
        "mde": 0.19751867602621634,
        "count": 398
    },
    "6-8": {
        "mde": 0.5226736365417141,
        "count": 398
    },
    "6-9": {
        "mde": 0.9327666974135879,
        "count": 398
    },
    "7-1": {
        "mde": 0.17341792002742276,
        "count": 398
    },
    "7-11": {
        "mde": 0.4274458873016095,
        "count": 398
    },
    "8-1": {
        "mde": 0.7904984949999726,
        "count": 398
    },
    "8-11": {
        "mde": 0.44838790856297017,
        "count": 398
    },
    "9-1": {
        "mde": 0.5515926747562604,
        "count": 398
    },
    "9-11": {
        "mde": 0.04558201202638159,
        "count": 398
    }
}