{
    "1-1": {
        "mde": 0.13590098826723757,
        "count": 437
    },
    "1-10": {
        "mde": 0.14619960353157313,
        "count": 423
    },
    "1-11": {
        "mde": 0.14479619639301566,
        "count": 423
    },
    "1-2": {
        "mde": 0.19602387567438925,
        "count": 423
    },
    "1-3": {
        "mde": 0.2508357975421131,
        "count": 420
    },
    "1-4": {
        "mde": 0.1579872864932149,
        "count": 466
    },
    "1-5": {
        "mde": 0.13961739543704693,
        "count": 421
    },
    "1-6": {
        "mde": 0.3140881687291586,
        "count": 429
    },
    "1-7": {
        "mde": 0.4489006242065705,
        "count": 423
    },
    "1-8": {
        "mde": 0.10041075162603554,
        "count": 433
    },
    "1-9": {
        "mde": 0.2758105333583965,
        "count": 426
    },
    "10-1": {
        "mde": 0.1020871905057792,
        "count": 414
    },
    "10-11": {
        "mde": 0.38007016628739676,
        "count": 472
    },
    "11-1": {
        "mde": 0.2827870662086009,
        "count": 417
    },
    "11-10": {
        "mde": 0.06654511520695698,
        "count": 414
    },
    "11-11": {
        "mde": 0.2756782315139562,
        "count": 417
    },
    "11-2": {
        "mde": 0.07636754394903035,
        "count": 430
    },
    "11-3": {
        "mde": 0.5099609923988639,
        "count": 411
    },
    "11-4": {
        "mde": 0.14427533019145714,
        "count": 413
    },
    "11-5": {
        "mde": 0.20176131659498278,
        "count": 412
    },
    "11-6": {
        "mde": 0.1672424474588885,
        "count": 411
    },
    "11-7": {
        "mde": 0.6616307612263457,
        "count": 408
    },
    "11-8": {
        "mde": 0.08211293858832547,
        "count": 420
    },
    "11-9": {
        "mde": 0.05753476754993781,
        "count": 410
    },
    "2-1": {
        "mde": 0.44640295769076366,
        "count": 419
    },
    "2-11": {
        "mde": 0.0745225785247011,
        "count": 422
    },
    "3-1": {
        "mde": 0.12484485890178817,
        "count": 412
    },
    "3-11": {
        "mde": 0.02196796338672769,
        "count": 437
    },
    "4-1": {
        "mde": 0.08082018677051421,
        "count": 419
    },
    "4-11": {
        "mde": 0.043886656245333985,
        "count": 427
    },
    "5-1": {
        "mde": 0.1170056287164272,
        "count": 419
    },
    "5-11": {
        "mde": 0.07728612470955891,
        "count": 424
    },
    "6-1": {
        "mde": 0.3780076542877303,
        "count": 432
    },
    "6-10": {
        "mde": 0.08478769300480428,
        "count": 417
    },
    "6-11": {
        "mde": 0.19433265603080696,
        "count": 435
    },
    "6-2": {
        "mde": 0.367912735055858,
        "count": 425
    },
    "6-3": {
        "mde": 0.5520704080054845,
        "count": 396
    },
    "6-4": {
        "mde": 0.2746870325879234,
        "count": 420
    },
    "6-5": {
        "mde": 0.12318900904781362,
        "count": 419
    },
    "6-6": {
        "mde": 0.21644569140566772,
        "count": 408
    },
    "6-7": {
        "mde": 0.40876412707423776,
        "count": 415
    },
    "6-8": {
        "mde": 0.19746363432240252,
        "count": 416
    },
    "6-9": {
        "mde": 0.1383178552693104,
        "count": 419
    },
    "7-1": {
        "mde": 0.15066025228963134,
        "count": 671
    },
    "7-11": {
        "mde": 0.14017777428389375,
        "count": 402
    },
    "8-1": {
        "mde": 0.07230041496633374,
        "count": 418
    },
    "8-11": {
        "mde": 0.13102458533203715,
        "count": 413
    },
    "9-1": {
        "mde": 0.17384580868551044,
        "count": 452
    },
    "9-11": {
        "mde": 0.09389182119484309,
        "count": 481
    }
}