{
    "1-1": {
        "mde": 0.021606648199445987,
        "count": 361
    },
    "1-10": {
        "mde": 0.15532002594518574,
        "count": 361
    },
    "1-11": {
        "mde": 0.059070347748262635,
        "count": 361
    },
    "1-2": {
        "mde": 0.05622453261730668,
        "count": 361
    },
    "1-3": {
        "mde": 0.051732109139375974,
        "count": 361
    },
    "1-4": {
        "mde": 0.27232791121787275,
        "count": 361
    },
    "1-5": {
        "mde": 0.135403848784019,
        "count": 361
    },
    "1-6": {
        "mde": 0.006648199445983379,
        "count": 361
    },
    "1-7": {
        "mde": 0.0423741233816575,
        "count": 361
    },
    "1-8": {
        "mde": 0.17092665361956674,
        "count": 361
    },
    "1-9": {
        "mde": 0.009972299168975065,
        "count": 361
    },
    "10-1": {
        "mde": 0.057492399360621615,
        "count": 361
    },
    "10-11": {
        "mde": 0.20895291988219353,
        "count": 361
    },
    "11-1": {
        "mde": 0.07645429362880887,
        "count": 361
    },
    "11-10": {
        "mde": 0.06063977033493417,
        "count": 361
    },
    "11-11": {
        "mde": 0.045598405143914784,
        "count": 361
    },
    "11-2": {
        "mde": 0.024930747922437674,
        "count": 361
    },
    "11-3": {
        "mde": 0.019944598337950138,
        "count": 361
    },
    "11-4": {
        "mde": 0.032960030850158396,
        "count": 361
    },
    "11-5": {
        "mde": 0.12652292959794315,
        "count": 361
    },
    "11-6": {
        "mde": 0.06181398329418317,
        "count": 361
    },
    "11-7": {
        "mde": 0.011634349030470914,
        "count": 361
    },
    "11-8": {
        "mde": 0.047554763016867375,
        "count": 361
    },
    "11-9": {
        "mde": 0.019944598337950138,
        "count": 361
    },
    "2-1": {
        "mde": 0.032927515181454675,
        "count": 361
    },
    "2-11": {
        "mde": 0.05964854928531576,
        "count": 361
    },
    "3-1": {
        "mde": 0.0,
        "count": 361
    },
    "3-11": {
        "mde": 0.03923360322791799,
        "count": 361
    },
    "4-1": {
        "mde": 0.0507861759325829,
        "count": 361
    },
    "4-11": {
        "mde": 0.19778393351800555,
        "count": 361
    },
    "5-1": {
        "mde": 0.03691563130921235,
        "count": 361
    },
    "5-11": {
        "mde": 0.02444576830886322,
        "count": 361
    },
    "6-1": {
        "mde": 0.16728821339524952,
        "count": 361
    },
    "6-10": {
        "mde": 0.06221004205073768,
        "count": 361
    },
    "6-11": {
        "mde": 0.1129101256130017,
        "count": 361
    },
    "6-2": {
        "mde": 0.11574837964805415,
        "count": 361
    },
    "6-3": {
        "mde": 0.05863825730692172,
        "count": 361
    },
    "6-4": {
        "mde": 0.018821975601667745,
        "count": 361
    },
    "6-5": {
        "mde": 0.041927896352887094,
        "count": 361
    },
    "6-6": {
        "mde": 0.10773597844449831,
        "count": 361
    },
    "6-7": {
        "mde": 0.17529909270190255,
        "count": 361
    },
    "6-8": {
        "mde": 0.09253255670347753,
        "count": 361
    },
    "6-9": {
        "mde": 0.030866186374391747,
        "count": 361
    },
    "7-1": {
        "mde": 0.07498727785697439,
        "count": 361
    },
    "7-11": {
        "mde": 0.2148841507250096,
        "count": 361
    },
    "8-1": {
        "mde": 0.03267906447039989,
        "count": 361
    },
    "8-11": {
        "mde": 0.04553741657230167,
        "count": 361
    },
    "9-1": {
        "mde": 0.11315046902379977,
        "count": 361
    },
    "9-11": {
        "mde": 0.22760820816066338,
        "count": 361
    }
}