{
    "1-1": {
        "mde": 0.0785795668932422,
        "count": 382
    },
    "1-10": {
        "mde": 0.137297033156771,
        "count": 382
    },
    "1-11": {
        "mde": 0.2162269983634494,
        "count": 382
    },
    "1-2": {
        "mde": 0.05273794432859917,
        "count": 382
    },
    "1-3": {
        "mde": 0.059884788072397735,
        "count": 382
    },
    "1-4": {
        "mde": 0.6373491321885468,
        "count": 382
    },
    "1-5": {
        "mde": 0.10342359839035375,
        "count": 382
    },
    "1-6": {
        "mde": 0.07931167157271819,
        "count": 382
    },
    "1-7": {
        "mde": 0.24063001220032193,
        "count": 382
    },
    "1-8": {
        "mde": 0.05143615743329048,
        "count": 382
    },
    "1-9": {
        "mde": 0.05499764073928891,
        "count": 382
    },
    "10-1": {
        "mde": 0.08894765371854507,
        "count": 382
    },
    "10-11": {
        "mde": 0.5618179344606211,
        "count": 382
    },
    "11-1": {
        "mde": 0.02198952879581152,
        "count": 382
    },
    "11-10": {
        "mde": 0.24232025616384828,
        "count": 382
    },
    "11-11": {
        "mde": 0.183847972179771,
        "count": 382
    },
    "11-2": {
        "mde": 0.21204857569204497,
        "count": 382
    },
    "11-3": {
        "mde": 0.01607759368193684,
        "count": 382
    },
    "11-4": {
        "mde": 0.007233850170885846,
        "count": 382
    },
    "11-5": {
        "mde": 0.08944126478010338,
        "count": 382
    },
    "11-6": {
        "mde": 0.0,
        "count": 382
    },
    "11-7": {
        "mde": 0.30923563321265507,
        "count": 382
    },
    "11-8": {
        "mde": 0.04397905759162304,
        "count": 382
    },
    "11-9": {
        "mde": 0.16152645007327907,
        "count": 382
    },
    "2-1": {
        "mde": 0.16490469987845838,
        "count": 382
    },
    "2-11": {
        "mde": 0.12097871957789164,
        "count": 382
    },
    "3-1": {
        "mde": 0.05698427161009201,
        "count": 382
    },
    "3-11": {
        "mde": 0.1683180592067064,
        "count": 382
    },
    "4-1": {
        "mde": 0.4693995824413716,
        "count": 382
    },
    "4-11": {
        "mde": 0.014761799430892413,
        "count": 382
    },
    "5-1": {
        "mde": 0.27279633663544034,
        "count": 382
    },
    "5-11": {
        "mde": 0.15069477442459248,
        "count": 382
    },
    "6-1": {
        "mde": 0.2780020705533055,
        "count": 382
    },
    "6-10": {
        "mde": 0.1278828601166385,
        "count": 382
    },
    "6-11": {
        "mde": 0.1950754539694014,
        "count": 382
    },
    "6-2": {
        "mde": 0.5289858059900189,
        "count": 382
    },
    "6-3": {
        "mde": 0.08731770536601145,
        "count": 382
    },
    "6-4": {
        "mde": 0.3339204544112321,
        "count": 382
    },
    "6-5": {
        "mde": 0.20462484509418055,
        "count": 382
    },
    "6-6": {
        "mde": 0.09778195906020362,
        "count": 382
    },
    "6-7": {
        "mde": 0.1404597317883781,
        "count": 382
    },
    "6-8": {
        "mde": 0.08296680703843691,
        "count": 382
    },
    "6-9": {
        "mde": 0.1879489967768029,
        "count": 382
    },
    "7-1": {
        "mde": 0.3168179763671101,
        "count": 382
    },
    "7-11": {
        "mde": 0.07767342315259351,
        "count": 382
    },
    "8-1": {
        "mde": 0.19821727074661397,
        "count": 382
    },
    "8-11": {
        "mde": 0.037503226652807184,
        "count": 382
    },
    "9-1": {
        "mde": 0.38518542897816116,
        "count": 382
    },
    "9-11": {
        "mde": 0.278546415585526,
        "count": 382
    }
}