{
    "1-1": {
        "mde": 0.01507537688442211,
        "count": 398
    },
    "1-10": {
        "mde": 0.0030150753768844224,
        "count": 398
    },
    "1-11": {
        "mde": 0.048984204549551616,
        "count": 398
    },
    "1-2": {
        "mde": 0.005771498178009331,
        "count": 398
    },
    "1-3": {
        "mde": 0.06711608928386184,
        "count": 398
    },
    "1-4": {
        "mde": 0.004522613065326633,
        "count": 398
    },
    "1-5": {
        "mde": 0.0,
        "count": 398
    },
    "1-6": {
        "mde": 0.010552763819095479,
        "count": 398
    },
    "1-7": {
        "mde": 0.04951418623675163,
        "count": 398
    },
    "1-8": {
        "mde": 0.04894336351818916,
        "count": 398
    },
    "1-9": {
        "mde": 0.012209577156170028,
        "count": 398
    },
    "10-1": {
        "mde": 0.00452261306532663,
        "count": 398
    },
    "10-11": {
        "mde": 0.01658291457286432,
        "count": 398
    },
    "11-1": {
        "mde": 0.025628140703517585,
        "count": 398
    },
    "11-10": {
        "mde": 0.010908645192210742,
        "count": 398
    },
    "11-11": {
        "mde": 0.0015075376884422101,
        "count": 398
    },
    "11-2": {
        "mde": 0.06782898927891509,
        "count": 398
    },
    "11-3": {
        "mde": 0.03969261816653316,
        "count": 398
    },
    "11-4": {
        "mde": 0.13378715988500564,
        "count": 398
    },
    "11-5": {
        "mde": 0.0135678391959799,
        "count": 398
    },
    "11-6": {
        "mde": 0.039303117304319804,
        "count": 398
    },
    "11-7": {
        "mde": 0.009045226130653264,
        "count": 398
    },
    "11-8": {
        "mde": 0.0030150753768844224,
        "count": 398
    },
    "11-9": {
        "mde": 0.0015075376884422123,
        "count": 398
    },
    "2-1": {
        "mde": 0.006030150753768844,
        "count": 398
    },
    "2-11": {
        "mde": 0.022061930073117526,
        "count": 398
    },
    "3-1": {
        "mde": 0.0015075376884422112,
        "count": 398
    },
    "3-11": {
        "mde": 0.028366814813656233,
        "count": 398
    },
    "4-1": {
        "mde": 0.010918553799677315,
        "count": 398
    },
    "4-11": {
        "mde": 0.03010497930373103,
        "count": 398
    },
    "5-1": {
        "mde": 0.046552038548772746,
        "count": 398
    },
    "5-11": {
        "mde": 0.03601288013065073,
        "count": 398
    },
    "6-1": {
        "mde": 0.0015075376884422112,
        "count": 398
    },
    "6-10": {
        "mde": 0.02492959455866165,
        "count": 398
    },
    "6-11": {
        "mde": 0.006030150753768845,
        "count": 398
    },
    "6-2": {
        "mde": 0.01769663650659777,
        "count": 398
    },
    "6-3": {
        "mde": 0.007537688442211055,
        "count": 398
    },
    "6-4": {
        "mde": 0.04692372356330533,
        "count": 398
    },
    "6-5": {
        "mde": 0.011264526565326,
        "count": 398
    },
    "6-6": {
        "mde": 0.007537688442211055,
        "count": 398
    },
    "6-7": {
        "mde": 0.165646567266545,
        "count": 398
    },
    "6-8": {
        "mde": 0.02690682205414564,
        "count": 398
    },
    "6-9": {
        "mde": 0.04705566622896587,
        "count": 398
    },
    "7-1": {
        "mde": 0.04371859296482412,
        "count": 398
    },
    "7-11": {
        "mde": 0.005771498178009331,
        "count": 398
    },
    "8-1": {
        "mde": 0.018207568689141057,
        "count": 398
    },
    "8-11": {
        "mde": 0.007537688442211053,
        "count": 398
    },
    "9-1": {
        "mde": 0.016582914572864316,
        "count": 398
    },
    "9-11": {
        "mde": 0.003370956749999683,
        "count": 398
    }
}