{
    "1-1": {
        "mde": 0.10840811347768646,
        "count": 386
    },
    "1-10": {
        "mde": 0.11838385874826858,
        "count": 386
    },
    "1-11": {
        "mde": 0.10131273512681195,
        "count": 386
    },
    "1-2": {
        "mde": 0.03605912802153198,
        "count": 386
    },
    "1-3": {
        "mde": 0.0996620857870165,
        "count": 386
    },
    "1-4": {
        "mde": 0.06083307298628807,
        "count": 386
    },
    "1-5": {
        "mde": 0.028133190953771172,
        "count": 386
    },
    "1-6": {
        "mde": 0.020207253886010364,
        "count": 386
    },
    "1-7": {
        "mde": 0.058723240907815395,
        "count": 386
    },
    "1-8": {
        "mde": 0.0077720207253886,
        "count": 386
    },
    "1-9": {
        "mde": 0.11864033568966904,
        "count": 386
    },
    "10-1": {
        "mde": 0.02263309320907236,
        "count": 386
    },
    "10-11": {
        "mde": 0.009326424870466319,
        "count": 386
    },
    "11-1": {
        "mde": 0.14174336916546126,
        "count": 386
    },
    "11-10": {
        "mde": 0.012535484614890123,
        "count": 386
    },
    "11-11": {
        "mde": 0.004663212435233158,
        "count": 386
    },
    "11-2": {
        "mde": 0.05862338196565316,
        "count": 386
    },
    "11-3": {
        "mde": 0.013989637305699482,
        "count": 386
    },
    "11-4": {
        "mde": 0.02575211814630473,
        "count": 386
    },
    "11-5": {
        "mde": 0.020207253886010364,
        "count": 386
    },
    "11-6": {
        "mde": 0.009326424870466322,
        "count": 386
    },
    "11-7": {
        "mde": 0.01709844559585492,
        "count": 386
    },
    "11-8": {
        "mde": 0.0031088082901554407,
        "count": 386
    },
    "11-9": {
        "mde": 0.0352977263199472,
        "count": 386
    },
    "2-1": {
        "mde": 0.04478454140027238,
        "count": 386
    },
    "2-11": {
        "mde": 0.010880829015544042,
        "count": 386
    },
    "3-1": {
        "mde": 0.019784334810400813,
        "count": 386
    },
    "3-11": {
        "mde": 0.0740845554872081,
        "count": 386
    },
    "4-1": {
        "mde": 0.04556777938280091,
        "count": 386
    },
    "4-11": {
        "mde": 0.031088082901554407,
        "count": 386
    },
    "5-1": {
        "mde": 0.014494127440937966,
        "count": 386
    },
    "5-11": {
        "mde": 0.018652849740932644,
        "count": 386
    },
    "6-1": {
        "mde": 0.09015544041450776,
        "count": 386
    },
    "6-10": {
        "mde": 0.03139905391143642,
        "count": 386
    },
    "6-11": {
        "mde": 0.018652849740932644,
        "count": 386
    },
    "6-2": {
        "mde": 0.018390636618834763,
        "count": 386
    },
    "6-3": {
        "mde": 0.0015544041450777204,
        "count": 386
    },
    "6-4": {
        "mde": 0.019157339876171128,
        "count": 386
    },
    "6-5": {
        "mde": 0.05007686533986498,
        "count": 386
    },
    "6-6": {
        "mde": 0.008370722498136534,
        "count": 386
    },
    "6-7": {
        "mde": 0.026123702292537354,
        "count": 386
    },
    "6-8": {
        "mde": 0.06629627686499376,
        "count": 386
    },
    "6-9": {
        "mde": 0.03570383268647543,
        "count": 386
    },
    "7-1": {
        "mde": 0.023316062176165803,
        "count": 386
    },
    "7-11": {
        "mde": 0.0323757934581547,
        "count": 386
    },
    "8-1": {
        "mde": 0.05692419603829165,
        "count": 386
    },
    "8-11": {
        "mde": 0.0246037727327661,
        "count": 386
    },
    "9-1": {
        "mde": 0.05998131008686164,
        "count": 386
    },
    "9-11": {
        "mde": 0.019231757829114595,
        "count": 386
    }
}