{
    "1-1": {
        "mde": 0.026865671641791048,
        "count": 402
    },
    "1-10": {
        "mde": 0.12176763017535008,
        "count": 402
    },
    "1-11": {
        "mde": 0.14872199899113414,
        "count": 402
    },
    "1-2": {
        "mde": 0.02932471497672679,
        "count": 402
    },
    "1-3": {
        "mde": 0.0,
        "count": 402
    },
    "1-4": {
        "mde": 0.05412133906531517,
        "count": 402
    },
    "1-5": {
        "mde": 0.001492537313432836,
        "count": 402
    },
    "1-6": {
        "mde": 0.0,
        "count": 402
    },
    "1-7": {
        "mde": 0.022388059701492536,
        "count": 402
    },
    "1-8": {
        "mde": 0.015073163453123557,
        "count": 402
    },
    "1-9": {
        "mde": 0.02210033350163008,
        "count": 402
    },
    "10-1": {
        "mde": 0.14208438959802186,
        "count": 402
    },
    "10-11": {
        "mde": 0.023976858361561156,
        "count": 402
    },
    "11-1": {
        "mde": 0.03134328358208955,
        "count": 402
    },
    "11-10": {
        "mde": 0.036439124719959866,
        "count": 402
    },
    "11-11": {
        "mde": 0.022388059701492536,
        "count": 402
    },
    "11-2": {
        "mde": 0.0504939580520079,
        "count": 402
    },
    "11-3": {
        "mde": 0.0033374148917907306,
        "count": 402
    },
    "11-4": {
        "mde": 0.008955223880597015,
        "count": 402
    },
    "11-5": {
        "mde": 0.0318945028012731,
        "count": 402
    },
    "11-6": {
        "mde": 0.01492537313432836,
        "count": 402
    },
    "11-7": {
        "mde": 0.048128673509306455,
        "count": 402
    },
    "11-8": {
        "mde": 0.04626865671641792,
        "count": 402
    },
    "11-9": {
        "mde": 0.014669294216039092,
        "count": 402
    },
    "2-1": {
        "mde": 0.025817672498925127,
        "count": 402
    },
    "2-11": {
        "mde": 0.04199217174810991,
        "count": 402
    },
    "3-1": {
        "mde": 0.08389716798645966,
        "count": 402
    },
    "3-11": {
        "mde": 0.03530873768580953,
        "count": 402
    },
    "4-1": {
        "mde": 0.04599500571103279,
        "count": 402
    },
    "4-11": {
        "mde": 0.005970149253731344,
        "count": 402
    },
    "5-1": {
        "mde": 0.0,
        "count": 402
    },
    "5-11": {
        "mde": 0.0586540616139508,
        "count": 402
    },
    "6-1": {
        "mde": 0.01791044776119403,
        "count": 402
    },
    "6-10": {
        "mde": 0.03749208207374108,
        "count": 402
    },
    "6-11": {
        "mde": 0.023880597014925366,
        "count": 402
    },
    "6-2": {
        "mde": 0.014596955037477674,
        "count": 402
    },
    "6-3": {
        "mde": 0.13183523111502196,
        "count": 402
    },
    "6-4": {
        "mde": 0.05671641791044776,
        "count": 402
    },
    "6-5": {
        "mde": 0.06783121373880427,
        "count": 402
    },
    "6-6": {
        "mde": 0.050783348580992996,
        "count": 402
    },
    "6-7": {
        "mde": 0.07950095315923632,
        "count": 402
    },
    "6-8": {
        "mde": 0.0803797221746878,
        "count": 402
    },
    "6-9": {
        "mde": 0.09706490531271611,
        "count": 402
    },
    "7-1": {
        "mde": 0.019402985074626868,
        "count": 402
    },
    "7-11": {
        "mde": 0.010809911473312367,
        "count": 402
    },
    "8-1": {
        "mde": 0.01915067446991836,
        "count": 402
    },
    "8-11": {
        "mde": 0.012292638772387746,
        "count": 402
    },
    "9-1": {
        "mde": 0.05496780167872564,
        "count": 402
    },
    "9-11": {
        "mde": 0.022872470627368295,
        "count": 402
    }
}