{
    "1-1": {
        "mde": 0.01507537688442211,
        "count": 398
    },
    "1-10": {
        "mde": 0.004263960489567119,
        "count": 398
    },
    "1-11": {
        "mde": 0.1856838204645683,
        "count": 398
    },
    "1-2": {
        "mde": 0.008786573554893753,
        "count": 398
    },
    "1-3": {
        "mde": 0.06758319355636658,
        "count": 398
    },
    "1-4": {
        "mde": 0.03329850375472622,
        "count": 398
    },
    "1-5": {
        "mde": 0.0030150753768844224,
        "count": 398
    },
    "1-6": {
        "mde": 0.004522613065326633,
        "count": 398
    },
    "1-7": {
        "mde": 0.009194501779285606,
        "count": 398
    },
    "1-8": {
        "mde": 0.04392353309725425,
        "count": 398
    },
    "1-9": {
        "mde": 0.027583505337856817,
        "count": 398
    },
    "10-1": {
        "mde": 0.012060301507537688,
        "count": 398
    },
    "10-11": {
        "mde": 0.027284954040592134,
        "count": 398
    },
    "11-1": {
        "mde": 0.06030150753768844,
        "count": 398
    },
    "11-10": {
        "mde": 0.01055276381909548,
        "count": 398
    },
    "11-11": {
        "mde": 0.0,
        "count": 398
    },
    "11-2": {
        "mde": 0.05602353416105786,
        "count": 398
    },
    "11-3": {
        "mde": 0.03343769832286273,
        "count": 398
    },
    "11-4": {
        "mde": 0.032147570834678535,
        "count": 398
    },
    "11-5": {
        "mde": 0.024245370648690784,
        "count": 398
    },
    "11-6": {
        "mde": 0.0271356783919598,
        "count": 398
    },
    "11-7": {
        "mde": 0.01809045226130653,
        "count": 398
    },
    "11-8": {
        "mde": 0.01206030150753769,
        "count": 398
    },
    "11-9": {
        "mde": 0.015075376884422108,
        "count": 398
    },
    "2-1": {
        "mde": 0.007537688442211055,
        "count": 398
    },
    "2-11": {
        "mde": 0.11586801522623048,
        "count": 398
    },
    "3-1": {
        "mde": 0.017861595923492377,
        "count": 398
    },
    "3-11": {
        "mde": 0.044991573171425006,
        "count": 398
    },
    "4-1": {
        "mde": 0.028750353485224336,
        "count": 398
    },
    "4-11": {
        "mde": 0.004522613065326633,
        "count": 398
    },
    "5-1": {
        "mde": 0.03828896327286659,
        "count": 398
    },
    "5-11": {
        "mde": 0.043582633500185985,
        "count": 398
    },
    "6-1": {
        "mde": 0.007537688442211057,
        "count": 398
    },
    "6-10": {
        "mde": 0.02058822248667193,
        "count": 398
    },
    "6-11": {
        "mde": 0.013312992806299447,
        "count": 398
    },
    "6-2": {
        "mde": 0.04281157633819323,
        "count": 398
    },
    "6-3": {
        "mde": 0.042818780257436455,
        "count": 398
    },
    "6-4": {
        "mde": 0.016328068183183872,
        "count": 398
    },
    "6-5": {
        "mde": 0.025628140703517585,
        "count": 398
    },
    "6-6": {
        "mde": 0.01690871864620071,
        "count": 398
    },
    "6-7": {
        "mde": 0.1843854970272146,
        "count": 398
    },
    "6-8": {
        "mde": 0.03330276278849632,
        "count": 398
    },
    "6-9": {
        "mde": 0.07633081340081072,
        "count": 398
    },
    "7-1": {
        "mde": 0.04408438294540596,
        "count": 398
    },
    "7-11": {
        "mde": 0.0,
        "count": 398
    },
    "8-1": {
        "mde": 0.10582166368794652,
        "count": 398
    },
    "8-11": {
        "mde": 0.0,
        "count": 398
    },
    "9-1": {
        "mde": 0.03165829145728643,
        "count": 398
    },
    "9-11": {
        "mde": 0.012060301507537686,
        "count": 398
    }
}