{
    "1-1": {
        "mde": 0.050746268656716415,
        "count": 402
    },
    "1-10": {
        "mde": 0.01507316345312356,
        "count": 402
    },
    "1-11": {
        "mde": 0.0,
        "count": 402
    },
    "1-2": {
        "mde": 0.038629481199285894,
        "count": 402
    },
    "1-3": {
        "mde": 0.001492537313432836,
        "count": 402
    },
    "1-4": {
        "mde": 0.040024856457301444,
        "count": 402
    },
    "1-5": {
        "mde": 0.025816505284743812,
        "count": 402
    },
    "1-6": {
        "mde": 0.001492537313432836,
        "count": 402
    },
    "1-7": {
        "mde": 0.010762839628250713,
        "count": 402
    },
    "1-8": {
        "mde": 0.019495907087012758,
        "count": 402
    },
    "1-9": {
        "mde": 0.006322489518656404,
        "count": 402
    },
    "10-1": {
        "mde": 0.16095057183317205,
        "count": 402
    },
    "10-11": {
        "mde": 0.02063944346977043,
        "count": 402
    },
    "11-1": {
        "mde": 0.05671641791044776,
        "count": 402
    },
    "11-10": {
        "mde": 0.04080581349582297,
        "count": 402
    },
    "11-11": {
        "mde": 0.013432835820895524,
        "count": 402
    },
    "11-2": {
        "mde": 0.008941350425245624,
        "count": 402
    },
    "11-3": {
        "mde": 0.006322489518656401,
        "count": 402
    },
    "11-4": {
        "mde": 0.018272598040476547,
        "count": 402
    },
    "11-5": {
        "mde": 0.029186415649698205,
        "count": 402
    },
    "11-6": {
        "mde": 0.0191138036938294,
        "count": 402
    },
    "11-7": {
        "mde": 0.010447761194029853,
        "count": 402
    },
    "11-8": {
        "mde": 0.01791044776119403,
        "count": 402
    },
    "11-9": {
        "mde": 0.01080010145895491,
        "count": 402
    },
    "2-1": {
        "mde": 0.031004028410067684,
        "count": 402
    },
    "2-11": {
        "mde": 0.013505413697822466,
        "count": 402
    },
    "3-1": {
        "mde": 0.0236540178546019,
        "count": 402
    },
    "3-11": {
        "mde": 0.004477611940298507,
        "count": 402
    },
    "4-1": {
        "mde": 0.06372163820825945,
        "count": 402
    },
    "4-11": {
        "mde": 0.02230488344775994,
        "count": 402
    },
    "5-1": {
        "mde": 0.0,
        "count": 402
    },
    "5-11": {
        "mde": 0.02652641646976918,
        "count": 402
    },
    "6-1": {
        "mde": 0.06294168574761874,
        "count": 402
    },
    "6-10": {
        "mde": 0.018262788026119085,
        "count": 402
    },
    "6-11": {
        "mde": 0.03582089552238805,
        "count": 402
    },
    "6-2": {
        "mde": 0.016514171794396987,
        "count": 402
    },
    "6-3": {
        "mde": 0.00746268656716418,
        "count": 402
    },
    "6-4": {
        "mde": 0.0246048975734904,
        "count": 402
    },
    "6-5": {
        "mde": 0.011940298507462683,
        "count": 402
    },
    "6-6": {
        "mde": 0.023880597014925377,
        "count": 402
    },
    "6-7": {
        "mde": 0.03283582089552238,
        "count": 402
    },
    "6-8": {
        "mde": 0.0644389982394081,
        "count": 402
    },
    "6-9": {
        "mde": 0.016053542929977863,
        "count": 402
    },
    "7-1": {
        "mde": 0.07499744416551442,
        "count": 402
    },
    "7-11": {
        "mde": 0.005970149253731343,
        "count": 402
    },
    "8-1": {
        "mde": 0.015771934339486635,
        "count": 402
    },
    "8-11": {
        "mde": 0.008955223880597014,
        "count": 402
    },
    "9-1": {
        "mde": 0.01914690615633759,
        "count": 402
    },
    "9-11": {
        "mde": 0.008955223880597015,
        "count": 402
    }
}