{
    "1-1": {
        "mde": 0.004931506849315068,
        "count": 365
    },
    "1-10": {
        "mde": 0.04943776171394221,
        "count": 365
    },
    "1-11": {
        "mde": 0.03452054794520546,
        "count": 365
    },
    "1-2": {
        "mde": 0.022050762020339332,
        "count": 365
    },
    "1-3": {
        "mde": 0.03008311739136291,
        "count": 365
    },
    "1-4": {
        "mde": 0.076767183149756,
        "count": 365
    },
    "1-5": {
        "mde": 0.023216064042111222,
        "count": 365
    },
    "1-6": {
        "mde": 0.046923714840269255,
        "count": 365
    },
    "1-7": {
        "mde": 0.03155842031866121,
        "count": 365
    },
    "1-8": {
        "mde": 0.061383551014869156,
        "count": 365
    },
    "1-9": {
        "mde": 0.01470291272876574,
        "count": 365
    },
    "10-1": {
        "mde": 0.04034837237451583,
        "count": 365
    },
    "10-11": {
        "mde": 0.023394331006321704,
        "count": 365
    },
    "11-1": {
        "mde": 0.01808219178082192,
        "count": 365
    },
    "11-10": {
        "mde": 0.0016438356164383552,
        "count": 365
    },
    "11-11": {
        "mde": 0.011506849315068492,
        "count": 365
    },
    "11-2": {
        "mde": 0.021167760496910534,
        "count": 365
    },
    "11-3": {
        "mde": 0.018082191780821915,
        "count": 365
    },
    "11-4": {
        "mde": 0.021369863013698632,
        "count": 365
    },
    "11-5": {
        "mde": 0.0016438356164383565,
        "count": 365
    },
    "11-6": {
        "mde": 0.026301369863013704,
        "count": 365
    },
    "11-7": {
        "mde": 0.0016438356164383565,
        "count": 365
    },
    "11-8": {
        "mde": 0.0,
        "count": 365
    },
    "11-9": {
        "mde": 0.010496161326796448,
        "count": 365
    },
    "2-1": {
        "mde": 0.017416835474987243,
        "count": 365
    },
    "2-11": {
        "mde": 0.016640721576357796,
        "count": 365
    },
    "3-1": {
        "mde": 0.0,
        "count": 365
    },
    "3-11": {
        "mde": 0.04224478145328319,
        "count": 365
    },
    "4-1": {
        "mde": 0.01250227606925587,
        "count": 365
    },
    "4-11": {
        "mde": 0.02115280569932114,
        "count": 365
    },
    "5-1": {
        "mde": 0.011224811711911547,
        "count": 365
    },
    "5-11": {
        "mde": 0.0195800377891141,
        "count": 365
    },
    "6-1": {
        "mde": 0.042739726027397264,
        "count": 365
    },
    "6-10": {
        "mde": 0.013256704277664623,
        "count": 365
    },
    "6-11": {
        "mde": 0.056245671290925704,
        "count": 365
    },
    "6-2": {
        "mde": 0.006963399415068148,
        "count": 365
    },
    "6-3": {
        "mde": 0.012868647328349902,
        "count": 365
    },
    "6-4": {
        "mde": 0.02756766511934632,
        "count": 365
    },
    "6-5": {
        "mde": 0.009863013698630137,
        "count": 365
    },
    "6-6": {
        "mde": 0.006575342465753424,
        "count": 365
    },
    "6-7": {
        "mde": 0.016574404159394335,
        "count": 365
    },
    "6-8": {
        "mde": 0.09405196473518769,
        "count": 365
    },
    "6-9": {
        "mde": 0.11350442473366718,
        "count": 365
    },
    "7-1": {
        "mde": 0.07357051124950362,
        "count": 365
    },
    "7-11": {
        "mde": 0.032008990610958216,
        "count": 365
    },
    "8-1": {
        "mde": 0.027101643255624877,
        "count": 365
    },
    "8-11": {
        "mde": 0.019077618535009295,
        "count": 365
    },
    "9-1": {
        "mde": 0.031685913950422945,
        "count": 365
    },
    "9-11": {
        "mde": 0.011506849315068492,
        "count": 365
    }
}