{
    "1-1": {
        "mde": 0.007537688442211055,
        "count": 398
    },
    "1-10": {
        "mde": 0.09993053318096413,
        "count": 398
    },
    "1-11": {
        "mde": 0.0474766668611094,
        "count": 398
    },
    "1-2": {
        "mde": 0.005147055621667982,
        "count": 398
    },
    "1-3": {
        "mde": 0.054699906403208896,
        "count": 398
    },
    "1-4": {
        "mde": 0.004522613065326633,
        "count": 398
    },
    "1-5": {
        "mde": 0.01507537688442211,
        "count": 398
    },
    "1-6": {
        "mde": 0.01507537688442211,
        "count": 398
    },
    "1-7": {
        "mde": 0.04134000769124014,
        "count": 398
    },
    "1-8": {
        "mde": 0.0927774056308719,
        "count": 398
    },
    "1-9": {
        "mde": 0.031161067812339415,
        "count": 398
    },
    "10-1": {
        "mde": 0.015075376884422108,
        "count": 398
    },
    "10-11": {
        "mde": 0.01658291457286432,
        "count": 398
    },
    "11-1": {
        "mde": 0.01959798994974874,
        "count": 398
    },
    "11-10": {
        "mde": 0.016582914572864326,
        "count": 398
    },
    "11-11": {
        "mde": 0.004522613065326633,
        "count": 398
    },
    "11-2": {
        "mde": 0.05275361239449299,
        "count": 398
    },
    "11-3": {
        "mde": 0.049308850149496534,
        "count": 398
    },
    "11-4": {
        "mde": 0.019842629638444794,
        "count": 398
    },
    "11-5": {
        "mde": 0.01821521989492194,
        "count": 398
    },
    "11-6": {
        "mde": 0.040703517587939705,
        "count": 398
    },
    "11-7": {
        "mde": 0.009045226130653266,
        "count": 398
    },
    "11-8": {
        "mde": 0.0015075376884422112,
        "count": 398
    },
    "11-9": {
        "mde": 0.0015075376884422123,
        "count": 398
    },
    "2-1": {
        "mde": 0.0,
        "count": 398
    },
    "2-11": {
        "mde": 0.026389289258043777,
        "count": 398
    },
    "3-1": {
        "mde": 0.007903478422792891,
        "count": 398
    },
    "3-11": {
        "mde": 0.031626529879236705,
        "count": 398
    },
    "4-1": {
        "mde": 0.016354058235050165,
        "count": 398
    },
    "4-11": {
        "mde": 0.019828616751381332,
        "count": 398
    },
    "5-1": {
        "mde": 0.039551861272612746,
        "count": 398
    },
    "5-11": {
        "mde": 0.009669668686994615,
        "count": 398
    },
    "6-1": {
        "mde": 0.003015075376884422,
        "count": 398
    },
    "6-10": {
        "mde": 0.021827198991888057,
        "count": 398
    },
    "6-11": {
        "mde": 0.02412060301507538,
        "count": 398
    },
    "6-2": {
        "mde": 0.06739705054183527,
        "count": 398
    },
    "6-3": {
        "mde": 0.0015075376884422112,
        "count": 398
    },
    "6-4": {
        "mde": 0.07471354529302711,
        "count": 398
    },
    "6-5": {
        "mde": 0.04722294771910064,
        "count": 398
    },
    "6-6": {
        "mde": 0.007537688442211055,
        "count": 398
    },
    "6-7": {
        "mde": 0.0864653754883821,
        "count": 398
    },
    "6-8": {
        "mde": 0.01694870455344616,
        "count": 398
    },
    "6-9": {
        "mde": 0.06678703086196842,
        "count": 398
    },
    "7-1": {
        "mde": 0.012060301507537686,
        "count": 398
    },
    "7-11": {
        "mde": 0.0094110161112351,
        "count": 398
    },
    "8-1": {
        "mde": 0.07644452854145632,
        "count": 398
    },
    "8-11": {
        "mde": 0.018090452261306535,
        "count": 398
    },
    "9-1": {
        "mde": 0.024120603015075386,
        "count": 398
    },
    "9-11": {
        "mde": 0.006386032126884104,
        "count": 398
    }
}