{
    "1-1": {
        "mde": 0.0,
        "count": 416
    },
    "1-10": {
        "mde": 0.06708210861977132,
        "count": 416
    },
    "1-11": {
        "mde": 0.04038461538461538,
        "count": 416
    },
    "1-2": {
        "mde": 0.04012419672041397,
        "count": 416
    },
    "1-3": {
        "mde": 0.03869848830987303,
        "count": 416
    },
    "1-4": {
        "mde": 0.02219014154875169,
        "count": 416
    },
    "1-5": {
        "mde": 0.01933142918860507,
        "count": 416
    },
    "1-6": {
        "mde": 0.021920248596902264,
        "count": 416
    },
    "1-7": {
        "mde": 0.07816048055729494,
        "count": 416
    },
    "1-8": {
        "mde": 0.025473899696669137,
        "count": 416
    },
    "1-9": {
        "mde": 0.024581670322488376,
        "count": 416
    },
    "10-1": {
        "mde": 0.047698655497882894,
        "count": 416
    },
    "10-11": {
        "mde": 0.008653846153846149,
        "count": 416
    },
    "11-1": {
        "mde": 0.03028846153846154,
        "count": 416
    },
    "11-10": {
        "mde": 0.03148330835299929,
        "count": 416
    },
    "11-11": {
        "mde": 0.008653846153846149,
        "count": 416
    },
    "11-2": {
        "mde": 0.12123215314100716,
        "count": 416
    },
    "11-3": {
        "mde": 0.027403846153846154,
        "count": 416
    },
    "11-4": {
        "mde": 0.005769230769230768,
        "count": 416
    },
    "11-5": {
        "mde": 0.001442307692307692,
        "count": 416
    },
    "11-6": {
        "mde": 0.018750000000000003,
        "count": 416
    },
    "11-7": {
        "mde": 0.010273710036948547,
        "count": 416
    },
    "11-8": {
        "mde": 0.010096153846153845,
        "count": 416
    },
    "11-9": {
        "mde": 0.036057692307692304,
        "count": 416
    },
    "2-1": {
        "mde": 0.11429742007389711,
        "count": 416
    },
    "2-11": {
        "mde": 0.013157332925296823,
        "count": 416
    },
    "3-1": {
        "mde": 0.022092958954832362,
        "count": 416
    },
    "3-11": {
        "mde": 0.03793548346244789,
        "count": 416
    },
    "4-1": {
        "mde": 0.03545002719976027,
        "count": 416
    },
    "4-11": {
        "mde": 0.019780927849209904,
        "count": 416
    },
    "5-1": {
        "mde": 0.014423076923076924,
        "count": 416
    },
    "5-11": {
        "mde": 0.018847179137908874,
        "count": 416
    },
    "6-1": {
        "mde": 0.034341706263326915,
        "count": 416
    },
    "6-10": {
        "mde": 0.015231668218033484,
        "count": 416
    },
    "6-11": {
        "mde": 0.017307692307692305,
        "count": 416
    },
    "6-2": {
        "mde": 0.032757770389403265,
        "count": 416
    },
    "6-3": {
        "mde": 0.07348517511703072,
        "count": 416
    },
    "6-4": {
        "mde": 0.03981569895499614,
        "count": 416
    },
    "6-5": {
        "mde": 0.11774932301624427,
        "count": 416
    },
    "6-6": {
        "mde": 0.06961169174222968,
        "count": 416
    },
    "6-7": {
        "mde": 0.1708476325570964,
        "count": 416
    },
    "6-8": {
        "mde": 0.018673862706023163,
        "count": 416
    },
    "6-9": {
        "mde": 0.22945686098027848,
        "count": 416
    },
    "7-1": {
        "mde": 0.05107819263803813,
        "count": 416
    },
    "7-11": {
        "mde": 0.020192307692307697,
        "count": 416
    },
    "8-1": {
        "mde": 0.007445592779089008,
        "count": 416
    },
    "8-11": {
        "mde": 0.01795264980061697,
        "count": 416
    },
    "9-1": {
        "mde": 0.03444977685313458,
        "count": 416
    },
    "9-11": {
        "mde": 0.005769230769230772,
        "count": 416
    }
}