{
    "1-1": {
        "mde": 0.026301369863013697,
        "count": 365
    },
    "1-10": {
        "mde": 0.1419153786355725,
        "count": 365
    },
    "1-11": {
        "mde": 0.07429383202691696,
        "count": 365
    },
    "1-2": {
        "mde": 0.06922705032293759,
        "count": 365
    },
    "1-3": {
        "mde": 0.04392550578367949,
        "count": 365
    },
    "1-4": {
        "mde": 0.05195433086377642,
        "count": 365
    },
    "1-5": {
        "mde": 0.0418196819324557,
        "count": 365
    },
    "1-6": {
        "mde": 0.03463737174553229,
        "count": 365
    },
    "1-7": {
        "mde": 0.04082826433478027,
        "count": 365
    },
    "1-8": {
        "mde": 0.05175917750220022,
        "count": 365
    },
    "1-9": {
        "mde": 0.02534204032602532,
        "count": 365
    },
    "10-1": {
        "mde": 0.1191180305740297,
        "count": 365
    },
    "10-11": {
        "mde": 0.009863013698630132,
        "count": 365
    },
    "11-1": {
        "mde": 0.026301369863013697,
        "count": 365
    },
    "11-10": {
        "mde": 0.002324734623079059,
        "count": 365
    },
    "11-11": {
        "mde": 0.01808219178082191,
        "count": 365
    },
    "11-2": {
        "mde": 0.057170874910381766,
        "count": 365
    },
    "11-3": {
        "mde": 0.0789041095890411,
        "count": 365
    },
    "11-4": {
        "mde": 0.014794520547945207,
        "count": 365
    },
    "11-5": {
        "mde": 0.01643835616438356,
        "count": 365
    },
    "11-6": {
        "mde": 0.01643835616438356,
        "count": 365
    },
    "11-7": {
        "mde": 0.003287671232876713,
        "count": 365
    },
    "11-8": {
        "mde": 0.008219178082191782,
        "count": 365
    },
    "11-9": {
        "mde": 0.015676653792732427,
        "count": 365
    },
    "2-1": {
        "mde": 0.048234439804384646,
        "count": 365
    },
    "2-11": {
        "mde": 0.004931506849315068,
        "count": 365
    },
    "3-1": {
        "mde": 0.012502276069255875,
        "count": 365
    },
    "3-11": {
        "mde": 0.0804261027830907,
        "count": 365
    },
    "4-1": {
        "mde": 0.036899458402894963,
        "count": 365
    },
    "4-11": {
        "mde": 0.019077618535009295,
        "count": 365
    },
    "5-1": {
        "mde": 0.003287671232876712,
        "count": 365
    },
    "5-11": {
        "mde": 0.0415619576808353,
        "count": 365
    },
    "6-1": {
        "mde": 0.02136986301369863,
        "count": 365
    },
    "6-10": {
        "mde": 0.024759078241282262,
        "count": 365
    },
    "6-11": {
        "mde": 0.043757656338760526,
        "count": 365
    },
    "6-2": {
        "mde": 0.0801401498633528,
        "count": 365
    },
    "6-3": {
        "mde": 0.12375501577274246,
        "count": 365
    },
    "6-4": {
        "mde": 0.011773607112605555,
        "count": 365
    },
    "6-5": {
        "mde": 0.04994821612131699,
        "count": 365
    },
    "6-6": {
        "mde": 0.04221735344862388,
        "count": 365
    },
    "6-7": {
        "mde": 0.019726027397260277,
        "count": 365
    },
    "6-8": {
        "mde": 0.11896582385129804,
        "count": 365
    },
    "6-9": {
        "mde": 0.12398328324476095,
        "count": 365
    },
    "7-1": {
        "mde": 0.043046750539554486,
        "count": 365
    },
    "7-11": {
        "mde": 0.011506849315068493,
        "count": 365
    },
    "8-1": {
        "mde": 0.05009118239178011,
        "count": 365
    },
    "8-11": {
        "mde": 0.0016438356164383552,
        "count": 365
    },
    "9-1": {
        "mde": 0.046417852961948496,
        "count": 365
    },
    "9-11": {
        "mde": 0.06878189763119455,
        "count": 365
    }
}