{
    "1-1": {
        "mde": 0.004931506849315068,
        "count": 365
    },
    "1-10": {
        "mde": 0.04475633878753044,
        "count": 365
    },
    "1-11": {
        "mde": 0.04767123287671232,
        "count": 365
    },
    "1-2": {
        "mde": 0.02801358012952158,
        "count": 365
    },
    "1-3": {
        "mde": 0.022731661026980036,
        "count": 365
    },
    "1-4": {
        "mde": 0.025455257053542856,
        "count": 365
    },
    "1-5": {
        "mde": 0.02834993630340053,
        "count": 365
    },
    "1-6": {
        "mde": 0.021369863013698632,
        "count": 365
    },
    "1-7": {
        "mde": 0.03813376278441464,
        "count": 365
    },
    "1-8": {
        "mde": 0.02834406688293581,
        "count": 365
    },
    "1-9": {
        "mde": 0.0,
        "count": 365
    },
    "10-1": {
        "mde": 0.025985823426937827,
        "count": 365
    },
    "10-11": {
        "mde": 0.0,
        "count": 365
    },
    "11-1": {
        "mde": 0.006575342465753424,
        "count": 365
    },
    "11-10": {
        "mde": 0.002324734623079059,
        "count": 365
    },
    "11-11": {
        "mde": 0.009863013698630135,
        "count": 365
    },
    "11-2": {
        "mde": 0.005612405855955772,
        "count": 365
    },
    "11-3": {
        "mde": 0.03945205479452055,
        "count": 365
    },
    "11-4": {
        "mde": 0.009863013698630137,
        "count": 365
    },
    "11-5": {
        "mde": 0.006575342465753426,
        "count": 365
    },
    "11-6": {
        "mde": 0.008219178082191782,
        "count": 365
    },
    "11-7": {
        "mde": 0.017804304484677205,
        "count": 365
    },
    "11-8": {
        "mde": 0.0,
        "count": 365
    },
    "11-9": {
        "mde": 0.00885232571035809,
        "count": 365
    },
    "2-1": {
        "mde": 0.020772063619041436,
        "count": 365
    },
    "2-11": {
        "mde": 0.013538741880821572,
        "count": 365
    },
    "3-1": {
        "mde": 0.0069742038692371805,
        "count": 365
    },
    "3-11": {
        "mde": 0.057182286843226744,
        "count": 365
    },
    "4-1": {
        "mde": 0.033288710509482976,
        "count": 365
    },
    "4-11": {
        "mde": 0.022712307659822416,
        "count": 365
    },
    "5-1": {
        "mde": 0.03104412923535338,
        "count": 365
    },
    "5-11": {
        "mde": 0.019726027397260273,
        "count": 365
    },
    "6-1": {
        "mde": 0.024657534246575342,
        "count": 365
    },
    "6-10": {
        "mde": 0.048116919169681485,
        "count": 365
    },
    "6-11": {
        "mde": 0.07205087982714298,
        "count": 365
    },
    "6-2": {
        "mde": 0.013150684931506852,
        "count": 365
    },
    "6-3": {
        "mde": 0.022449623423823093,
        "count": 365
    },
    "6-4": {
        "mde": 0.0,
        "count": 365
    },
    "6-5": {
        "mde": 0.026301369863013704,
        "count": 365
    },
    "6-6": {
        "mde": 0.014516633251800493,
        "count": 365
    },
    "6-7": {
        "mde": 0.024657534246575342,
        "count": 365
    },
    "6-8": {
        "mde": 0.09383791377972261,
        "count": 365
    },
    "6-9": {
        "mde": 0.03672572890333377,
        "count": 365
    },
    "7-1": {
        "mde": 0.06973409430801444,
        "count": 365
    },
    "7-11": {
        "mde": 0.04013656087397053,
        "count": 365
    },
    "8-1": {
        "mde": 0.02136986301369862,
        "count": 365
    },
    "8-11": {
        "mde": 0.01250227606925587,
        "count": 365
    },
    "9-1": {
        "mde": 0.022365289767886005,
        "count": 365
    },
    "9-11": {
        "mde": 0.013150684931506848,
        "count": 365
    }
}