{
    "1-1": {
        "mde": 0.012093987702597842,
        "count": 416
    },
    "1-10": {
        "mde": 0.08237932262393975,
        "count": 416
    },
    "1-11": {
        "mde": 0.15776706462567477,
        "count": 416
    },
    "1-2": {
        "mde": 0.07791586306110933,
        "count": 416
    },
    "1-3": {
        "mde": 0.03292925754064226,
        "count": 416
    },
    "1-4": {
        "mde": 0.008653846153846154,
        "count": 416
    },
    "1-5": {
        "mde": 0.09533512429845113,
        "count": 416
    },
    "1-6": {
        "mde": 0.040527431990758825,
        "count": 416
    },
    "1-7": {
        "mde": 0.3930959889991756,
        "count": 416
    },
    "1-8": {
        "mde": 0.13733579879593372,
        "count": 416
    },
    "1-9": {
        "mde": 0.07596130576156931,
        "count": 416
    },
    "10-1": {
        "mde": 0.2596184563637488,
        "count": 416
    },
    "10-11": {
        "mde": 0.781220650593297,
        "count": 416
    },
    "11-1": {
        "mde": 0.07274131894046626,
        "count": 416
    },
    "11-10": {
        "mde": 0.06339548884584473,
        "count": 416
    },
    "11-11": {
        "mde": 0.30311629538898544,
        "count": 416
    },
    "11-2": {
        "mde": 0.08165498665811169,
        "count": 416
    },
    "11-3": {
        "mde": 0.008653846153846153,
        "count": 416
    },
    "11-4": {
        "mde": 0.0360576923076923,
        "count": 416
    },
    "11-5": {
        "mde": 0.11174605890492104,
        "count": 416
    },
    "11-6": {
        "mde": 0.11136519726287947,
        "count": 416
    },
    "11-7": {
        "mde": 0.13842680678077407,
        "count": 416
    },
    "11-8": {
        "mde": 0.06242923737614696,
        "count": 416
    },
    "11-9": {
        "mde": 0.032771176949622643,
        "count": 416
    },
    "2-1": {
        "mde": 0.21030760403320312,
        "count": 416
    },
    "2-11": {
        "mde": 0.03046819009254535,
        "count": 416
    },
    "3-1": {
        "mde": 0.07888158685655376,
        "count": 416
    },
    "3-11": {
        "mde": 0.04578993302768501,
        "count": 416
    },
    "4-1": {
        "mde": 0.31673843467509977,
        "count": 416
    },
    "4-11": {
        "mde": 0.028038903618620988,
        "count": 416
    },
    "5-1": {
        "mde": 0.1289970734280667,
        "count": 416
    },
    "5-11": {
        "mde": 0.02884615384615384,
        "count": 416
    },
    "6-1": {
        "mde": 0.2041368646073862,
        "count": 416
    },
    "6-10": {
        "mde": 0.016654965097071466,
        "count": 416
    },
    "6-11": {
        "mde": 0.12114986728700416,
        "count": 416
    },
    "6-2": {
        "mde": 0.3126964263200226,
        "count": 416
    },
    "6-3": {
        "mde": 0.22573559847009772,
        "count": 416
    },
    "6-4": {
        "mde": 0.02137740573669778,
        "count": 416
    },
    "6-5": {
        "mde": 0.09988161950556783,
        "count": 416
    },
    "6-6": {
        "mde": 0.14597040633906744,
        "count": 416
    },
    "6-7": {
        "mde": 0.18347274608817152,
        "count": 416
    },
    "6-8": {
        "mde": 0.007211538461538462,
        "count": 416
    },
    "6-9": {
        "mde": 0.059821335665354206,
        "count": 416
    },
    "7-1": {
        "mde": 0.10961538461538461,
        "count": 416
    },
    "7-11": {
        "mde": 0.025961538461538463,
        "count": 416
    },
    "8-1": {
        "mde": 0.02619559277908901,
        "count": 416
    },
    "8-11": {
        "mde": 0.045993942411188135,
        "count": 416
    },
    "9-1": {
        "mde": 0.13347262451321662,
        "count": 416
    },
    "9-11": {
        "mde": 0.1875705213456943,
        "count": 416
    }
}