{
    "1-1": {
        "mde": 0.030786914727770516,
        "count": 386
    },
    "1-10": {
        "mde": 0.03357612962337415,
        "count": 386
    },
    "1-11": {
        "mde": 0.048024839256946235,
        "count": 386
    },
    "1-2": {
        "mde": 0.014633492583999628,
        "count": 386
    },
    "1-3": {
        "mde": 0.031762660725715305,
        "count": 386
    },
    "1-4": {
        "mde": 0.004663212435233161,
        "count": 386
    },
    "1-5": {
        "mde": 0.038488481818575206,
        "count": 386
    },
    "1-6": {
        "mde": 0.04651682492591584,
        "count": 386
    },
    "1-7": {
        "mde": 0.06989071228818132,
        "count": 386
    },
    "1-8": {
        "mde": 0.28433356785065206,
        "count": 386
    },
    "1-9": {
        "mde": 0.09028487429838317,
        "count": 386
    },
    "10-1": {
        "mde": 0.061200018029033854,
        "count": 386
    },
    "10-11": {
        "mde": 0.14089700413066303,
        "count": 386
    },
    "11-1": {
        "mde": 0.16988751273539054,
        "count": 386
    },
    "11-10": {
        "mde": 0.010427259998703682,
        "count": 386
    },
    "11-11": {
        "mde": 0.0015544041450777193,
        "count": 386
    },
    "11-2": {
        "mde": 0.045834455410111614,
        "count": 386
    },
    "11-3": {
        "mde": 0.035905211679159776,
        "count": 386
    },
    "11-4": {
        "mde": 0.14769667556749308,
        "count": 386
    },
    "11-5": {
        "mde": 0.03237971797126213,
        "count": 386
    },
    "11-6": {
        "mde": 0.012435233160621761,
        "count": 386
    },
    "11-7": {
        "mde": 0.07056565926674585,
        "count": 386
    },
    "11-8": {
        "mde": 0.24445156703412751,
        "count": 386
    },
    "11-9": {
        "mde": 0.02057419892875615,
        "count": 386
    },
    "2-1": {
        "mde": 0.03702889192476328,
        "count": 386
    },
    "2-11": {
        "mde": 0.021953013925830562,
        "count": 386
    },
    "3-1": {
        "mde": 0.0331118163740371,
        "count": 386
    },
    "3-11": {
        "mde": 0.03744930195228362,
        "count": 386
    },
    "4-1": {
        "mde": 0.07007458827524772,
        "count": 386
    },
    "4-11": {
        "mde": 0.028598464721764,
        "count": 386
    },
    "5-1": {
        "mde": 0.012817944950106719,
        "count": 386
    },
    "5-11": {
        "mde": 0.03667654131702162,
        "count": 386
    },
    "6-1": {
        "mde": 0.07772020725388602,
        "count": 386
    },
    "6-10": {
        "mde": 0.07185198746652731,
        "count": 386
    },
    "6-11": {
        "mde": 0.03575129533678756,
        "count": 386
    },
    "6-2": {
        "mde": 0.03347098545955863,
        "count": 386
    },
    "6-3": {
        "mde": 0.013876860059594261,
        "count": 386
    },
    "6-4": {
        "mde": 0.06983174469714327,
        "count": 386
    },
    "6-5": {
        "mde": 0.016835676520484923,
        "count": 386
    },
    "6-6": {
        "mde": 0.06636707821234435,
        "count": 386
    },
    "6-7": {
        "mde": 0.03622521399405493,
        "count": 386
    },
    "6-8": {
        "mde": 0.19164759264870507,
        "count": 386
    },
    "6-9": {
        "mde": 0.08173498762081993,
        "count": 386
    },
    "7-1": {
        "mde": 0.08322438289507283,
        "count": 386
    },
    "7-11": {
        "mde": 0.0752521545130953,
        "count": 386
    },
    "8-1": {
        "mde": 0.18436600679151188,
        "count": 386
    },
    "8-11": {
        "mde": 0.03578542871574517,
        "count": 386
    },
    "9-1": {
        "mde": 0.0848456644586666,
        "count": 386
    },
    "9-11": {
        "mde": 0.0811663176608192,
        "count": 386
    }
}