{
    "1-1": {
        "mde": 0.06119402985074627,
        "count": 402
    },
    "1-10": {
        "mde": 0.03925282415006926,
        "count": 402
    },
    "1-11": {
        "mde": 0.10611793957252655,
        "count": 402
    },
    "1-2": {
        "mde": 0.05029624598482835,
        "count": 402
    },
    "1-3": {
        "mde": 0.022388059701492536,
        "count": 402
    },
    "1-4": {
        "mde": 0.17848463611948634,
        "count": 402
    },
    "1-5": {
        "mde": 0.04548079993283519,
        "count": 402
    },
    "1-6": {
        "mde": 0.011940298507462688,
        "count": 402
    },
    "1-7": {
        "mde": 0.056238521935285675,
        "count": 402
    },
    "1-8": {
        "mde": 0.044988262124971576,
        "count": 402
    },
    "1-9": {
        "mde": 0.09388051139489582,
        "count": 402
    },
    "10-1": {
        "mde": 0.13985588926848286,
        "count": 402
    },
    "10-11": {
        "mde": 0.2544955255119065,
        "count": 402
    },
    "11-1": {
        "mde": 0.09552238805970151,
        "count": 402
    },
    "11-10": {
        "mde": 0.11314365444009807,
        "count": 402
    },
    "11-11": {
        "mde": 0.03731343283582089,
        "count": 402
    },
    "11-2": {
        "mde": 0.04657776906441138,
        "count": 402
    },
    "11-3": {
        "mde": 0.01492537313432836,
        "count": 402
    },
    "11-4": {
        "mde": 0.021257672667342218,
        "count": 402
    },
    "11-5": {
        "mde": 0.21204330594268442,
        "count": 402
    },
    "11-6": {
        "mde": 0.04078180235728538,
        "count": 402
    },
    "11-7": {
        "mde": 0.1510642297143375,
        "count": 402
    },
    "11-8": {
        "mde": 0.046268656716417916,
        "count": 402
    },
    "11-9": {
        "mde": 0.059069280510253876,
        "count": 402
    },
    "2-1": {
        "mde": 0.01578580779483802,
        "count": 402
    },
    "2-11": {
        "mde": 0.09999999999999999,
        "count": 402
    },
    "3-1": {
        "mde": 0.2185606773625924,
        "count": 402
    },
    "3-11": {
        "mde": 0.03629143299291243,
        "count": 402
    },
    "4-1": {
        "mde": 0.06906029412602871,
        "count": 402
    },
    "4-11": {
        "mde": 0.030251980940799873,
        "count": 402
    },
    "5-1": {
        "mde": 0.025370917089857385,
        "count": 402
    },
    "5-11": {
        "mde": 0.03880597014925372,
        "count": 402
    },
    "6-1": {
        "mde": 0.08297203027160298,
        "count": 402
    },
    "6-10": {
        "mde": 0.017036139645332977,
        "count": 402
    },
    "6-11": {
        "mde": 0.04328358208955222,
        "count": 402
    },
    "6-2": {
        "mde": 0.039057724256622656,
        "count": 402
    },
    "6-3": {
        "mde": 0.17408410593596008,
        "count": 402
    },
    "6-4": {
        "mde": 0.27155730219104407,
        "count": 402
    },
    "6-5": {
        "mde": 0.2136528992382046,
        "count": 402
    },
    "6-6": {
        "mde": 0.2663747622004957,
        "count": 402
    },
    "6-7": {
        "mde": 0.09140561273256155,
        "count": 402
    },
    "6-8": {
        "mde": 0.054668517820703276,
        "count": 402
    },
    "6-9": {
        "mde": 0.09949478393523,
        "count": 402
    },
    "7-1": {
        "mde": 0.08224534338275062,
        "count": 402
    },
    "7-11": {
        "mde": 0.03140228309802114,
        "count": 402
    },
    "8-1": {
        "mde": 0.05482010995167824,
        "count": 402
    },
    "8-11": {
        "mde": 0.03499577690810115,
        "count": 402
    },
    "9-1": {
        "mde": 0.03108720466380028,
        "count": 402
    },
    "9-11": {
        "mde": 0.07159785484847334,
        "count": 402
    }
}