{
    "1-1": {
        "mde": 0.16360620089553998,
        "count": 365
    },
    "1-10": {
        "mde": 0.12014832800712631,
        "count": 365
    },
    "1-11": {
        "mde": 0.24771728836534934,
        "count": 365
    },
    "1-2": {
        "mde": 0.07910772010332837,
        "count": 365
    },
    "1-3": {
        "mde": 0.13409496954408223,
        "count": 365
    },
    "1-4": {
        "mde": 0.12085227235080069,
        "count": 365
    },
    "1-5": {
        "mde": 0.11861161401076603,
        "count": 365
    },
    "1-6": {
        "mde": 0.08960356204369878,
        "count": 365
    },
    "1-7": {
        "mde": 0.09413494879271166,
        "count": 365
    },
    "1-8": {
        "mde": 0.3506079878492194,
        "count": 365
    },
    "1-9": {
        "mde": 0.016438356164383557,
        "count": 365
    },
    "10-1": {
        "mde": 0.05895080445916213,
        "count": 365
    },
    "10-11": {
        "mde": 0.2463478109545358,
        "count": 365
    },
    "11-1": {
        "mde": 0.11506849315068493,
        "count": 365
    },
    "11-10": {
        "mde": 0.08681136933025752,
        "count": 365
    },
    "11-11": {
        "mde": 0.10160946625578633,
        "count": 365
    },
    "11-2": {
        "mde": 0.039377120849974835,
        "count": 365
    },
    "11-3": {
        "mde": 0.09271979366907504,
        "count": 365
    },
    "11-4": {
        "mde": 0.008219178082191778,
        "count": 365
    },
    "11-5": {
        "mde": 0.023013698630136987,
        "count": 365
    },
    "11-6": {
        "mde": 0.047671232876712336,
        "count": 365
    },
    "11-7": {
        "mde": 0.012040364910142619,
        "count": 365
    },
    "11-8": {
        "mde": 0.22640409804544642,
        "count": 365
    },
    "11-9": {
        "mde": 0.035036233149016056,
        "count": 365
    },
    "2-1": {
        "mde": 0.29610572192713774,
        "count": 365
    },
    "2-11": {
        "mde": 0.0732120315419026,
        "count": 365
    },
    "3-1": {
        "mde": 0.05512241521544482,
        "count": 365
    },
    "3-11": {
        "mde": 0.09157971761629727,
        "count": 365
    },
    "4-1": {
        "mde": 0.06325365171010162,
        "count": 365
    },
    "4-11": {
        "mde": 0.009214604836379162,
        "count": 365
    },
    "5-1": {
        "mde": 0.07415278287483112,
        "count": 365
    },
    "5-11": {
        "mde": 0.0644976459904106,
        "count": 365
    },
    "6-1": {
        "mde": 0.20153635316566734,
        "count": 365
    },
    "6-10": {
        "mde": 0.02782593967946134,
        "count": 365
    },
    "6-11": {
        "mde": 0.045649856900168234,
        "count": 365
    },
    "6-2": {
        "mde": 0.10694012174892219,
        "count": 365
    },
    "6-3": {
        "mde": 0.3273216643824622,
        "count": 365
    },
    "6-4": {
        "mde": 0.08573505932285509,
        "count": 365
    },
    "6-5": {
        "mde": 0.26489950108534094,
        "count": 365
    },
    "6-6": {
        "mde": 0.14463688184369983,
        "count": 365
    },
    "6-7": {
        "mde": 0.29538376510026787,
        "count": 365
    },
    "6-8": {
        "mde": 0.2119166653071697,
        "count": 365
    },
    "6-9": {
        "mde": 0.07325836388158925,
        "count": 365
    },
    "7-1": {
        "mde": 0.008900077088832486,
        "count": 365
    },
    "7-11": {
        "mde": 0.003287671232876713,
        "count": 365
    },
    "8-1": {
        "mde": 0.08367007785485815,
        "count": 365
    },
    "8-11": {
        "mde": 0.0032876712328767104,
        "count": 365
    },
    "9-1": {
        "mde": 0.06132998848580155,
        "count": 365
    },
    "9-11": {
        "mde": 0.038875250368230446,
        "count": 365
    }
}