{
    "1-1": {
        "mde": 0.026208791166534424,
        "count": 398
    },
    "1-10": {
        "mde": 0.006899232998806242,
        "count": 398
    },
    "1-11": {
        "mde": 0.05990362871092339,
        "count": 398
    },
    "1-2": {
        "mde": 0.012060301507537688,
        "count": 398
    },
    "1-3": {
        "mde": 0.05777571153819612,
        "count": 398
    },
    "1-4": {
        "mde": 0.12338486787031935,
        "count": 398
    },
    "1-5": {
        "mde": 0.16757109711769375,
        "count": 398
    },
    "1-6": {
        "mde": 0.022613065326633167,
        "count": 398
    },
    "1-7": {
        "mde": 0.08486294624322212,
        "count": 398
    },
    "1-8": {
        "mde": 0.22782706341887685,
        "count": 398
    },
    "1-9": {
        "mde": 0.03651916854162766,
        "count": 398
    },
    "10-1": {
        "mde": 0.09690694751778879,
        "count": 398
    },
    "10-11": {
        "mde": 0.15396298084460017,
        "count": 398
    },
    "11-1": {
        "mde": 0.052763819095477386,
        "count": 398
    },
    "11-10": {
        "mde": 0.01356783919597991,
        "count": 398
    },
    "11-11": {
        "mde": 0.0,
        "count": 398
    },
    "11-2": {
        "mde": 0.07282072354356682,
        "count": 398
    },
    "11-3": {
        "mde": 0.025628140703517592,
        "count": 398
    },
    "11-4": {
        "mde": 0.034673366834170855,
        "count": 398
    },
    "11-5": {
        "mde": 0.028828802450679897,
        "count": 398
    },
    "11-6": {
        "mde": 0.05728643216080402,
        "count": 398
    },
    "11-7": {
        "mde": 0.009045226130653264,
        "count": 398
    },
    "11-8": {
        "mde": 0.021105527638190957,
        "count": 398
    },
    "11-9": {
        "mde": 0.02937479604156569,
        "count": 398
    },
    "2-1": {
        "mde": 0.10061100565885321,
        "count": 398
    },
    "2-11": {
        "mde": 0.10535630580508444,
        "count": 398
    },
    "3-1": {
        "mde": 0.01580929595051026,
        "count": 398
    },
    "3-11": {
        "mde": 0.13094504501246457,
        "count": 398
    },
    "4-1": {
        "mde": 0.10568813494347033,
        "count": 398
    },
    "4-11": {
        "mde": 0.0047672527540226824,
        "count": 398
    },
    "5-1": {
        "mde": 0.05153014869257053,
        "count": 398
    },
    "5-11": {
        "mde": 0.16503337078643152,
        "count": 398
    },
    "6-1": {
        "mde": 0.019597989949748745,
        "count": 398
    },
    "6-10": {
        "mde": 0.05539580235271576,
        "count": 398
    },
    "6-11": {
        "mde": 0.009045226130653266,
        "count": 398
    },
    "6-2": {
        "mde": 0.060657588076042955,
        "count": 398
    },
    "6-3": {
        "mde": 0.023206794452308555,
        "count": 398
    },
    "6-4": {
        "mde": 0.12549553922933723,
        "count": 398
    },
    "6-5": {
        "mde": 0.11603386168800454,
        "count": 398
    },
    "6-6": {
        "mde": 0.04404439703816051,
        "count": 398
    },
    "6-7": {
        "mde": 0.06798847162853183,
        "count": 398
    },
    "6-8": {
        "mde": 0.04522613065326633,
        "count": 398
    },
    "6-9": {
        "mde": 0.17865555424070007,
        "count": 398
    },
    "7-1": {
        "mde": 0.0030150753768844215,
        "count": 398
    },
    "7-11": {
        "mde": 0.0033709567499996835,
        "count": 398
    },
    "8-1": {
        "mde": 0.21126021651433968,
        "count": 398
    },
    "8-11": {
        "mde": 0.11773102395479906,
        "count": 398
    },
    "9-1": {
        "mde": 0.14318655322248663,
        "count": 398
    },
    "9-11": {
        "mde": 0.013309186620220386,
        "count": 398
    }
}