{
    "1-1": {
        "mde": 0.1943569950997949,
        "count": 398
    },
    "1-10": {
        "mde": 0.12000803798555537,
        "count": 398
    },
    "1-11": {
        "mde": 0.660952032266807,
        "count": 398
    },
    "1-2": {
        "mde": 0.1402010050251256,
        "count": 398
    },
    "1-3": {
        "mde": 0.15591192065935996,
        "count": 398
    },
    "1-4": {
        "mde": 0.9111036955986136,
        "count": 398
    },
    "1-5": {
        "mde": 0.7311986999039377,
        "count": 398
    },
    "1-6": {
        "mde": 0.09170495260529442,
        "count": 398
    },
    "1-7": {
        "mde": 0.9484550042728016,
        "count": 398
    },
    "1-8": {
        "mde": 1.0755885332200856,
        "count": 398
    },
    "1-9": {
        "mde": 0.6577050189290836,
        "count": 398
    },
    "10-1": {
        "mde": 0.16994519323811585,
        "count": 398
    },
    "10-11": {
        "mde": 0.36801934080807674,
        "count": 398
    },
    "11-1": {
        "mde": 0.23226794142492282,
        "count": 398
    },
    "11-10": {
        "mde": 0.10326687443403264,
        "count": 398
    },
    "11-11": {
        "mde": 0.07846714917756918,
        "count": 398
    },
    "11-2": {
        "mde": 0.29092435923084464,
        "count": 398
    },
    "11-3": {
        "mde": 0.09009184417580411,
        "count": 398
    },
    "11-4": {
        "mde": 0.03447805956990916,
        "count": 398
    },
    "11-5": {
        "mde": 0.5100642088406299,
        "count": 398
    },
    "11-6": {
        "mde": 0.164112033221879,
        "count": 398
    },
    "11-7": {
        "mde": 0.09551861272612745,
        "count": 398
    },
    "11-8": {
        "mde": 0.03919597989949749,
        "count": 398
    },
    "11-9": {
        "mde": 0.1523193805143929,
        "count": 398
    },
    "2-1": {
        "mde": 0.1780111965362242,
        "count": 398
    },
    "2-11": {
        "mde": 1.22853448394794,
        "count": 398
    },
    "3-1": {
        "mde": 0.4062048090362444,
        "count": 398
    },
    "3-11": {
        "mde": 0.2890040987108789,
        "count": 398
    },
    "4-1": {
        "mde": 0.37254321673921736,
        "count": 398
    },
    "4-11": {
        "mde": 0.4135696737730773,
        "count": 398
    },
    "5-1": {
        "mde": 0.38592038551014574,
        "count": 398
    },
    "5-11": {
        "mde": 0.4754412125229901,
        "count": 398
    },
    "6-1": {
        "mde": 0.6074128128970355,
        "count": 398
    },
    "6-10": {
        "mde": 0.5787842919539369,
        "count": 398
    },
    "6-11": {
        "mde": 0.3107531664085542,
        "count": 398
    },
    "6-2": {
        "mde": 0.340208564881099,
        "count": 398
    },
    "6-3": {
        "mde": 0.4807561879636201,
        "count": 398
    },
    "6-4": {
        "mde": 0.14937072270135224,
        "count": 398
    },
    "6-5": {
        "mde": 0.4069460729527606,
        "count": 398
    },
    "6-6": {
        "mde": 0.04250960657364659,
        "count": 398
    },
    "6-7": {
        "mde": 0.6018617218313526,
        "count": 398
    },
    "6-8": {
        "mde": 0.6778358873991752,
        "count": 398
    },
    "6-9": {
        "mde": 0.6544116118449688,
        "count": 398
    },
    "7-1": {
        "mde": 1.3320709263425916,
        "count": 398
    },
    "7-11": {
        "mde": 0.10802871641022817,
        "count": 398
    },
    "8-1": {
        "mde": 0.5089079683091831,
        "count": 398
    },
    "8-11": {
        "mde": 0.3032632935602319,
        "count": 398
    },
    "9-1": {
        "mde": 0.37635889104115194,
        "count": 398
    },
    "9-11": {
        "mde": 0.2269457174299568,
        "count": 398
    }
}