{
    "1-1": {
        "mde": 0.36164383561643837,
        "count": 365
    },
    "1-10": {
        "mde": 0.9690310793432227,
        "count": 365
    },
    "1-11": {
        "mde": 0.7996093555200808,
        "count": 365
    },
    "1-2": {
        "mde": 0.3775990891639291,
        "count": 365
    },
    "1-3": {
        "mde": 0.18365153318093974,
        "count": 365
    },
    "1-4": {
        "mde": 1.2310654638185416,
        "count": 365
    },
    "1-5": {
        "mde": 0.3804987114657251,
        "count": 365
    },
    "1-6": {
        "mde": 0.1310094045309431,
        "count": 365
    },
    "1-7": {
        "mde": 0.8161612118965008,
        "count": 365
    },
    "1-8": {
        "mde": 1.7695797984017854,
        "count": 365
    },
    "1-9": {
        "mde": 0.3992517783527086,
        "count": 365
    },
    "10-1": {
        "mde": 0.22984902176447136,
        "count": 365
    },
    "10-11": {
        "mde": 0.7807915249228646,
        "count": 365
    },
    "11-1": {
        "mde": 0.19068493150684934,
        "count": 365
    },
    "11-10": {
        "mde": 0.19022014310873775,
        "count": 365
    },
    "11-11": {
        "mde": 0.8681785452092514,
        "count": 365
    },
    "11-2": {
        "mde": 0.3883566882114865,
        "count": 365
    },
    "11-3": {
        "mde": 0.25898083853000264,
        "count": 365
    },
    "11-4": {
        "mde": 0.02794520547945206,
        "count": 365
    },
    "11-5": {
        "mde": 0.17753424657534245,
        "count": 365
    },
    "11-6": {
        "mde": 0.6591159329108207,
        "count": 365
    },
    "11-7": {
        "mde": 0.09041095890410959,
        "count": 365
    },
    "11-8": {
        "mde": 0.12867677991826576,
        "count": 365
    },
    "11-9": {
        "mde": 0.25935444069897406,
        "count": 365
    },
    "2-1": {
        "mde": 0.8264149152160549,
        "count": 365
    },
    "2-11": {
        "mde": 0.12680410338110315,
        "count": 365
    },
    "3-1": {
        "mde": 0.17160134928925388,
        "count": 365
    },
    "3-11": {
        "mde": 0.3237375312492998,
        "count": 365
    },
    "4-1": {
        "mde": 0.6071400823533947,
        "count": 365
    },
    "4-11": {
        "mde": 0.06678393769187849,
        "count": 365
    },
    "5-1": {
        "mde": 0.4101015188765179,
        "count": 365
    },
    "5-11": {
        "mde": 0.4961943035635917,
        "count": 365
    },
    "6-1": {
        "mde": 0.9056261352341396,
        "count": 365
    },
    "6-10": {
        "mde": 0.33646758024890694,
        "count": 365
    },
    "6-11": {
        "mde": 0.14751566836557303,
        "count": 365
    },
    "6-2": {
        "mde": 0.531539718060311,
        "count": 365
    },
    "6-3": {
        "mde": 0.5892863214482544,
        "count": 365
    },
    "6-4": {
        "mde": 0.8312539694620866,
        "count": 365
    },
    "6-5": {
        "mde": 0.6199193810766505,
        "count": 365
    },
    "6-6": {
        "mde": 0.6553050455445267,
        "count": 365
    },
    "6-7": {
        "mde": 0.9901559767695713,
        "count": 365
    },
    "6-8": {
        "mde": 1.197605146388102,
        "count": 365
    },
    "6-9": {
        "mde": 0.6723727430706378,
        "count": 365
    },
    "7-1": {
        "mde": 0.042746773975974685,
        "count": 365
    },
    "7-11": {
        "mde": 0.36710599324043997,
        "count": 365
    },
    "8-1": {
        "mde": 0.31528969051828704,
        "count": 365
    },
    "8-11": {
        "mde": 0.1985176639321886,
        "count": 365
    },
    "9-1": {
        "mde": 0.5126048703094307,
        "count": 365
    },
    "9-11": {
        "mde": 0.25428048296805283,
        "count": 365
    }
}