{
    "1-1": {
        "mde": 0.06965921904919956,
        "count": 416
    },
    "1-10": {
        "mde": 1.1931015561364466,
        "count": 416
    },
    "1-11": {
        "mde": 0.2966073180650493,
        "count": 416
    },
    "1-2": {
        "mde": 0.6416729265506059,
        "count": 416
    },
    "1-3": {
        "mde": 0.3704206721982579,
        "count": 416
    },
    "1-4": {
        "mde": 0.2355950371708719,
        "count": 416
    },
    "1-5": {
        "mde": 0.43375782785248995,
        "count": 416
    },
    "1-6": {
        "mde": 0.4067148537634013,
        "count": 416
    },
    "1-7": {
        "mde": 0.9031709957192984,
        "count": 416
    },
    "1-8": {
        "mde": 0.8263089725172379,
        "count": 416
    },
    "1-9": {
        "mde": 0.3640623870039482,
        "count": 416
    },
    "10-1": {
        "mde": 0.3717127310494922,
        "count": 416
    },
    "10-11": {
        "mde": 1.0196945965029192,
        "count": 416
    },
    "11-1": {
        "mde": 0.21441620738897685,
        "count": 416
    },
    "11-10": {
        "mde": 0.5806993844573973,
        "count": 416
    },
    "11-11": {
        "mde": 0.5103008956052318,
        "count": 416
    },
    "11-2": {
        "mde": 0.2194432233130163,
        "count": 416
    },
    "11-3": {
        "mde": 0.11826923076923078,
        "count": 416
    },
    "11-4": {
        "mde": 0.028846153846153837,
        "count": 416
    },
    "11-5": {
        "mde": 0.26796945592607063,
        "count": 416
    },
    "11-6": {
        "mde": 0.7137821159695776,
        "count": 416
    },
    "11-7": {
        "mde": 0.36706102312746924,
        "count": 416
    },
    "11-8": {
        "mde": 0.4363969362907555,
        "count": 416
    },
    "11-9": {
        "mde": 0.2581730769230769,
        "count": 416
    },
    "2-1": {
        "mde": 1.0246050999253802,
        "count": 416
    },
    "2-11": {
        "mde": 0.2321442620880008,
        "count": 416
    },
    "3-1": {
        "mde": 0.04604997126593551,
        "count": 416
    },
    "3-11": {
        "mde": 0.23452862575418673,
        "count": 416
    },
    "4-1": {
        "mde": 0.8390890759665356,
        "count": 416
    },
    "4-11": {
        "mde": 0.09351696604124585,
        "count": 416
    },
    "5-1": {
        "mde": 1.3197449193552444,
        "count": 416
    },
    "5-11": {
        "mde": 0.08365384615384615,
        "count": 416
    },
    "6-1": {
        "mde": 0.8641621930629925,
        "count": 416
    },
    "6-10": {
        "mde": 0.0920090130581693,
        "count": 416
    },
    "6-11": {
        "mde": 0.2948956238973889,
        "count": 416
    },
    "6-2": {
        "mde": 0.717633063107106,
        "count": 416
    },
    "6-3": {
        "mde": 0.5148570205764005,
        "count": 416
    },
    "6-4": {
        "mde": 0.9863191031505665,
        "count": 416
    },
    "6-5": {
        "mde": 1.1148112939845598,
        "count": 416
    },
    "6-6": {
        "mde": 0.5345792500355796,
        "count": 416
    },
    "6-7": {
        "mde": 0.46554682766787303,
        "count": 416
    },
    "6-8": {
        "mde": 0.608244705041163,
        "count": 416
    },
    "6-9": {
        "mde": 0.3335160723894029,
        "count": 416
    },
    "7-1": {
        "mde": 1.0919239748608638,
        "count": 416
    },
    "7-11": {
        "mde": 0.0935742949459205,
        "count": 416
    },
    "8-1": {
        "mde": 0.09744723208930485,
        "count": 416
    },
    "8-11": {
        "mde": 0.16567464106858718,
        "count": 416
    },
    "9-1": {
        "mde": 1.1272967246965435,
        "count": 416
    },
    "9-11": {
        "mde": 0.9159860004985017,
        "count": 416
    }
}