{
    "1-1": {
        "mde": 0.32335909252144396,
        "count": 402
    },
    "1-10": {
        "mde": 0.7954750908705053,
        "count": 402
    },
    "1-11": {
        "mde": 0.3952402847816903,
        "count": 402
    },
    "1-2": {
        "mde": 0.20657450499595173,
        "count": 402
    },
    "1-3": {
        "mde": 0.27390810554652484,
        "count": 402
    },
    "1-4": {
        "mde": 0.8380267017069828,
        "count": 402
    },
    "1-5": {
        "mde": 0.4223214733859022,
        "count": 402
    },
    "1-6": {
        "mde": 0.3471407645037083,
        "count": 402
    },
    "1-7": {
        "mde": 0.5605262837662112,
        "count": 402
    },
    "1-8": {
        "mde": 0.11007934791955794,
        "count": 402
    },
    "1-9": {
        "mde": 0.35067823161751444,
        "count": 402
    },
    "10-1": {
        "mde": 0.5767390173907432,
        "count": 402
    },
    "10-11": {
        "mde": 0.9464676607062948,
        "count": 402
    },
    "11-1": {
        "mde": 0.044776119402985065,
        "count": 402
    },
    "11-10": {
        "mde": 0.7132826917116984,
        "count": 402
    },
    "11-11": {
        "mde": 0.37833460346377207,
        "count": 402
    },
    "11-2": {
        "mde": 0.6997192439152915,
        "count": 402
    },
    "11-3": {
        "mde": 0.05074626865671642,
        "count": 402
    },
    "11-4": {
        "mde": 0.046268656716417916,
        "count": 402
    },
    "11-5": {
        "mde": 0.19844167366509718,
        "count": 402
    },
    "11-6": {
        "mde": 0.2746268656716418,
        "count": 402
    },
    "11-7": {
        "mde": 0.5705998273648617,
        "count": 402
    },
    "11-8": {
        "mde": 0.040660657741969086,
        "count": 402
    },
    "11-9": {
        "mde": 1.1014120156466383,
        "count": 402
    },
    "2-1": {
        "mde": 0.5372215770507281,
        "count": 402
    },
    "2-11": {
        "mde": 0.3654261511790989,
        "count": 402
    },
    "3-1": {
        "mde": 0.480847153091757,
        "count": 402
    },
    "3-11": {
        "mde": 0.3293042090750764,
        "count": 402
    },
    "4-1": {
        "mde": 0.5996819393257872,
        "count": 402
    },
    "4-11": {
        "mde": 0.05369203874777653,
        "count": 402
    },
    "5-1": {
        "mde": 0.6229792806948568,
        "count": 402
    },
    "5-11": {
        "mde": 0.5900902389092549,
        "count": 402
    },
    "6-1": {
        "mde": 1.2824616180965274,
        "count": 402
    },
    "6-10": {
        "mde": 0.41863227357226696,
        "count": 402
    },
    "6-11": {
        "mde": 0.4510082639252742,
        "count": 402
    },
    "6-2": {
        "mde": 0.7390452441801875,
        "count": 402
    },
    "6-3": {
        "mde": 0.3812164814565654,
        "count": 402
    },
    "6-4": {
        "mde": 0.42944038826611475,
        "count": 402
    },
    "6-5": {
        "mde": 0.25863049886543704,
        "count": 402
    },
    "6-6": {
        "mde": 0.2931849452111645,
        "count": 402
    },
    "6-7": {
        "mde": 0.6994270747751852,
        "count": 402
    },
    "6-8": {
        "mde": 0.2964637469454588,
        "count": 402
    },
    "6-9": {
        "mde": 0.3422713943818903,
        "count": 402
    },
    "7-1": {
        "mde": 0.6662729167182926,
        "count": 402
    },
    "7-11": {
        "mde": 0.21553667778985142,
        "count": 402
    },
    "8-1": {
        "mde": 0.769459456982283,
        "count": 402
    },
    "8-11": {
        "mde": 0.19416269834968922,
        "count": 402
    },
    "9-1": {
        "mde": 0.30250328223703865,
        "count": 402
    },
    "9-11": {
        "mde": 0.32410894588472666,
        "count": 402
    }
}