{
    "1-1": {
        "mde": 0.24962881479704618,
        "count": 386
    },
    "1-10": {
        "mde": 0.24776592443684636,
        "count": 386
    },
    "1-11": {
        "mde": 0.5149788955462264,
        "count": 386
    },
    "1-2": {
        "mde": 0.2029253808833792,
        "count": 386
    },
    "1-3": {
        "mde": 0.2401334476780655,
        "count": 386
    },
    "1-4": {
        "mde": 0.08772915375324213,
        "count": 386
    },
    "1-5": {
        "mde": 0.5322784510402367,
        "count": 386
    },
    "1-6": {
        "mde": 0.22095653877532134,
        "count": 386
    },
    "1-7": {
        "mde": 0.20303934355276798,
        "count": 386
    },
    "1-8": {
        "mde": 0.3207250616570059,
        "count": 386
    },
    "1-9": {
        "mde": 0.17679348850350235,
        "count": 386
    },
    "10-1": {
        "mde": 0.25261266301073615,
        "count": 386
    },
    "10-11": {
        "mde": 0.06622216206322466,
        "count": 386
    },
    "11-1": {
        "mde": 0.2162936193803839,
        "count": 386
    },
    "11-10": {
        "mde": 0.02432686249721175,
        "count": 386
    },
    "11-11": {
        "mde": 0.05145039053198204,
        "count": 386
    },
    "11-2": {
        "mde": 0.21668136627616813,
        "count": 386
    },
    "11-3": {
        "mde": 0.15215835826942745,
        "count": 386
    },
    "11-4": {
        "mde": 0.1395517166161979,
        "count": 386
    },
    "11-5": {
        "mde": 0.08549222797927461,
        "count": 386
    },
    "11-6": {
        "mde": 0.1461139896373057,
        "count": 386
    },
    "11-7": {
        "mde": 0.3286475770023154,
        "count": 386
    },
    "11-8": {
        "mde": 0.402979151319971,
        "count": 386
    },
    "11-9": {
        "mde": 0.10606642690803077,
        "count": 386
    },
    "2-1": {
        "mde": 0.31012693656946577,
        "count": 386
    },
    "2-11": {
        "mde": 1.3583311729210665,
        "count": 386
    },
    "3-1": {
        "mde": 0.016813451543614456,
        "count": 386
    },
    "3-11": {
        "mde": 0.2866747332044748,
        "count": 386
    },
    "4-1": {
        "mde": 0.08682862191272499,
        "count": 386
    },
    "4-11": {
        "mde": 0.5246632330765657,
        "count": 386
    },
    "5-1": {
        "mde": 0.1109215212633899,
        "count": 386
    },
    "5-11": {
        "mde": 0.21764633205016065,
        "count": 386
    },
    "6-1": {
        "mde": 0.1566378180532679,
        "count": 386
    },
    "6-10": {
        "mde": 0.5721321053713149,
        "count": 386
    },
    "6-11": {
        "mde": 0.057250184292505654,
        "count": 386
    },
    "6-2": {
        "mde": 0.057301677871062745,
        "count": 386
    },
    "6-3": {
        "mde": 0.0910702238369578,
        "count": 386
    },
    "6-4": {
        "mde": 0.404357578456534,
        "count": 386
    },
    "6-5": {
        "mde": 0.5189106071509548,
        "count": 386
    },
    "6-6": {
        "mde": 0.421847713021524,
        "count": 386
    },
    "6-7": {
        "mde": 0.3805265813006514,
        "count": 386
    },
    "6-8": {
        "mde": 0.5687971226000397,
        "count": 386
    },
    "6-9": {
        "mde": 0.1504915691687541,
        "count": 386
    },
    "7-1": {
        "mde": 0.249972926732092,
        "count": 386
    },
    "7-11": {
        "mde": 0.3112424933282655,
        "count": 386
    },
    "8-1": {
        "mde": 0.4733785463044467,
        "count": 386
    },
    "8-11": {
        "mde": 0.3339059282961665,
        "count": 386
    },
    "9-1": {
        "mde": 0.14014881799188864,
        "count": 386
    },
    "9-11": {
        "mde": 0.08517986546185392,
        "count": 386
    }
}