{
    "1-1": {
        "mde": 0.008695652173913044,
        "count": 345
    },
    "1-10": {
        "mde": 0.21871003935599356,
        "count": 345
    },
    "1-11": {
        "mde": 0.13070520768939742,
        "count": 345
    },
    "1-2": {
        "mde": 0.15416080328669712,
        "count": 345
    },
    "1-3": {
        "mde": 0.13108469075507376,
        "count": 345
    },
    "1-4": {
        "mde": 0.07519801552738768,
        "count": 345
    },
    "1-5": {
        "mde": 0.06608695652173914,
        "count": 345
    },
    "1-6": {
        "mde": 0.5707359857956333,
        "count": 345
    },
    "1-7": {
        "mde": 0.049846789199461915,
        "count": 345
    },
    "1-8": {
        "mde": 0.11929411666357687,
        "count": 345
    },
    "1-9": {
        "mde": 0.16609193410036083,
        "count": 345
    },
    "10-1": {
        "mde": 0.16723459247108824,
        "count": 345
    },
    "10-11": {
        "mde": 0.04571137314702411,
        "count": 345
    },
    "11-1": {
        "mde": 0.11652173913043479,
        "count": 345
    },
    "11-10": {
        "mde": 0.033043478260869556,
        "count": 345
    },
    "11-11": {
        "mde": 0.06782608695652173,
        "count": 345
    },
    "11-2": {
        "mde": 0.16978681217038177,
        "count": 345
    },
    "11-3": {
        "mde": 0.03792560599320374,
        "count": 345
    },
    "11-4": {
        "mde": 0.5073212523956021,
        "count": 345
    },
    "11-5": {
        "mde": 0.1652173913043478,
        "count": 345
    },
    "11-6": {
        "mde": 0.03304347826086957,
        "count": 345
    },
    "11-7": {
        "mde": 0.05883643807799183,
        "count": 345
    },
    "11-8": {
        "mde": 0.037650627201171336,
        "count": 345
    },
    "11-9": {
        "mde": 0.021041773067117887,
        "count": 345
    },
    "2-1": {
        "mde": 0.14750564943469796,
        "count": 345
    },
    "2-11": {
        "mde": 0.16477519299022236,
        "count": 345
    },
    "3-1": {
        "mde": 0.12717286341241246,
        "count": 345
    },
    "3-11": {
        "mde": 0.05296303171834307,
        "count": 345
    },
    "4-1": {
        "mde": 0.0034782608695652167,
        "count": 345
    },
    "4-11": {
        "mde": 0.1554806229998631,
        "count": 345
    },
    "5-1": {
        "mde": 0.035541088684969094,
        "count": 345
    },
    "5-11": {
        "mde": 0.05228607843868865,
        "count": 345
    },
    "6-1": {
        "mde": 0.17391304347826086,
        "count": 345
    },
    "6-10": {
        "mde": 0.11248482935518944,
        "count": 345
    },
    "6-11": {
        "mde": 0.05913043478260867,
        "count": 345
    },
    "6-2": {
        "mde": 0.1582918502748174,
        "count": 345
    },
    "6-3": {
        "mde": 0.0782608695652174,
        "count": 345
    },
    "6-4": {
        "mde": 0.050999226644063936,
        "count": 345
    },
    "6-5": {
        "mde": 0.04173913043478261,
        "count": 345
    },
    "6-6": {
        "mde": 0.053619046773644,
        "count": 345
    },
    "6-7": {
        "mde": 0.24347826086956523,
        "count": 345
    },
    "6-8": {
        "mde": 0.2084610008461687,
        "count": 345
    },
    "6-9": {
        "mde": 0.21303495229211114,
        "count": 345
    },
    "7-1": {
        "mde": 0.13109160938850514,
        "count": 345
    },
    "7-11": {
        "mde": 0.06068334300346465,
        "count": 345
    },
    "8-1": {
        "mde": 0.18997577039565175,
        "count": 345
    },
    "8-11": {
        "mde": 0.10872378759440054,
        "count": 345
    },
    "9-1": {
        "mde": 0.18762209398847188,
        "count": 345
    },
    "9-11": {
        "mde": 0.05689883058428936,
        "count": 345
    }
}