{
    "1-1": {
        "mde": 0.3656716417910448,
        "count": 402
    },
    "1-10": {
        "mde": 0.0665484948589583,
        "count": 402
    },
    "1-11": {
        "mde": 0.10941938633254779,
        "count": 402
    },
    "1-2": {
        "mde": 0.07140391109487454,
        "count": 402
    },
    "1-3": {
        "mde": 0.021600202917909827,
        "count": 402
    },
    "1-4": {
        "mde": 0.45636989393377947,
        "count": 402
    },
    "1-5": {
        "mde": 0.14904469077145693,
        "count": 402
    },
    "1-6": {
        "mde": 0.01805823807998923,
        "count": 402
    },
    "1-7": {
        "mde": 0.013747914255116385,
        "count": 402
    },
    "1-8": {
        "mde": 0.040902863204906964,
        "count": 402
    },
    "1-9": {
        "mde": 0.003337414891790731,
        "count": 402
    },
    "10-1": {
        "mde": 0.1796945562385872,
        "count": 402
    },
    "10-11": {
        "mde": 0.21665358133830864,
        "count": 402
    },
    "11-1": {
        "mde": 0.023880597014925373,
        "count": 402
    },
    "11-10": {
        "mde": 0.28999947499671613,
        "count": 402
    },
    "11-11": {
        "mde": 0.2880597014925373,
        "count": 402
    },
    "11-2": {
        "mde": 0.28191590040561315,
        "count": 402
    },
    "11-3": {
        "mde": 0.017658137156485523,
        "count": 402
    },
    "11-4": {
        "mde": 0.03134328358208956,
        "count": 402
    },
    "11-5": {
        "mde": 0.25290316959411974,
        "count": 402
    },
    "11-6": {
        "mde": 0.1394612503444958,
        "count": 402
    },
    "11-7": {
        "mde": 0.044776119402985086,
        "count": 402
    },
    "11-8": {
        "mde": 0.17313432835820897,
        "count": 402
    },
    "11-9": {
        "mde": 0.2713150326671489,
        "count": 402
    },
    "2-1": {
        "mde": 0.0629507454993656,
        "count": 402
    },
    "2-11": {
        "mde": 0.07972774805422375,
        "count": 402
    },
    "3-1": {
        "mde": 0.046083504984930176,
        "count": 402
    },
    "3-11": {
        "mde": 0.2845705025785665,
        "count": 402
    },
    "4-1": {
        "mde": 0.21235512712792054,
        "count": 402
    },
    "4-11": {
        "mde": 0.5696990141150061,
        "count": 402
    },
    "5-1": {
        "mde": 0.003337414891790731,
        "count": 402
    },
    "5-11": {
        "mde": 0.4999075532387595,
        "count": 402
    },
    "6-1": {
        "mde": 0.1903456854117947,
        "count": 402
    },
    "6-10": {
        "mde": 0.05727364541161599,
        "count": 402
    },
    "6-11": {
        "mde": 0.21798488898674762,
        "count": 402
    },
    "6-2": {
        "mde": 0.1610417483922991,
        "count": 402
    },
    "6-3": {
        "mde": 0.055904244959277184,
        "count": 402
    },
    "6-4": {
        "mde": 0.18489197297806978,
        "count": 402
    },
    "6-5": {
        "mde": 1.080376687465583,
        "count": 402
    },
    "6-6": {
        "mde": 0.19241253102966843,
        "count": 402
    },
    "6-7": {
        "mde": 0.4827865600918077,
        "count": 402
    },
    "6-8": {
        "mde": 0.09068947794707467,
        "count": 402
    },
    "6-9": {
        "mde": 0.09598669854671824,
        "count": 402
    },
    "7-1": {
        "mde": 0.7910771449386128,
        "count": 402
    },
    "7-11": {
        "mde": 0.03134328358208955,
        "count": 402
    },
    "8-1": {
        "mde": 0.025373134328358207,
        "count": 402
    },
    "8-11": {
        "mde": 0.011351569067856697,
        "count": 402
    },
    "9-1": {
        "mde": 0.0563771627384259,
        "count": 402
    },
    "9-11": {
        "mde": 0.7265191476651227,
        "count": 402
    }
}