{
    "1-1": {
        "mde": 0.3785340314136125,
        "count": 382
    },
    "1-10": {
        "mde": 0.1948605495302423,
        "count": 382
    },
    "1-11": {
        "mde": 1.1780104712041883,
        "count": 382
    },
    "1-2": {
        "mde": 0.5912409498309256,
        "count": 382
    },
    "1-3": {
        "mde": 0.6093778472489169,
        "count": 382
    },
    "1-4": {
        "mde": 1.8102736630697125,
        "count": 382
    },
    "1-5": {
        "mde": 0.601422382770335,
        "count": 382
    },
    "1-6": {
        "mde": 1.2954696616408428,
        "count": 382
    },
    "1-7": {
        "mde": 0.2445837914234056,
        "count": 382
    },
    "1-8": {
        "mde": 0.07018332893478776,
        "count": 382
    },
    "1-9": {
        "mde": 1.201418427488054,
        "count": 382
    },
    "10-1": {
        "mde": 0.6328927129563875,
        "count": 382
    },
    "10-11": {
        "mde": 0.44888507022656876,
        "count": 382
    },
    "11-1": {
        "mde": 0.16963350785340314,
        "count": 382
    },
    "11-10": {
        "mde": 0.6212926950567085,
        "count": 382
    },
    "11-11": {
        "mde": 0.5591623036649214,
        "count": 382
    },
    "11-2": {
        "mde": 0.7626429909676928,
        "count": 382
    },
    "11-3": {
        "mde": 0.9741971606202846,
        "count": 382
    },
    "11-4": {
        "mde": 1.7662921105165448,
        "count": 382
    },
    "11-5": {
        "mde": 0.5456746151309962,
        "count": 382
    },
    "11-6": {
        "mde": 1.7480575467148245,
        "count": 382
    },
    "11-7": {
        "mde": 1.4506807147390575,
        "count": 382
    },
    "11-8": {
        "mde": 0.615175765114697,
        "count": 382
    },
    "11-9": {
        "mde": 0.10053718666947145,
        "count": 382
    },
    "2-1": {
        "mde": 1.0292049189075296,
        "count": 382
    },
    "2-11": {
        "mde": 0.3571970724998812,
        "count": 382
    },
    "3-1": {
        "mde": 0.5328305973690347,
        "count": 382
    },
    "3-11": {
        "mde": 1.0588322938271386,
        "count": 382
    },
    "4-1": {
        "mde": 0.19530806287709798,
        "count": 382
    },
    "4-11": {
        "mde": 0.19030323542741973,
        "count": 382
    },
    "5-1": {
        "mde": 1.8176294251576492,
        "count": 382
    },
    "5-11": {
        "mde": 1.8208382627823434,
        "count": 382
    },
    "6-1": {
        "mde": 0.7949199259375802,
        "count": 382
    },
    "6-10": {
        "mde": 0.4135606454465255,
        "count": 382
    },
    "6-11": {
        "mde": 0.9926701570680626,
        "count": 382
    },
    "6-2": {
        "mde": 1.3222512972351186,
        "count": 382
    },
    "6-3": {
        "mde": 0.11086623192755132,
        "count": 382
    },
    "6-4": {
        "mde": 1.3080640313084313,
        "count": 382
    },
    "6-5": {
        "mde": 1.1164761327704387,
        "count": 382
    },
    "6-6": {
        "mde": 2.189777779214469,
        "count": 382
    },
    "6-7": {
        "mde": 2.871717604984398,
        "count": 382
    },
    "6-8": {
        "mde": 1.5373068046234968,
        "count": 382
    },
    "6-9": {
        "mde": 2.1604286622315954,
        "count": 382
    },
    "7-1": {
        "mde": 0.4091569243693027,
        "count": 382
    },
    "7-11": {
        "mde": 1.4042730217840242,
        "count": 382
    },
    "8-1": {
        "mde": 1.7564020534352662,
        "count": 382
    },
    "8-11": {
        "mde": 0.5331387299124557,
        "count": 382
    },
    "9-1": {
        "mde": 1.0900523560209425,
        "count": 382
    },
    "9-11": {
        "mde": 0.34375734750657094,
        "count": 382
    }
}