{
    "1-1": {
        "mde": 0.004931506849315068,
        "count": 365
    },
    "1-10": {
        "mde": 0.16355456716428235,
        "count": 365
    },
    "1-11": {
        "mde": 0.25660112796754975,
        "count": 365
    },
    "1-2": {
        "mde": 0.020220103692732774,
        "count": 365
    },
    "1-3": {
        "mde": 0.12134244464612377,
        "count": 365
    },
    "1-4": {
        "mde": 1.1548502178570677,
        "count": 365
    },
    "1-5": {
        "mde": 0.09708823257702232,
        "count": 365
    },
    "1-6": {
        "mde": 1.6569848135094012,
        "count": 365
    },
    "1-7": {
        "mde": 0.5968907200223513,
        "count": 365
    },
    "1-8": {
        "mde": 0.05228608752162815,
        "count": 365
    },
    "1-9": {
        "mde": 0.031049661073969836,
        "count": 365
    },
    "10-1": {
        "mde": 0.8469037275736732,
        "count": 365
    },
    "10-11": {
        "mde": 0.0809526760294279,
        "count": 365
    },
    "11-1": {
        "mde": 0.17917808219178083,
        "count": 365
    },
    "11-10": {
        "mde": 0.03695130191444232,
        "count": 365
    },
    "11-11": {
        "mde": 0.0558904109589041,
        "count": 365
    },
    "11-2": {
        "mde": 0.1500824052819825,
        "count": 365
    },
    "11-3": {
        "mde": 0.20210017300273836,
        "count": 365
    },
    "11-4": {
        "mde": 0.0049315068493150675,
        "count": 365
    },
    "11-5": {
        "mde": 0.021369863013698635,
        "count": 365
    },
    "11-6": {
        "mde": 0.20712328767123295,
        "count": 365
    },
    "11-7": {
        "mde": 0.08547945205479454,
        "count": 365
    },
    "11-8": {
        "mde": 0.032876712328767134,
        "count": 365
    },
    "11-9": {
        "mde": 0.07050171586849037,
        "count": 365
    },
    "2-1": {
        "mde": 0.05187345071688335,
        "count": 365
    },
    "2-11": {
        "mde": 0.23952033523150582,
        "count": 365
    },
    "3-1": {
        "mde": 0.015141538439881608,
        "count": 365
    },
    "3-11": {
        "mde": 1.418544790317186,
        "count": 365
    },
    "4-1": {
        "mde": 0.07661186511035174,
        "count": 365
    },
    "4-11": {
        "mde": 0.01453416863500895,
        "count": 365
    },
    "5-1": {
        "mde": 0.4319726105308341,
        "count": 365
    },
    "5-11": {
        "mde": 0.8032784191752305,
        "count": 365
    },
    "6-1": {
        "mde": 0.8757025557004692,
        "count": 365
    },
    "6-10": {
        "mde": 0.38207080581565933,
        "count": 365
    },
    "6-11": {
        "mde": 0.13882430341916482,
        "count": 365
    },
    "6-2": {
        "mde": 0.10104202084136783,
        "count": 365
    },
    "6-3": {
        "mde": 0.7964297484618845,
        "count": 365
    },
    "6-4": {
        "mde": 0.3892353921625765,
        "count": 365
    },
    "6-5": {
        "mde": 0.02666650707815416,
        "count": 365
    },
    "6-6": {
        "mde": 0.03287671232876712,
        "count": 365
    },
    "6-7": {
        "mde": 0.535851524929586,
        "count": 365
    },
    "6-8": {
        "mde": 0.10829606044440294,
        "count": 365
    },
    "6-9": {
        "mde": 0.5831605885961301,
        "count": 365
    },
    "7-1": {
        "mde": 0.3121956960923107,
        "count": 365
    },
    "7-11": {
        "mde": 0.08578153345327161,
        "count": 365
    },
    "8-1": {
        "mde": 0.03452054794520546,
        "count": 365
    },
    "8-11": {
        "mde": 0.06246575342465752,
        "count": 365
    },
    "9-1": {
        "mde": 0.5705287802601292,
        "count": 365
    },
    "9-11": {
        "mde": 0.016346748345204096,
        "count": 365
    }
}