{
    "1-1": {
        "mde": 0.6063492063492062,
        "count": 378
    },
    "1-10": {
        "mde": 0.07044507603786729,
        "count": 378
    },
    "1-11": {
        "mde": 1.3611259423285795,
        "count": 378
    },
    "1-2": {
        "mde": 0.004489566864676492,
        "count": 378
    },
    "1-3": {
        "mde": 0.62434140871602,
        "count": 378
    },
    "1-4": {
        "mde": 0.6130127603606119,
        "count": 378
    },
    "1-5": {
        "mde": 0.022222222222222223,
        "count": 378
    },
    "1-6": {
        "mde": 0.9460317460317459,
        "count": 378
    },
    "1-7": {
        "mde": 2.9021457439399194,
        "count": 378
    },
    "1-8": {
        "mde": 1.2649524314663225,
        "count": 378
    },
    "1-9": {
        "mde": 1.1695689319440414,
        "count": 378
    },
    "10-1": {
        "mde": 1.2627576495047472,
        "count": 378
    },
    "10-11": {
        "mde": 1.9347633747561221,
        "count": 378
    },
    "11-1": {
        "mde": 1.8962887361741123,
        "count": 378
    },
    "11-10": {
        "mde": 0.1412698412698413,
        "count": 378
    },
    "11-11": {
        "mde": 0.6111111111111108,
        "count": 378
    },
    "11-2": {
        "mde": 1.634709253702765,
        "count": 378
    },
    "11-3": {
        "mde": 1.2001716432136913,
        "count": 378
    },
    "11-4": {
        "mde": 1.4761093243899486,
        "count": 378
    },
    "11-5": {
        "mde": 0.5589255644851073,
        "count": 378
    },
    "11-6": {
        "mde": 1.5920634920634926,
        "count": 378
    },
    "11-7": {
        "mde": 0.0031746031746031737,
        "count": 378
    },
    "11-8": {
        "mde": 0.6190476190476188,
        "count": 378
    },
    "11-9": {
        "mde": 0.6222222222222223,
        "count": 378
    },
    "2-1": {
        "mde": 2.1827279190905124,
        "count": 378
    },
    "2-11": {
        "mde": 0.7906862422259048,
        "count": 378
    },
    "3-1": {
        "mde": 1.942592881942846,
        "count": 378
    },
    "3-11": {
        "mde": 0.29337845575356536,
        "count": 378
    },
    "4-1": {
        "mde": 0.1825436839605301,
        "count": 378
    },
    "4-11": {
        "mde": 0.5957934673611549,
        "count": 378
    },
    "5-1": {
        "mde": 2.721658682598333,
        "count": 378
    },
    "5-11": {
        "mde": 0.07127252260196398,
        "count": 378
    },
    "6-1": {
        "mde": 2.6495935799543306,
        "count": 378
    },
    "6-10": {
        "mde": 1.7984119645605987,
        "count": 378
    },
    "6-11": {
        "mde": 1.1759221458648337,
        "count": 378
    },
    "6-2": {
        "mde": 0.3788291919840415,
        "count": 378
    },
    "6-3": {
        "mde": 0.4688671003020618,
        "count": 378
    },
    "6-4": {
        "mde": 1.5829439078033931,
        "count": 378
    },
    "6-5": {
        "mde": 2.026276338678189,
        "count": 378
    },
    "6-6": {
        "mde": 3.7015682314635456,
        "count": 378
    },
    "6-7": {
        "mde": 3.3838925052825033,
        "count": 378
    },
    "6-8": {
        "mde": 2.168569760376317,
        "count": 378
    },
    "6-9": {
        "mde": 1.813764928182358,
        "count": 378
    },
    "7-1": {
        "mde": 0.19840182597393435,
        "count": 378
    },
    "7-11": {
        "mde": 1.1984126984126977,
        "count": 378
    },
    "8-1": {
        "mde": 1.24312678104259,
        "count": 378
    },
    "8-11": {
        "mde": 0.302447222990821,
        "count": 378
    },
    "9-1": {
        "mde": 0.8722585648412666,
        "count": 378
    },
    "9-11": {
        "mde": 1.0738021294761544,
        "count": 378
    }
}