{
    "1-1": {
        "mde": 0.0028846153846153843,
        "count": 416
    },
    "1-10": {
        "mde": 0.06705637860933264,
        "count": 416
    },
    "1-11": {
        "mde": 0.06490384615384613,
        "count": 416
    },
    "1-2": {
        "mde": 0.052561118800035715,
        "count": 416
    },
    "1-3": {
        "mde": 0.04038461538461539,
        "count": 416
    },
    "1-4": {
        "mde": 0.07178052250331593,
        "count": 416
    },
    "1-5": {
        "mde": 0.028846153846153855,
        "count": 416
    },
    "1-6": {
        "mde": 0.15265707946205687,
        "count": 416
    },
    "1-7": {
        "mde": 0.06126755853558081,
        "count": 416
    },
    "1-8": {
        "mde": 0.07211538461538461,
        "count": 416
    },
    "1-9": {
        "mde": 0.1089968588489313,
        "count": 416
    },
    "10-1": {
        "mde": 0.035912733081651445,
        "count": 416
    },
    "10-11": {
        "mde": 0.1736760342924086,
        "count": 416
    },
    "11-1": {
        "mde": 0.09663461538461539,
        "count": 416
    },
    "11-10": {
        "mde": 0.04775869957530011,
        "count": 416
    },
    "11-11": {
        "mde": 0.09374999999999997,
        "count": 416
    },
    "11-2": {
        "mde": 0.20682558147878613,
        "count": 416
    },
    "11-3": {
        "mde": 0.6814579871616631,
        "count": 416
    },
    "11-4": {
        "mde": 0.057692307692307696,
        "count": 416
    },
    "11-5": {
        "mde": 0.12836538461538458,
        "count": 416
    },
    "11-6": {
        "mde": 0.14567307692307693,
        "count": 416
    },
    "11-7": {
        "mde": 0.5266198638831023,
        "count": 416
    },
    "11-8": {
        "mde": 0.03866803369409903,
        "count": 416
    },
    "11-9": {
        "mde": 0.09519230769230767,
        "count": 416
    },
    "2-1": {
        "mde": 0.004079462199153159,
        "count": 416
    },
    "2-11": {
        "mde": 0.3866143593317102,
        "count": 416
    },
    "3-1": {
        "mde": 0.022575686311295952,
        "count": 416
    },
    "3-11": {
        "mde": 0.11036140315513762,
        "count": 416
    },
    "4-1": {
        "mde": 0.1409252941334125,
        "count": 416
    },
    "4-11": {
        "mde": 0.12781156860319565,
        "count": 416
    },
    "5-1": {
        "mde": 0.07954876368287475,
        "count": 416
    },
    "5-11": {
        "mde": 0.236842456310633,
        "count": 416
    },
    "6-1": {
        "mde": 1.5662875080991536,
        "count": 416
    },
    "6-10": {
        "mde": 0.05881119093283665,
        "count": 416
    },
    "6-11": {
        "mde": 0.39719014154875165,
        "count": 416
    },
    "6-2": {
        "mde": 0.16544619286052598,
        "count": 416
    },
    "6-3": {
        "mde": 0.37442960324852226,
        "count": 416
    },
    "6-4": {
        "mde": 0.42613445212333584,
        "count": 416
    },
    "6-5": {
        "mde": 0.2044470079846878,
        "count": 416
    },
    "6-6": {
        "mde": 0.22460299707715345,
        "count": 416
    },
    "6-7": {
        "mde": 0.16786250002733372,
        "count": 416
    },
    "6-8": {
        "mde": 0.017593325519979188,
        "count": 416
    },
    "6-9": {
        "mde": 1.6057779573664754,
        "count": 416
    },
    "7-1": {
        "mde": 0.20245352506670125,
        "count": 416
    },
    "7-11": {
        "mde": 0.10967371687447634,
        "count": 416
    },
    "8-1": {
        "mde": 0.05422607848917935,
        "count": 416
    },
    "8-11": {
        "mde": 0.24291571023428812,
        "count": 416
    },
    "9-1": {
        "mde": 0.014423076923076919,
        "count": 416
    },
    "9-11": {
        "mde": 0.47011543087271596,
        "count": 416
    }
}