{
    "1-1": {
        "mde": 0.3492537313432836,
        "count": 402
    },
    "1-10": {
        "mde": 0.11198319361155507,
        "count": 402
    },
    "1-11": {
        "mde": 0.17371986164161646,
        "count": 402
    },
    "1-2": {
        "mde": 0.08532648704181901,
        "count": 402
    },
    "1-3": {
        "mde": 0.04477611940298507,
        "count": 402
    },
    "1-4": {
        "mde": 0.4412023153365132,
        "count": 402
    },
    "1-5": {
        "mde": 0.14256238368114707,
        "count": 402
    },
    "1-6": {
        "mde": 0.01791044776119403,
        "count": 402
    },
    "1-7": {
        "mde": 0.013747914255116385,
        "count": 402
    },
    "1-8": {
        "mde": 0.052491822797759206,
        "count": 402
    },
    "1-9": {
        "mde": 0.0,
        "count": 402
    },
    "10-1": {
        "mde": 0.17600176136031462,
        "count": 402
    },
    "10-11": {
        "mde": 0.25592555588933724,
        "count": 402
    },
    "11-1": {
        "mde": 0.023880597014925366,
        "count": 402
    },
    "11-10": {
        "mde": 0.4623677838385583,
        "count": 402
    },
    "11-11": {
        "mde": 0.2880597014925373,
        "count": 402
    },
    "11-2": {
        "mde": 0.4296556560055316,
        "count": 402
    },
    "11-3": {
        "mde": 0.026613361037082537,
        "count": 402
    },
    "11-4": {
        "mde": 0.025373134328358218,
        "count": 402
    },
    "11-5": {
        "mde": 0.26714625720908003,
        "count": 402
    },
    "11-6": {
        "mde": 0.13677175635522054,
        "count": 402
    },
    "11-7": {
        "mde": 0.07980915814179043,
        "count": 402
    },
    "11-8": {
        "mde": 0.14961588162256612,
        "count": 402
    },
    "11-9": {
        "mde": 0.346576220805364,
        "count": 402
    },
    "2-1": {
        "mde": 0.051077456970291146,
        "count": 402
    },
    "2-11": {
        "mde": 0.0992897623380559,
        "count": 402
    },
    "3-1": {
        "mde": 0.05323111311787349,
        "count": 402
    },
    "3-11": {
        "mde": 0.2601411348290197,
        "count": 402
    },
    "4-1": {
        "mde": 0.224244186551255,
        "count": 402
    },
    "4-11": {
        "mde": 0.5658139779379102,
        "count": 402
    },
    "5-1": {
        "mde": 0.006322489518656401,
        "count": 402
    },
    "5-11": {
        "mde": 0.5313266897763217,
        "count": 402
    },
    "6-1": {
        "mde": 0.13362926750134693,
        "count": 402
    },
    "6-10": {
        "mde": 0.07365168310406833,
        "count": 402
    },
    "6-11": {
        "mde": 0.6224625009270461,
        "count": 402
    },
    "6-2": {
        "mde": 0.34005514198832587,
        "count": 402
    },
    "6-3": {
        "mde": 0.0511705541006894,
        "count": 402
    },
    "6-4": {
        "mde": 0.2115727817527936,
        "count": 402
    },
    "6-5": {
        "mde": 1.2516471382935357,
        "count": 402
    },
    "6-6": {
        "mde": 0.16748670860771758,
        "count": 402
    },
    "6-7": {
        "mde": 0.48139427849761535,
        "count": 402
    },
    "6-8": {
        "mde": 0.09684913647740316,
        "count": 402
    },
    "6-9": {
        "mde": 0.06928737941239238,
        "count": 402
    },
    "7-1": {
        "mde": 0.935829759607953,
        "count": 402
    },
    "7-11": {
        "mde": 0.025373134328358204,
        "count": 402
    },
    "8-1": {
        "mde": 0.04138495830053411,
        "count": 402
    },
    "8-11": {
        "mde": 0.012844106381289534,
        "count": 402
    },
    "9-1": {
        "mde": 0.05339208811156024,
        "count": 402
    },
    "9-11": {
        "mde": 0.6345861899745072,
        "count": 402
    }
}