{
    "1-1": {
        "mde": 0.19258904044473663,
        "count": 345
    },
    "1-10": {
        "mde": 0.14787157954022623,
        "count": 345
    },
    "1-11": {
        "mde": 0.5312028356351588,
        "count": 345
    },
    "1-2": {
        "mde": 0.2866867134992434,
        "count": 345
    },
    "1-3": {
        "mde": 0.20114674612102865,
        "count": 345
    },
    "1-4": {
        "mde": 0.5466772498846707,
        "count": 345
    },
    "1-5": {
        "mde": 0.18161794593638098,
        "count": 345
    },
    "1-6": {
        "mde": 0.2501336123166802,
        "count": 345
    },
    "1-7": {
        "mde": 0.13451640723808564,
        "count": 345
    },
    "1-8": {
        "mde": 0.5164160054768703,
        "count": 345
    },
    "1-9": {
        "mde": 0.08678998112361298,
        "count": 345
    },
    "10-1": {
        "mde": 0.11885678275288791,
        "count": 345
    },
    "10-11": {
        "mde": 0.4220529224517663,
        "count": 345
    },
    "11-1": {
        "mde": 0.13043478260869565,
        "count": 345
    },
    "11-10": {
        "mde": 0.19130434782608696,
        "count": 345
    },
    "11-11": {
        "mde": 0.3451683231597,
        "count": 345
    },
    "11-2": {
        "mde": 0.1759601628523225,
        "count": 345
    },
    "11-3": {
        "mde": 0.32800965439211127,
        "count": 345
    },
    "11-4": {
        "mde": 0.04347826086956522,
        "count": 345
    },
    "11-5": {
        "mde": 0.053913043478260876,
        "count": 345
    },
    "11-6": {
        "mde": 0.16662652117548984,
        "count": 345
    },
    "11-7": {
        "mde": 0.09889602530239093,
        "count": 345
    },
    "11-8": {
        "mde": 0.5544437823170091,
        "count": 345
    },
    "11-9": {
        "mde": 0.23289124389217386,
        "count": 345
    },
    "2-1": {
        "mde": 0.5921553771982685,
        "count": 345
    },
    "2-11": {
        "mde": 0.2139897452324321,
        "count": 345
    },
    "3-1": {
        "mde": 0.11586061474822051,
        "count": 345
    },
    "3-11": {
        "mde": 0.24254685653665825,
        "count": 345
    },
    "4-1": {
        "mde": 0.17162612132169341,
        "count": 345
    },
    "4-11": {
        "mde": 0.06366182830515477,
        "count": 345
    },
    "5-1": {
        "mde": 0.06933679147472419,
        "count": 345
    },
    "5-11": {
        "mde": 0.20558304216036077,
        "count": 345
    },
    "6-1": {
        "mde": 0.4256875297639462,
        "count": 345
    },
    "6-10": {
        "mde": 0.08878537968012172,
        "count": 345
    },
    "6-11": {
        "mde": 0.13466475374601672,
        "count": 345
    },
    "6-2": {
        "mde": 0.19915787133536478,
        "count": 345
    },
    "6-3": {
        "mde": 0.5443708257548441,
        "count": 345
    },
    "6-4": {
        "mde": 0.4787609073702199,
        "count": 345
    },
    "6-5": {
        "mde": 0.1932582436475281,
        "count": 345
    },
    "6-6": {
        "mde": 0.5938017596753274,
        "count": 345
    },
    "6-7": {
        "mde": 0.0680373416411613,
        "count": 345
    },
    "6-8": {
        "mde": 0.47841424649679876,
        "count": 345
    },
    "6-9": {
        "mde": 0.1789260952093186,
        "count": 345
    },
    "7-1": {
        "mde": 0.11008184094048408,
        "count": 345
    },
    "7-11": {
        "mde": 0.04521739130434783,
        "count": 345
    },
    "8-1": {
        "mde": 0.09250423802653747,
        "count": 345
    },
    "8-11": {
        "mde": 0.012738357078846537,
        "count": 345
    },
    "9-1": {
        "mde": 0.1721350220940473,
        "count": 345
    },
    "9-11": {
        "mde": 0.029576343637858778,
        "count": 345
    }
}