{
    "1-1": {
        "mde": 0.2660869565217391,
        "count": 345
    },
    "1-10": {
        "mde": 0.11909316446718463,
        "count": 345
    },
    "1-11": {
        "mde": 0.7358630235108061,
        "count": 345
    },
    "1-2": {
        "mde": 1.3940657162147625,
        "count": 345
    },
    "1-3": {
        "mde": 0.5874862790824757,
        "count": 345
    },
    "1-4": {
        "mde": 2.095015067031019,
        "count": 345
    },
    "1-5": {
        "mde": 0.046953679683565376,
        "count": 345
    },
    "1-6": {
        "mde": 1.71933037807408,
        "count": 345
    },
    "1-7": {
        "mde": 2.5735201307854587,
        "count": 345
    },
    "1-8": {
        "mde": 2.2567323787949687,
        "count": 345
    },
    "1-9": {
        "mde": 0.019951540791303617,
        "count": 345
    },
    "10-1": {
        "mde": 0.33170827091126803,
        "count": 345
    },
    "10-11": {
        "mde": 0.7725060284795119,
        "count": 345
    },
    "11-1": {
        "mde": 1.59304347826087,
        "count": 345
    },
    "11-10": {
        "mde": 0.14434782608695645,
        "count": 345
    },
    "11-11": {
        "mde": 0.5999999999999996,
        "count": 345
    },
    "11-2": {
        "mde": 0.9017644639139485,
        "count": 345
    },
    "11-3": {
        "mde": 1.1760574985937227,
        "count": 345
    },
    "11-4": {
        "mde": 1.616734057600129,
        "count": 345
    },
    "11-5": {
        "mde": 0.1982608695652174,
        "count": 345
    },
    "11-6": {
        "mde": 0.614257459177714,
        "count": 345
    },
    "11-7": {
        "mde": 0.031518444566291576,
        "count": 345
    },
    "11-8": {
        "mde": 0.5913043478260867,
        "count": 345
    },
    "11-9": {
        "mde": 1.1806626417390602,
        "count": 345
    },
    "2-1": {
        "mde": 0.48034891822899883,
        "count": 345
    },
    "2-11": {
        "mde": 0.6827306235194857,
        "count": 345
    },
    "3-1": {
        "mde": 0.0062705239573286765,
        "count": 345
    },
    "3-11": {
        "mde": 0.40910620517826046,
        "count": 345
    },
    "4-1": {
        "mde": 0.3898474394089885,
        "count": 345
    },
    "4-11": {
        "mde": 0.16714960958135613,
        "count": 345
    },
    "5-1": {
        "mde": 0.03159221749668946,
        "count": 345
    },
    "5-11": {
        "mde": 1.0018801888357152,
        "count": 345
    },
    "6-1": {
        "mde": 3.490289734707983,
        "count": 345
    },
    "6-10": {
        "mde": 0.03560371470434708,
        "count": 345
    },
    "6-11": {
        "mde": 0.5450176779254513,
        "count": 345
    },
    "6-2": {
        "mde": 1.2211873094489183,
        "count": 345
    },
    "6-3": {
        "mde": 0.24155290822085593,
        "count": 345
    },
    "6-4": {
        "mde": 0.831954238236365,
        "count": 345
    },
    "6-5": {
        "mde": 1.3638346673836834,
        "count": 345
    },
    "6-6": {
        "mde": 0.03855667360949262,
        "count": 345
    },
    "6-7": {
        "mde": 2.169577669497956,
        "count": 345
    },
    "6-8": {
        "mde": 1.1797881675601114,
        "count": 345
    },
    "6-9": {
        "mde": 1.922915113671054,
        "count": 345
    },
    "7-1": {
        "mde": 2.5041711113997045,
        "count": 345
    },
    "7-11": {
        "mde": 1.2765217391304344,
        "count": 345
    },
    "8-1": {
        "mde": 0.22434782608695653,
        "count": 345
    },
    "8-11": {
        "mde": 0.005217391304347823,
        "count": 345
    },
    "9-1": {
        "mde": 1.0039416511230832,
        "count": 345
    },
    "9-11": {
        "mde": 0.086514512316752,
        "count": 345
    }
}