{
    "1-1": {
        "mde": 0.2201005025125628,
        "count": 398
    },
    "1-10": {
        "mde": 0.06280181603321756,
        "count": 398
    },
    "1-11": {
        "mde": 0.07615359928851469,
        "count": 398
    },
    "1-2": {
        "mde": 0.135678391959799,
        "count": 398
    },
    "1-3": {
        "mde": 0.0513634188118575,
        "count": 398
    },
    "1-4": {
        "mde": 0.35951768221435,
        "count": 398
    },
    "1-5": {
        "mde": 0.3527638190954773,
        "count": 398
    },
    "1-6": {
        "mde": 0.052763819095477386,
        "count": 398
    },
    "1-7": {
        "mde": 2.1590901444185957,
        "count": 398
    },
    "1-8": {
        "mde": 0.29584317691525513,
        "count": 398
    },
    "1-9": {
        "mde": 0.08476321072376025,
        "count": 398
    },
    "10-1": {
        "mde": 0.3202982736998313,
        "count": 398
    },
    "10-11": {
        "mde": 0.062140016769788274,
        "count": 398
    },
    "11-1": {
        "mde": 0.30021427480964463,
        "count": 398
    },
    "11-10": {
        "mde": 0.0075376884422110576,
        "count": 398
    },
    "11-11": {
        "mde": 0.06633165829145728,
        "count": 398
    },
    "11-2": {
        "mde": 0.2948857094692461,
        "count": 398
    },
    "11-3": {
        "mde": 0.25944483461306517,
        "count": 398
    },
    "11-4": {
        "mde": 1.449137825479845,
        "count": 398
    },
    "11-5": {
        "mde": 0.24633636819713498,
        "count": 398
    },
    "11-6": {
        "mde": 0.7747266628744381,
        "count": 398
    },
    "11-7": {
        "mde": 0.021105527638190957,
        "count": 398
    },
    "11-8": {
        "mde": 0.007537688442211057,
        "count": 398
    },
    "11-9": {
        "mde": 0.07537688442211055,
        "count": 398
    },
    "2-1": {
        "mde": 0.20320054471076066,
        "count": 398
    },
    "2-11": {
        "mde": 0.35948625695776304,
        "count": 398
    },
    "3-1": {
        "mde": 0.17707797613917803,
        "count": 398
    },
    "3-11": {
        "mde": 0.45377087307802166,
        "count": 398
    },
    "4-1": {
        "mde": 0.15220091189603838,
        "count": 398
    },
    "4-11": {
        "mde": 0.07454768062187322,
        "count": 398
    },
    "5-1": {
        "mde": 0.20486188354297685,
        "count": 398
    },
    "5-11": {
        "mde": 0.2854676127684072,
        "count": 398
    },
    "6-1": {
        "mde": 0.2608040201005025,
        "count": 398
    },
    "6-10": {
        "mde": 0.25779560306192945,
        "count": 398
    },
    "6-11": {
        "mde": 0.16296334600039114,
        "count": 398
    },
    "6-2": {
        "mde": 0.45637496277135536,
        "count": 398
    },
    "6-3": {
        "mde": 1.1095477386934673,
        "count": 398
    },
    "6-4": {
        "mde": 0.1925348381253911,
        "count": 398
    },
    "6-5": {
        "mde": 0.42584232433789054,
        "count": 398
    },
    "6-6": {
        "mde": 0.6698312443920564,
        "count": 398
    },
    "6-7": {
        "mde": 2.1245428786689167,
        "count": 398
    },
    "6-8": {
        "mde": 0.5609014577762561,
        "count": 398
    },
    "6-9": {
        "mde": 0.2256620102679162,
        "count": 398
    },
    "7-1": {
        "mde": 0.10402010050251256,
        "count": 398
    },
    "7-11": {
        "mde": 0.9409231751575582,
        "count": 398
    },
    "8-1": {
        "mde": 0.3900567837464385,
        "count": 398
    },
    "8-11": {
        "mde": 0.14236432432709012,
        "count": 398
    },
    "9-1": {
        "mde": 0.14321608040201003,
        "count": 398
    },
    "9-11": {
        "mde": 1.6274396528106212,
        "count": 398
    }
}