{
    "1-1": {
        "mde": 0.07727272727272727,
        "count": 396
    },
    "1-10": {
        "mde": 0.5145685321848175,
        "count": 396
    },
    "1-11": {
        "mde": 1.2751550382833976,
        "count": 396
    },
    "1-2": {
        "mde": 0.4638012381810439,
        "count": 396
    },
    "1-3": {
        "mde": 0.6499999999999999,
        "count": 396
    },
    "1-4": {
        "mde": 0.03474637465823846,
        "count": 396
    },
    "1-5": {
        "mde": 0.15473197822063287,
        "count": 396
    },
    "1-6": {
        "mde": 1.179534629825054,
        "count": 396
    },
    "1-7": {
        "mde": 2.2441598366628743,
        "count": 396
    },
    "1-8": {
        "mde": 1.9555332132748147,
        "count": 396
    },
    "1-9": {
        "mde": 0.6314482935804316,
        "count": 396
    },
    "10-1": {
        "mde": 1.2168482416673334,
        "count": 396
    },
    "10-11": {
        "mde": 0.9145093245629912,
        "count": 396
    },
    "11-1": {
        "mde": 1.725757575757576,
        "count": 396
    },
    "11-10": {
        "mde": 0.0030303030303030307,
        "count": 396
    },
    "11-11": {
        "mde": 0.6499999999999997,
        "count": 396
    },
    "11-2": {
        "mde": 1.9673265993054292,
        "count": 396
    },
    "11-3": {
        "mde": 1.3321125676382415,
        "count": 396
    },
    "11-4": {
        "mde": 0.744032143833999,
        "count": 396
    },
    "11-5": {
        "mde": 0.09146866193462572,
        "count": 396
    },
    "11-6": {
        "mde": 1.7651515151515158,
        "count": 396
    },
    "11-7": {
        "mde": 0.6545454545454542,
        "count": 396
    },
    "11-8": {
        "mde": 0.6065523565459644,
        "count": 396
    },
    "11-9": {
        "mde": 0.1499155634999987,
        "count": 396
    },
    "2-1": {
        "mde": 2.988506384185414,
        "count": 396
    },
    "2-11": {
        "mde": 1.2536064080711824,
        "count": 396
    },
    "3-1": {
        "mde": 0.05067753110367844,
        "count": 396
    },
    "3-11": {
        "mde": 1.2060923321901562,
        "count": 396
    },
    "4-1": {
        "mde": 2.019979209447867,
        "count": 396
    },
    "4-11": {
        "mde": 0.603745660537878,
        "count": 396
    },
    "5-1": {
        "mde": 1.7464873225141537,
        "count": 396
    },
    "5-11": {
        "mde": 0.5521460725227252,
        "count": 396
    },
    "6-1": {
        "mde": 0.954299572377752,
        "count": 396
    },
    "6-10": {
        "mde": 0.8392274925368362,
        "count": 396
    },
    "6-11": {
        "mde": 1.5257575757575759,
        "count": 396
    },
    "6-2": {
        "mde": 0.32279995809978823,
        "count": 396
    },
    "6-3": {
        "mde": 1.4137489152116487,
        "count": 396
    },
    "6-4": {
        "mde": 1.8377988659301794,
        "count": 396
    },
    "6-5": {
        "mde": 0.702001734322429,
        "count": 396
    },
    "6-6": {
        "mde": 3.360857292121989,
        "count": 396
    },
    "6-7": {
        "mde": 0.7456551741517277,
        "count": 396
    },
    "6-8": {
        "mde": 2.4587791943111688,
        "count": 396
    },
    "6-9": {
        "mde": 0.2693159853745733,
        "count": 396
    },
    "7-1": {
        "mde": 1.0197179089703512,
        "count": 396
    },
    "7-11": {
        "mde": 1.2303030303030298,
        "count": 396
    },
    "8-1": {
        "mde": 0.8954545454545455,
        "count": 396
    },
    "8-11": {
        "mde": 0.04318923516338744,
        "count": 396
    },
    "9-1": {
        "mde": 2.2372615538643394,
        "count": 396
    },
    "9-11": {
        "mde": 0.9708099399691732,
        "count": 396
    }
}