{
    "1-1": {
        "mde": 0.03461538461538462,
        "count": 416
    },
    "1-10": {
        "mde": 0.09299605890492103,
        "count": 416
    },
    "1-11": {
        "mde": 0.1295507735510047,
        "count": 416
    },
    "1-2": {
        "mde": 0.053540490178237504,
        "count": 416
    },
    "1-3": {
        "mde": 0.09750800664730383,
        "count": 416
    },
    "1-4": {
        "mde": 0.03508349325048571,
        "count": 416
    },
    "1-5": {
        "mde": 0.03623524849848701,
        "count": 416
    },
    "1-6": {
        "mde": 0.061287772621926785,
        "count": 416
    },
    "1-7": {
        "mde": 0.1823586520789376,
        "count": 416
    },
    "1-8": {
        "mde": 0.06374717167382535,
        "count": 416
    },
    "1-9": {
        "mde": 0.03908512429845114,
        "count": 416
    },
    "10-1": {
        "mde": 0.051283195941496225,
        "count": 416
    },
    "10-11": {
        "mde": 0.07509133298516338,
        "count": 416
    },
    "11-1": {
        "mde": 0.0467797804789278,
        "count": 416
    },
    "11-10": {
        "mde": 0.0043269230769230746,
        "count": 416
    },
    "11-11": {
        "mde": 0.11826923076923074,
        "count": 416
    },
    "11-2": {
        "mde": 0.1724068599904145,
        "count": 416
    },
    "11-3": {
        "mde": 0.6212271142789556,
        "count": 416
    },
    "11-4": {
        "mde": 0.4975961538461537,
        "count": 416
    },
    "11-5": {
        "mde": 0.04471153846153846,
        "count": 416
    },
    "11-6": {
        "mde": 0.10528846153846155,
        "count": 416
    },
    "11-7": {
        "mde": 0.08942307692307692,
        "count": 416
    },
    "11-8": {
        "mde": 0.06689685882326145,
        "count": 416
    },
    "11-9": {
        "mde": 0.26249999999999996,
        "count": 416
    },
    "2-1": {
        "mde": 0.035170350448341686,
        "count": 416
    },
    "2-11": {
        "mde": 0.08495437418869435,
        "count": 416
    },
    "3-1": {
        "mde": 0.022235203651440487,
        "count": 416
    },
    "3-11": {
        "mde": 0.06843849554273017,
        "count": 416
    },
    "4-1": {
        "mde": 0.02861772007639006,
        "count": 416
    },
    "4-11": {
        "mde": 0.07999448183641464,
        "count": 416
    },
    "5-1": {
        "mde": 0.5372095475748723,
        "count": 416
    },
    "5-11": {
        "mde": 0.333790467274925,
        "count": 416
    },
    "6-1": {
        "mde": 0.3879807692307693,
        "count": 416
    },
    "6-10": {
        "mde": 0.057172810709982806,
        "count": 416
    },
    "6-11": {
        "mde": 0.06257475693336707,
        "count": 416
    },
    "6-2": {
        "mde": 0.12347582216826074,
        "count": 416
    },
    "6-3": {
        "mde": 0.9187324061481139,
        "count": 416
    },
    "6-4": {
        "mde": 0.149528278024776,
        "count": 416
    },
    "6-5": {
        "mde": 0.661405473789612,
        "count": 416
    },
    "6-6": {
        "mde": 0.2487334560430733,
        "count": 416
    },
    "6-7": {
        "mde": 0.11991232149719219,
        "count": 416
    },
    "6-8": {
        "mde": 0.020477940904594573,
        "count": 416
    },
    "6-9": {
        "mde": 0.15037211154001448,
        "count": 416
    },
    "7-1": {
        "mde": 0.18150828236881614,
        "count": 416
    },
    "7-11": {
        "mde": 0.12311468078766466,
        "count": 416
    },
    "8-1": {
        "mde": 0.0997076444597149,
        "count": 416
    },
    "8-11": {
        "mde": 0.3153677984652259,
        "count": 416
    },
    "9-1": {
        "mde": 0.6060414280468998,
        "count": 416
    },
    "9-11": {
        "mde": 1.156061555163989,
        "count": 416
    }
}