{
    "1-1": {
        "mde": 2.233640137168435,
        "count": 382
    },
    "1-10": {
        "mde": 2.155483839750786,
        "count": 382
    },
    "1-11": {
        "mde": 5.5031822736601,
        "count": 382
    },
    "1-2": {
        "mde": 0.8754888706683087,
        "count": 382
    },
    "1-3": {
        "mde": 4.498226974897622,
        "count": 382
    },
    "1-4": {
        "mde": 2.3076447510800278,
        "count": 382
    },
    "1-5": {
        "mde": 2.9472939776641747,
        "count": 382
    },
    "1-6": {
        "mde": 2.8425241462419444,
        "count": 382
    },
    "1-7": {
        "mde": 2.513173724282109,
        "count": 382
    },
    "1-8": {
        "mde": 3.815152663811046,
        "count": 382
    },
    "1-9": {
        "mde": 1.7869499391830914,
        "count": 382
    },
    "10-1": {
        "mde": 2.807291610694513,
        "count": 382
    },
    "10-11": {
        "mde": 3.680556147162978,
        "count": 382
    },
    "11-1": {
        "mde": 0.7225130890052353,
        "count": 382
    },
    "11-10": {
        "mde": 2.3196207674821174,
        "count": 382
    },
    "11-11": {
        "mde": 0.6691099476439788,
        "count": 382
    },
    "11-2": {
        "mde": 2.4553030185484706,
        "count": 382
    },
    "11-3": {
        "mde": 0.5937172774869109,
        "count": 382
    },
    "11-4": {
        "mde": 1.6688250492789094,
        "count": 382
    },
    "11-5": {
        "mde": 2.1394090087679323,
        "count": 382
    },
    "11-6": {
        "mde": 1.7937172774869117,
        "count": 382
    },
    "11-7": {
        "mde": 2.088966308857413,
        "count": 382
    },
    "11-8": {
        "mde": 0.6320185834667034,
        "count": 382
    },
    "11-9": {
        "mde": 1.7120854812209212,
        "count": 382
    },
    "2-1": {
        "mde": 0.47369375384080764,
        "count": 382
    },
    "2-11": {
        "mde": 2.888066291565159,
        "count": 382
    },
    "3-1": {
        "mde": 3.289987236965604,
        "count": 382
    },
    "3-11": {
        "mde": 1.5577235117064325,
        "count": 382
    },
    "4-1": {
        "mde": 1.477340492102015,
        "count": 382
    },
    "4-11": {
        "mde": 0.8936598046364307,
        "count": 382
    },
    "5-1": {
        "mde": 3.0358225099418945,
        "count": 382
    },
    "5-11": {
        "mde": 2.5343735262178506,
        "count": 382
    },
    "6-1": {
        "mde": 5.081108031899189,
        "count": 382
    },
    "6-10": {
        "mde": 1.7954667171019378,
        "count": 382
    },
    "6-11": {
        "mde": 1.711448616408872,
        "count": 382
    },
    "6-2": {
        "mde": 0.6218660939217949,
        "count": 382
    },
    "6-3": {
        "mde": 1.5403805999320865,
        "count": 382
    },
    "6-4": {
        "mde": 2.4716747722491337,
        "count": 382
    },
    "6-5": {
        "mde": 2.6143430448451794,
        "count": 382
    },
    "6-6": {
        "mde": 2.9570342281203374,
        "count": 382
    },
    "6-7": {
        "mde": 2.3101418269130165,
        "count": 382
    },
    "6-8": {
        "mde": 3.3101761891796357,
        "count": 382
    },
    "6-9": {
        "mde": 2.5197397130081347,
        "count": 382
    },
    "7-1": {
        "mde": 3.3768085044562164,
        "count": 382
    },
    "7-11": {
        "mde": 2.2087729253876063,
        "count": 382
    },
    "8-1": {
        "mde": 3.223259435396659,
        "count": 382
    },
    "8-11": {
        "mde": 1.9048011248028018,
        "count": 382
    },
    "9-1": {
        "mde": 1.6738956337640831,
        "count": 382
    },
    "9-11": {
        "mde": 1.236667353761552,
        "count": 382
    }
}