{
    "1-1": {
        "mde": 0.6065573770491802,
        "count": 366
    },
    "1-10": {
        "mde": 0.8774421017939164,
        "count": 366
    },
    "1-11": {
        "mde": 2.9389085176995398,
        "count": 366
    },
    "1-2": {
        "mde": 0.8954497263977073,
        "count": 366
    },
    "1-3": {
        "mde": 0.4235867254428428,
        "count": 366
    },
    "1-4": {
        "mde": 1.2002660289510958,
        "count": 366
    },
    "1-5": {
        "mde": 1.7263816086620156,
        "count": 366
    },
    "1-6": {
        "mde": 0.5934426229508196,
        "count": 366
    },
    "1-7": {
        "mde": 1.1772115073993326,
        "count": 366
    },
    "1-8": {
        "mde": 2.1051981260213317,
        "count": 366
    },
    "1-9": {
        "mde": 2.5347032826464457,
        "count": 366
    },
    "10-1": {
        "mde": 0.7016393442622952,
        "count": 366
    },
    "10-11": {
        "mde": 0.6102230622581961,
        "count": 366
    },
    "11-1": {
        "mde": 2.3089775122824814,
        "count": 366
    },
    "11-10": {
        "mde": 0.7234967942340016,
        "count": 366
    },
    "11-11": {
        "mde": 1.506573318682993,
        "count": 366
    },
    "11-2": {
        "mde": 1.897366596101027,
        "count": 366
    },
    "11-3": {
        "mde": 1.2410856684398335,
        "count": 366
    },
    "11-4": {
        "mde": 1.3302745806355887,
        "count": 366
    },
    "11-5": {
        "mde": 0.30221378111288544,
        "count": 366
    },
    "11-6": {
        "mde": 0.7639344262295081,
        "count": 366
    },
    "11-7": {
        "mde": 2.0442257626333813,
        "count": 366
    },
    "11-8": {
        "mde": 0.666083588266897,
        "count": 366
    },
    "11-9": {
        "mde": 2.0633801701470333,
        "count": 366
    },
    "2-1": {
        "mde": 1.350034720337944,
        "count": 366
    },
    "2-11": {
        "mde": 0.8427011735412318,
        "count": 366
    },
    "3-1": {
        "mde": 1.411558587486334,
        "count": 366
    },
    "3-11": {
        "mde": 0.7402596387495908,
        "count": 366
    },
    "4-1": {
        "mde": 1.2876765671435972,
        "count": 366
    },
    "4-11": {
        "mde": 0.8158853972541967,
        "count": 366
    },
    "5-1": {
        "mde": 1.2460502892243424,
        "count": 366
    },
    "5-11": {
        "mde": 1.1419286741353136,
        "count": 366
    },
    "6-1": {
        "mde": 1.0456308499112454,
        "count": 366
    },
    "6-10": {
        "mde": 0.3268569768584315,
        "count": 366
    },
    "6-11": {
        "mde": 1.1443787996915828,
        "count": 366
    },
    "6-2": {
        "mde": 1.3273937699322236,
        "count": 366
    },
    "6-3": {
        "mde": 1.1784072575815512,
        "count": 366
    },
    "6-4": {
        "mde": 1.1918032786885246,
        "count": 366
    },
    "6-5": {
        "mde": 3.3774961873905625,
        "count": 366
    },
    "6-6": {
        "mde": 3.1138758105325643,
        "count": 366
    },
    "6-7": {
        "mde": 1.1877962316105974,
        "count": 366
    },
    "6-8": {
        "mde": 1.3038065544928694,
        "count": 366
    },
    "6-9": {
        "mde": 2.1008706655365397,
        "count": 366
    },
    "7-1": {
        "mde": 0.0099717418529479,
        "count": 366
    },
    "7-11": {
        "mde": 0.9887430397812288,
        "count": 366
    },
    "8-1": {
        "mde": 0.43678110353395316,
        "count": 366
    },
    "8-11": {
        "mde": 0.6070165735889841,
        "count": 366
    },
    "9-1": {
        "mde": 1.1764039024166206,
        "count": 366
    },
    "9-11": {
        "mde": 0.6076745601960467,
        "count": 366
    }
}