{
    "1-1": {
        "mde": 0.6442622950819671,
        "count": 366
    },
    "1-10": {
        "mde": 1.0477083582197615,
        "count": 366
    },
    "1-11": {
        "mde": 1.3542007946699293,
        "count": 366
    },
    "1-2": {
        "mde": 0.574444680277939,
        "count": 366
    },
    "1-3": {
        "mde": 1.4350755377940516,
        "count": 366
    },
    "1-4": {
        "mde": 1.1986266846888005,
        "count": 366
    },
    "1-5": {
        "mde": 1.2946844591460007,
        "count": 366
    },
    "1-6": {
        "mde": 0.6131147540983607,
        "count": 366
    },
    "1-7": {
        "mde": 0.6409836065573771,
        "count": 366
    },
    "1-8": {
        "mde": 2.0616734727085055,
        "count": 366
    },
    "1-9": {
        "mde": 2.3210339781368337,
        "count": 366
    },
    "10-1": {
        "mde": 0.4262295081967214,
        "count": 366
    },
    "10-11": {
        "mde": 0.6551432926313909,
        "count": 366
    },
    "11-1": {
        "mde": 2.306446974298416,
        "count": 366
    },
    "11-10": {
        "mde": 0.624308896925814,
        "count": 366
    },
    "11-11": {
        "mde": 0.6913491739522616,
        "count": 366
    },
    "11-2": {
        "mde": 1.8394073128460164,
        "count": 366
    },
    "11-3": {
        "mde": 1.3263315700791776,
        "count": 366
    },
    "11-4": {
        "mde": 1.0182147057248698,
        "count": 366
    },
    "11-5": {
        "mde": 0.02295081967213115,
        "count": 366
    },
    "11-6": {
        "mde": 0.5950819672131148,
        "count": 366
    },
    "11-7": {
        "mde": 2.311677222337078,
        "count": 366
    },
    "11-8": {
        "mde": 0.6416150242739912,
        "count": 366
    },
    "11-9": {
        "mde": 2.843629847483506,
        "count": 366
    },
    "2-1": {
        "mde": 1.3980879775983757,
        "count": 366
    },
    "2-11": {
        "mde": 0.8380120943298676,
        "count": 366
    },
    "3-1": {
        "mde": 1.701193562922171,
        "count": 366
    },
    "3-11": {
        "mde": 0.9957562476204342,
        "count": 366
    },
    "4-1": {
        "mde": 1.398558943800472,
        "count": 366
    },
    "4-11": {
        "mde": 0.9358431010835888,
        "count": 366
    },
    "5-1": {
        "mde": 1.1112926947868824,
        "count": 366
    },
    "5-11": {
        "mde": 1.1275393276610217,
        "count": 366
    },
    "6-1": {
        "mde": 0.8426126703906278,
        "count": 366
    },
    "6-10": {
        "mde": 1.2280746078197076,
        "count": 366
    },
    "6-11": {
        "mde": 0.7704918032786885,
        "count": 366
    },
    "6-2": {
        "mde": 1.2980780273886463,
        "count": 366
    },
    "6-3": {
        "mde": 1.4819672131147543,
        "count": 366
    },
    "6-4": {
        "mde": 1.205184061737981,
        "count": 366
    },
    "6-5": {
        "mde": 3.158903707641459,
        "count": 366
    },
    "6-6": {
        "mde": 3.0769955147648815,
        "count": 366
    },
    "6-7": {
        "mde": 3.23466349456047,
        "count": 366
    },
    "6-8": {
        "mde": 1.3456901999701474,
        "count": 366
    },
    "6-9": {
        "mde": 2.021271640803819,
        "count": 366
    },
    "7-1": {
        "mde": 0.0016393442622950822,
        "count": 366
    },
    "7-11": {
        "mde": 0.6828310031714444,
        "count": 366
    },
    "8-1": {
        "mde": 0.33770491803278696,
        "count": 366
    },
    "8-11": {
        "mde": 0.5872722425860649,
        "count": 366
    },
    "9-1": {
        "mde": 1.2271436344454547,
        "count": 366
    },
    "9-11": {
        "mde": 0.9962172760403005,
        "count": 366
    }
}