{
    "1-1": {
        "mde": 0.7115183246073298,
        "count": 382
    },
    "1-10": {
        "mde": 0.4556602761404693,
        "count": 382
    },
    "1-11": {
        "mde": 0.003141361256544503,
        "count": 382
    },
    "1-2": {
        "mde": 0.16099001480524291,
        "count": 382
    },
    "1-3": {
        "mde": 1.1967997835712059,
        "count": 382
    },
    "1-4": {
        "mde": 0.07882424373602867,
        "count": 382
    },
    "1-5": {
        "mde": 0.5624591929532868,
        "count": 382
    },
    "1-6": {
        "mde": 0.6015706806282722,
        "count": 382
    },
    "1-7": {
        "mde": 0.670088130787985,
        "count": 382
    },
    "1-8": {
        "mde": 1.8936387179767007,
        "count": 382
    },
    "1-9": {
        "mde": 1.1581013957911048,
        "count": 382
    },
    "10-1": {
        "mde": 0.10948612354527676,
        "count": 382
    },
    "10-11": {
        "mde": 0.4883941443612557,
        "count": 382
    },
    "11-1": {
        "mde": 0.04712041884816754,
        "count": 382
    },
    "11-10": {
        "mde": 0.6214505564128152,
        "count": 382
    },
    "11-11": {
        "mde": 0.7397905759162301,
        "count": 382
    },
    "11-2": {
        "mde": 1.202063416490552,
        "count": 382
    },
    "11-3": {
        "mde": 0.7832327336315962,
        "count": 382
    },
    "11-4": {
        "mde": 0.018848167539267012,
        "count": 382
    },
    "11-5": {
        "mde": 1.1403141361256544,
        "count": 382
    },
    "11-6": {
        "mde": 0.23447826439114516,
        "count": 382
    },
    "11-7": {
        "mde": 0.27329842931937176,
        "count": 382
    },
    "11-8": {
        "mde": 0.4685725999795864,
        "count": 382
    },
    "11-9": {
        "mde": 0.27015706806282724,
        "count": 382
    },
    "2-1": {
        "mde": 0.8129685400833502,
        "count": 382
    },
    "2-11": {
        "mde": 0.6041062894793741,
        "count": 382
    },
    "3-1": {
        "mde": 0.5795811518324607,
        "count": 382
    },
    "3-11": {
        "mde": 0.6001220218279532,
        "count": 382
    },
    "4-1": {
        "mde": 0.025501677451570344,
        "count": 382
    },
    "4-11": {
        "mde": 0.4168045501269662,
        "count": 382
    },
    "5-1": {
        "mde": 0.21419264430919316,
        "count": 382
    },
    "5-11": {
        "mde": 0.606933319731476,
        "count": 382
    },
    "6-1": {
        "mde": 0.6715966552371518,
        "count": 382
    },
    "6-10": {
        "mde": 0.017648274310209097,
        "count": 382
    },
    "6-11": {
        "mde": 0.645549738219895,
        "count": 382
    },
    "6-2": {
        "mde": 1.0495400733232159,
        "count": 382
    },
    "6-3": {
        "mde": 1.482561666611556,
        "count": 382
    },
    "6-4": {
        "mde": 0.4057453748486965,
        "count": 382
    },
    "6-5": {
        "mde": 1.0603313727336778,
        "count": 382
    },
    "6-6": {
        "mde": 0.03455497382198953,
        "count": 382
    },
    "6-7": {
        "mde": 0.12010669215303571,
        "count": 382
    },
    "6-8": {
        "mde": 1.26060605103785,
        "count": 382
    },
    "6-9": {
        "mde": 1.254334734988044,
        "count": 382
    },
    "7-1": {
        "mde": 0.7550965207474405,
        "count": 382
    },
    "7-11": {
        "mde": 1.1717277486910989,
        "count": 382
    },
    "8-1": {
        "mde": 0.601570680628272,
        "count": 382
    },
    "8-11": {
        "mde": 0.5984293193717274,
        "count": 382
    },
    "9-1": {
        "mde": 0.10209424083769632,
        "count": 382
    },
    "9-11": {
        "mde": 0.006013236321590876,
        "count": 382
    }
}