{
    "1-1": {
        "mde": 0.622328687461989,
        "count": 366
    },
    "1-10": {
        "mde": 1.0948606672970582,
        "count": 366
    },
    "1-11": {
        "mde": 1.2911680277864446,
        "count": 366
    },
    "1-2": {
        "mde": 0.7102689651015222,
        "count": 366
    },
    "1-3": {
        "mde": 1.3733142429644567,
        "count": 366
    },
    "1-4": {
        "mde": 1.1969873404265057,
        "count": 366
    },
    "1-5": {
        "mde": 1.0906722668312518,
        "count": 366
    },
    "1-6": {
        "mde": 0.601639344262295,
        "count": 366
    },
    "1-7": {
        "mde": 0.6363902279134189,
        "count": 366
    },
    "1-8": {
        "mde": 2.1131397820929907,
        "count": 366
    },
    "1-9": {
        "mde": 2.2883871798352975,
        "count": 366
    },
    "10-1": {
        "mde": 0.9650141530686537,
        "count": 366
    },
    "10-11": {
        "mde": 0.6254641418332425,
        "count": 366
    },
    "11-1": {
        "mde": 2.0003495138288465,
        "count": 366
    },
    "11-10": {
        "mde": 0.6221070186462934,
        "count": 366
    },
    "11-11": {
        "mde": 0.9526520327100099,
        "count": 366
    },
    "11-2": {
        "mde": 1.8763643201980078,
        "count": 366
    },
    "11-3": {
        "mde": 1.242622950819672,
        "count": 366
    },
    "11-4": {
        "mde": 1.6340945636791107,
        "count": 366
    },
    "11-5": {
        "mde": 0.02786885245901639,
        "count": 366
    },
    "11-6": {
        "mde": 0.608359048382939,
        "count": 366
    },
    "11-7": {
        "mde": 1.9622950819672131,
        "count": 366
    },
    "11-8": {
        "mde": 0.512007467738257,
        "count": 366
    },
    "11-9": {
        "mde": 2.397574789343247,
        "count": 366
    },
    "2-1": {
        "mde": 1.3536333377048533,
        "count": 366
    },
    "2-11": {
        "mde": 0.8319867751828787,
        "count": 366
    },
    "3-1": {
        "mde": 1.665267739384162,
        "count": 366
    },
    "3-11": {
        "mde": 0.8944340158134825,
        "count": 366
    },
    "4-1": {
        "mde": 1.4068668751814193,
        "count": 366
    },
    "4-11": {
        "mde": 0.9144212440967482,
        "count": 366
    },
    "5-1": {
        "mde": 1.170693615779701,
        "count": 366
    },
    "5-11": {
        "mde": 1.1062761100405674,
        "count": 366
    },
    "6-1": {
        "mde": 2.915208449201787,
        "count": 366
    },
    "6-10": {
        "mde": 0.7160762779033236,
        "count": 366
    },
    "6-11": {
        "mde": 1.3688524590163935,
        "count": 366
    },
    "6-2": {
        "mde": 1.3214312517016762,
        "count": 366
    },
    "6-3": {
        "mde": 1.328015105982821,
        "count": 366
    },
    "6-4": {
        "mde": 1.1836065573770493,
        "count": 366
    },
    "6-5": {
        "mde": 3.375813804221134,
        "count": 366
    },
    "6-6": {
        "mde": 3.205895753984542,
        "count": 366
    },
    "6-7": {
        "mde": 2.5611928554482644,
        "count": 366
    },
    "6-8": {
        "mde": 1.4034838937046255,
        "count": 366
    },
    "6-9": {
        "mde": 2.1095348567462917,
        "count": 366
    },
    "7-1": {
        "mde": 0.0897456766765311,
        "count": 366
    },
    "7-11": {
        "mde": 0.9834712859555738,
        "count": 366
    },
    "8-1": {
        "mde": 0.7918122860065999,
        "count": 366
    },
    "8-11": {
        "mde": 0.6106822587980002,
        "count": 366
    },
    "9-1": {
        "mde": 1.1990742328731434,
        "count": 366
    },
    "9-11": {
        "mde": 0.5890566480661258,
        "count": 366
    }
}