{
    "1-1": {
        "mde": 0.04696969696969697,
        "count": 396
    },
    "1-10": {
        "mde": 0.11744129900094552,
        "count": 396
    },
    "1-11": {
        "mde": 0.1878787878787879,
        "count": 396
    },
    "1-2": {
        "mde": 0.13166857349261557,
        "count": 396
    },
    "1-3": {
        "mde": 0.08962842344579773,
        "count": 396
    },
    "1-4": {
        "mde": 0.032401764859294704,
        "count": 396
    },
    "1-5": {
        "mde": 0.1928561955447501,
        "count": 396
    },
    "1-6": {
        "mde": 0.2052106049673192,
        "count": 396
    },
    "1-7": {
        "mde": 0.8765635983848072,
        "count": 396
    },
    "1-8": {
        "mde": 0.4574338235825617,
        "count": 396
    },
    "1-9": {
        "mde": 0.09104825048554789,
        "count": 396
    },
    "10-1": {
        "mde": 0.6133060829334918,
        "count": 396
    },
    "10-11": {
        "mde": 0.576472979727889,
        "count": 396
    },
    "11-1": {
        "mde": 0.2452544882789594,
        "count": 396
    },
    "11-10": {
        "mde": 0.07162311879356945,
        "count": 396
    },
    "11-11": {
        "mde": 0.12442702719742195,
        "count": 396
    },
    "11-2": {
        "mde": 0.3386041152559493,
        "count": 396
    },
    "11-3": {
        "mde": 0.08061599335717229,
        "count": 396
    },
    "11-4": {
        "mde": 0.013636363636363637,
        "count": 396
    },
    "11-5": {
        "mde": 0.06874367128595972,
        "count": 396
    },
    "11-6": {
        "mde": 0.18333333333333332,
        "count": 396
    },
    "11-7": {
        "mde": 0.17343416951778776,
        "count": 396
    },
    "11-8": {
        "mde": 0.21352103265795633,
        "count": 396
    },
    "11-9": {
        "mde": 0.08181818181818182,
        "count": 396
    },
    "2-1": {
        "mde": 0.617561403606182,
        "count": 396
    },
    "2-11": {
        "mde": 0.03304124764559417,
        "count": 396
    },
    "3-1": {
        "mde": 0.03492836636953297,
        "count": 396
    },
    "3-11": {
        "mde": 0.1242748245888543,
        "count": 396
    },
    "4-1": {
        "mde": 0.33243900979908225,
        "count": 396
    },
    "4-11": {
        "mde": 0.03248531289228872,
        "count": 396
    },
    "5-1": {
        "mde": 0.38250633185138405,
        "count": 396
    },
    "5-11": {
        "mde": 0.08939393939393937,
        "count": 396
    },
    "6-1": {
        "mde": 0.24071618443862333,
        "count": 396
    },
    "6-10": {
        "mde": 0.0301308326020798,
        "count": 396
    },
    "6-11": {
        "mde": 0.1771078418520228,
        "count": 396
    },
    "6-2": {
        "mde": 0.42006970308126773,
        "count": 396
    },
    "6-3": {
        "mde": 0.4050340074513895,
        "count": 396
    },
    "6-4": {
        "mde": 0.23040487942961213,
        "count": 396
    },
    "6-5": {
        "mde": 0.1501082897515738,
        "count": 396
    },
    "6-6": {
        "mde": 0.21717008082026193,
        "count": 396
    },
    "6-7": {
        "mde": 0.591529369713265,
        "count": 396
    },
    "6-8": {
        "mde": 0.2031348025886016,
        "count": 396
    },
    "6-9": {
        "mde": 0.12102990428173221,
        "count": 396
    },
    "7-1": {
        "mde": 0.6657038539092286,
        "count": 396
    },
    "7-11": {
        "mde": 0.06438875027543836,
        "count": 396
    },
    "8-1": {
        "mde": 0.06455386556888483,
        "count": 396
    },
    "8-11": {
        "mde": 0.06778831606433486,
        "count": 396
    },
    "9-1": {
        "mde": 0.1234648984553108,
        "count": 396
    },
    "9-11": {
        "mde": 0.37150751083096395,
        "count": 396
    }
}