{
    "1-1": {
        "mde": 1.2628272251308899,
        "count": 382
    },
    "1-10": {
        "mde": 0.4019171664045468,
        "count": 382
    },
    "1-11": {
        "mde": 0.9445868165447254,
        "count": 382
    },
    "1-2": {
        "mde": 1.286629113082045,
        "count": 382
    },
    "1-3": {
        "mde": 0.007853403141361256,
        "count": 382
    },
    "1-4": {
        "mde": 0.24448464539081152,
        "count": 382
    },
    "1-5": {
        "mde": 0.13632749711549894,
        "count": 382
    },
    "1-6": {
        "mde": 1.0311418887458206,
        "count": 382
    },
    "1-7": {
        "mde": 0.05032357219324175,
        "count": 382
    },
    "1-8": {
        "mde": 0.35950507825864225,
        "count": 382
    },
    "1-9": {
        "mde": 1.259993653653759,
        "count": 382
    },
    "10-1": {
        "mde": 1.3662770055146813,
        "count": 382
    },
    "10-11": {
        "mde": 0.6005782055053441,
        "count": 382
    },
    "11-1": {
        "mde": 1.2329842931937174,
        "count": 382
    },
    "11-10": {
        "mde": 0.5937172774869113,
        "count": 382
    },
    "11-11": {
        "mde": 0.23560209424083758,
        "count": 382
    },
    "11-2": {
        "mde": 2.0373153650372284,
        "count": 382
    },
    "11-3": {
        "mde": 1.7738767853490485,
        "count": 382
    },
    "11-4": {
        "mde": 1.699946987735072,
        "count": 382
    },
    "11-5": {
        "mde": 0.1832341092428842,
        "count": 382
    },
    "11-6": {
        "mde": 1.7079348138331958,
        "count": 382
    },
    "11-7": {
        "mde": 0.3865807941763627,
        "count": 382
    },
    "11-8": {
        "mde": 0.6031413612565445,
        "count": 382
    },
    "11-9": {
        "mde": 0.2843367901214449,
        "count": 382
    },
    "2-1": {
        "mde": 0.5652137581302934,
        "count": 382
    },
    "2-11": {
        "mde": 1.199417979121458,
        "count": 382
    },
    "3-1": {
        "mde": 0.30490761596324156,
        "count": 382
    },
    "3-11": {
        "mde": 1.081172104899621,
        "count": 382
    },
    "4-1": {
        "mde": 0.7223786148150418,
        "count": 382
    },
    "4-11": {
        "mde": 0.18183027931558307,
        "count": 382
    },
    "5-1": {
        "mde": 1.7037058022922182,
        "count": 382
    },
    "5-11": {
        "mde": 0.8338035146786444,
        "count": 382
    },
    "6-1": {
        "mde": 1.4969715802675156,
        "count": 382
    },
    "6-10": {
        "mde": 1.2762316511827383,
        "count": 382
    },
    "6-11": {
        "mde": 1.0413612565445025,
        "count": 382
    },
    "6-2": {
        "mde": 1.3458690911381985,
        "count": 382
    },
    "6-3": {
        "mde": 1.6947349780603997,
        "count": 382
    },
    "6-4": {
        "mde": 0.8092270312185966,
        "count": 382
    },
    "6-5": {
        "mde": 0.30032644477740666,
        "count": 382
    },
    "6-6": {
        "mde": 1.811275424936673,
        "count": 382
    },
    "6-7": {
        "mde": 1.1426479896875357,
        "count": 382
    },
    "6-8": {
        "mde": 1.8632639629659227,
        "count": 382
    },
    "6-9": {
        "mde": 2.993883883999543,
        "count": 382
    },
    "7-1": {
        "mde": 0.1277451049023972,
        "count": 382
    },
    "7-11": {
        "mde": 0.6471204188481673,
        "count": 382
    },
    "8-1": {
        "mde": 0.8701570680628271,
        "count": 382
    },
    "8-11": {
        "mde": 0.017277486910994764,
        "count": 382
    },
    "9-1": {
        "mde": 1.156391729807591,
        "count": 382
    },
    "9-11": {
        "mde": 0.7129239326379129,
        "count": 382
    }
}