{
    "1-1": {
        "mde": 0.12375931530389614,
        "count": 378
    },
    "1-10": {
        "mde": 0.2034383342007471,
        "count": 378
    },
    "1-11": {
        "mde": 0.15011280315738082,
        "count": 378
    },
    "1-2": {
        "mde": 0.044172106547216164,
        "count": 378
    },
    "1-3": {
        "mde": 0.11269841269841269,
        "count": 378
    },
    "1-4": {
        "mde": 0.3246094460244,
        "count": 378
    },
    "1-5": {
        "mde": 0.19620094098246965,
        "count": 378
    },
    "1-6": {
        "mde": 0.05650997064938779,
        "count": 378
    },
    "1-7": {
        "mde": 0.19327012658505333,
        "count": 378
    },
    "1-8": {
        "mde": 0.6979079702243275,
        "count": 378
    },
    "1-9": {
        "mde": 0.08604444801179752,
        "count": 378
    },
    "10-1": {
        "mde": 0.14643605441874033,
        "count": 378
    },
    "10-11": {
        "mde": 0.25352773369403636,
        "count": 378
    },
    "11-1": {
        "mde": 0.24314339664682372,
        "count": 378
    },
    "11-10": {
        "mde": 0.02418423488492031,
        "count": 378
    },
    "11-11": {
        "mde": 0.09236238909450506,
        "count": 378
    },
    "11-2": {
        "mde": 0.10665811588162787,
        "count": 378
    },
    "11-3": {
        "mde": 0.13333333333333333,
        "count": 378
    },
    "11-4": {
        "mde": 0.10078686000080272,
        "count": 378
    },
    "11-5": {
        "mde": 0.39470256206136406,
        "count": 378
    },
    "11-6": {
        "mde": 0.2066558042972111,
        "count": 378
    },
    "11-7": {
        "mde": 0.07382733647145262,
        "count": 378
    },
    "11-8": {
        "mde": 0.09939011604105381,
        "count": 378
    },
    "11-9": {
        "mde": 0.0761904761904762,
        "count": 378
    },
    "2-1": {
        "mde": 0.18052141346027054,
        "count": 378
    },
    "2-11": {
        "mde": 0.3114571157875752,
        "count": 378
    },
    "3-1": {
        "mde": 0.04967085711991287,
        "count": 378
    },
    "3-11": {
        "mde": 0.4898208519720634,
        "count": 378
    },
    "4-1": {
        "mde": 0.23022514801066954,
        "count": 378
    },
    "4-11": {
        "mde": 0.0737256675054409,
        "count": 378
    },
    "5-1": {
        "mde": 0.16041199443698242,
        "count": 378
    },
    "5-11": {
        "mde": 0.3096344948669006,
        "count": 378
    },
    "6-1": {
        "mde": 0.126984126984127,
        "count": 378
    },
    "6-10": {
        "mde": 0.1432946519504904,
        "count": 378
    },
    "6-11": {
        "mde": 0.017460317460317454,
        "count": 378
    },
    "6-2": {
        "mde": 0.06742466311971382,
        "count": 378
    },
    "6-3": {
        "mde": 0.13603081318985996,
        "count": 378
    },
    "6-4": {
        "mde": 0.34388932397241984,
        "count": 378
    },
    "6-5": {
        "mde": 0.5043751730326571,
        "count": 378
    },
    "6-6": {
        "mde": 0.12025543381473554,
        "count": 378
    },
    "6-7": {
        "mde": 0.15701434321649588,
        "count": 378
    },
    "6-8": {
        "mde": 0.512796064383708,
        "count": 378
    },
    "6-9": {
        "mde": 0.21573292876350916,
        "count": 378
    },
    "7-1": {
        "mde": 0.13646613644604805,
        "count": 378
    },
    "7-11": {
        "mde": 0.06284016849549004,
        "count": 378
    },
    "8-1": {
        "mde": 0.2523157128793196,
        "count": 378
    },
    "8-11": {
        "mde": 0.48429855282109724,
        "count": 378
    },
    "9-1": {
        "mde": 0.2443092937380812,
        "count": 378
    },
    "9-11": {
        "mde": 0.0504745871003545,
        "count": 378
    }
}