{
    "1-1": {
        "mde": 0.0017391304347826085,
        "count": 345
    },
    "1-10": {
        "mde": 0.06692330950825168,
        "count": 345
    },
    "1-11": {
        "mde": 0.039999999999999994,
        "count": 345
    },
    "1-2": {
        "mde": 0.006956521739130434,
        "count": 345
    },
    "1-3": {
        "mde": 0.02608695652173913,
        "count": 345
    },
    "1-4": {
        "mde": 0.031586569843771096,
        "count": 345
    },
    "1-5": {
        "mde": 0.01586627065324811,
        "count": 345
    },
    "1-6": {
        "mde": 0.021570650847709302,
        "count": 345
    },
    "1-7": {
        "mde": 0.015824381762770057,
        "count": 345
    },
    "1-8": {
        "mde": 0.014335027281946584,
        "count": 345
    },
    "1-9": {
        "mde": 0.0,
        "count": 345
    },
    "10-1": {
        "mde": 0.016936989361234524,
        "count": 345
    },
    "10-11": {
        "mde": 0.015353786303906417,
        "count": 345
    },
    "11-1": {
        "mde": 0.017391304347826087,
        "count": 345
    },
    "11-10": {
        "mde": 0.0017391304347826077,
        "count": 345
    },
    "11-11": {
        "mde": 0.013913043478260867,
        "count": 345
    },
    "11-2": {
        "mde": 0.008087446156300668,
        "count": 345
    },
    "11-3": {
        "mde": 0.017391304347826087,
        "count": 345
    },
    "11-4": {
        "mde": 0.006956521739130436,
        "count": 345
    },
    "11-5": {
        "mde": 0.008695652173913044,
        "count": 345
    },
    "11-6": {
        "mde": 0.012173913043478264,
        "count": 345
    },
    "11-7": {
        "mde": 0.005217391304347826,
        "count": 345
    },
    "11-8": {
        "mde": 0.001739130434782609,
        "count": 345
    },
    "11-9": {
        "mde": 0.0188822621950158,
        "count": 345
    },
    "2-1": {
        "mde": 0.012388009783682888,
        "count": 345
    },
    "2-11": {
        "mde": 0.012670231801367025,
        "count": 345
    },
    "3-1": {
        "mde": 0.0,
        "count": 345
    },
    "3-11": {
        "mde": 0.03681073838834876,
        "count": 345
    },
    "4-1": {
        "mde": 0.029246354480681677,
        "count": 345
    },
    "4-11": {
        "mde": 0.0,
        "count": 345
    },
    "5-1": {
        "mde": 0.003478260869565217,
        "count": 345
    },
    "5-11": {
        "mde": 0.03254743763846759,
        "count": 345
    },
    "6-1": {
        "mde": 0.03304347826086956,
        "count": 345
    },
    "6-10": {
        "mde": 0.021713532824762724,
        "count": 345
    },
    "6-11": {
        "mde": 0.03796687286060052,
        "count": 345
    },
    "6-2": {
        "mde": 0.011565707025865889,
        "count": 345
    },
    "6-3": {
        "mde": 0.026311287312159926,
        "count": 345
    },
    "6-4": {
        "mde": 0.003478260869565218,
        "count": 345
    },
    "6-5": {
        "mde": 0.015652173913043476,
        "count": 345
    },
    "6-6": {
        "mde": 0.015358177208426608,
        "count": 345
    },
    "6-7": {
        "mde": 0.01753523918312734,
        "count": 345
    },
    "6-8": {
        "mde": 0.057849017910965056,
        "count": 345
    },
    "6-9": {
        "mde": 0.05742278986120146,
        "count": 345
    },
    "7-1": {
        "mde": 0.0416201858715832,
        "count": 345
    },
    "7-11": {
        "mde": 0.011255888617390573,
        "count": 345
    },
    "8-1": {
        "mde": 0.017673526365510218,
        "count": 345
    },
    "8-11": {
        "mde": 0.0,
        "count": 345
    },
    "9-1": {
        "mde": 0.019885179826452482,
        "count": 345
    },
    "9-11": {
        "mde": 0.015652173913043476,
        "count": 345
    }
}