{
    "1-1": {
        "mde": 0.03028846153846154,
        "count": 416
    },
    "1-10": {
        "mde": 0.053898053187768705,
        "count": 416
    },
    "1-11": {
        "mde": 0.06722956290826644,
        "count": 416
    },
    "1-2": {
        "mde": 0.1355373240282879,
        "count": 416
    },
    "1-3": {
        "mde": 0.10626435445287905,
        "count": 416
    },
    "1-4": {
        "mde": 0.04287681066541998,
        "count": 416
    },
    "1-5": {
        "mde": 0.05498524849848701,
        "count": 416
    },
    "1-6": {
        "mde": 0.08100583779910996,
        "count": 416
    },
    "1-7": {
        "mde": 0.22348292924011626,
        "count": 416
    },
    "1-8": {
        "mde": 0.08883766886762987,
        "count": 416
    },
    "1-9": {
        "mde": 0.05206589352922037,
        "count": 416
    },
    "10-1": {
        "mde": 0.06292415913168682,
        "count": 416
    },
    "10-11": {
        "mde": 0.02307692307692308,
        "count": 416
    },
    "11-1": {
        "mde": 0.05110670355585087,
        "count": 416
    },
    "11-10": {
        "mde": 0.0043269230769230746,
        "count": 416
    },
    "11-11": {
        "mde": 0.11682692307692306,
        "count": 416
    },
    "11-2": {
        "mde": 0.17333528618789537,
        "count": 416
    },
    "11-3": {
        "mde": 0.6653141237994282,
        "count": 416
    },
    "11-4": {
        "mde": 0.4759615384615383,
        "count": 416
    },
    "11-5": {
        "mde": 0.03461538461538462,
        "count": 416
    },
    "11-6": {
        "mde": 0.12403846153846156,
        "count": 416
    },
    "11-7": {
        "mde": 0.11250000000000002,
        "count": 416
    },
    "11-8": {
        "mde": 0.06689685882326145,
        "count": 416
    },
    "11-9": {
        "mde": 0.1846153846153846,
        "count": 416
    },
    "2-1": {
        "mde": 0.11379734846626685,
        "count": 416
    },
    "2-11": {
        "mde": 0.11974948735816277,
        "count": 416
    },
    "3-1": {
        "mde": 0.02045241329927733,
        "count": 416
    },
    "3-11": {
        "mde": 0.07488869163167187,
        "count": 416
    },
    "4-1": {
        "mde": 0.033173076923076916,
        "count": 416
    },
    "4-11": {
        "mde": 0.08895280282332999,
        "count": 416
    },
    "5-1": {
        "mde": 0.6576196757985182,
        "count": 416
    },
    "5-11": {
        "mde": 0.2862578883966339,
        "count": 416
    },
    "6-1": {
        "mde": 0.22555552616413635,
        "count": 416
    },
    "6-10": {
        "mde": 0.040944057004879846,
        "count": 416
    },
    "6-11": {
        "mde": 0.07122860308721322,
        "count": 416
    },
    "6-2": {
        "mde": 0.1499301397654416,
        "count": 416
    },
    "6-3": {
        "mde": 0.8835983399478142,
        "count": 416
    },
    "6-4": {
        "mde": 0.0967640417252759,
        "count": 416
    },
    "6-5": {
        "mde": 0.5607307039549656,
        "count": 416
    },
    "6-6": {
        "mde": 0.22160905920432467,
        "count": 416
    },
    "6-7": {
        "mde": 0.12101414652964443,
        "count": 416
    },
    "6-8": {
        "mde": 0.020477940904594573,
        "count": 416
    },
    "6-9": {
        "mde": 0.21014318466139373,
        "count": 416
    },
    "7-1": {
        "mde": 0.18796795832740137,
        "count": 416
    },
    "7-11": {
        "mde": 0.19608696503990994,
        "count": 416
    },
    "8-1": {
        "mde": 0.13545466596621594,
        "count": 416
    },
    "8-11": {
        "mde": 0.4028048733560562,
        "count": 416
    },
    "9-1": {
        "mde": 0.7564828960501953,
        "count": 416
    },
    "9-11": {
        "mde": 1.3513069419695607,
        "count": 416
    }
}