{
    "1-1": {
        "mde": 0.025628140703517585,
        "count": 398
    },
    "1-10": {
        "mde": 0.09570988988018414,
        "count": 398
    },
    "1-11": {
        "mde": 0.0508175463113302,
        "count": 398
    },
    "1-2": {
        "mde": 0.12361809045226131,
        "count": 398
    },
    "1-3": {
        "mde": 0.07279035866451543,
        "count": 398
    },
    "1-4": {
        "mde": 0.06481391390203067,
        "count": 398
    },
    "1-5": {
        "mde": 0.05125628140703517,
        "count": 398
    },
    "1-6": {
        "mde": 0.0542713567839196,
        "count": 398
    },
    "1-7": {
        "mde": 0.427710229424647,
        "count": 398
    },
    "1-8": {
        "mde": 0.22375413291547167,
        "count": 398
    },
    "1-9": {
        "mde": 0.04221898865318249,
        "count": 398
    },
    "10-1": {
        "mde": 0.22539043106091405,
        "count": 398
    },
    "10-11": {
        "mde": 0.03500433837782847,
        "count": 398
    },
    "11-1": {
        "mde": 0.29547738693467335,
        "count": 398
    },
    "11-10": {
        "mde": 0.011805455117857236,
        "count": 398
    },
    "11-11": {
        "mde": 0.0678391959798995,
        "count": 398
    },
    "11-2": {
        "mde": 0.2717771003595285,
        "count": 398
    },
    "11-3": {
        "mde": 0.214104605635688,
        "count": 398
    },
    "11-4": {
        "mde": 1.3577652670331115,
        "count": 398
    },
    "11-5": {
        "mde": 0.20021042483648102,
        "count": 398
    },
    "11-6": {
        "mde": 0.786786964381976,
        "count": 398
    },
    "11-7": {
        "mde": 0.010552763819095475,
        "count": 398
    },
    "11-8": {
        "mde": 0.009045226130653268,
        "count": 398
    },
    "11-9": {
        "mde": 0.019597989949748745,
        "count": 398
    },
    "2-1": {
        "mde": 0.1259947103857409,
        "count": 398
    },
    "2-11": {
        "mde": 0.22039216990100274,
        "count": 398
    },
    "3-1": {
        "mde": 0.9664004003795595,
        "count": 398
    },
    "3-11": {
        "mde": 0.2923956287183028,
        "count": 398
    },
    "4-1": {
        "mde": 0.102218005737322,
        "count": 398
    },
    "4-11": {
        "mde": 0.034991611885821075,
        "count": 398
    },
    "5-1": {
        "mde": 0.285253706143417,
        "count": 398
    },
    "5-11": {
        "mde": 0.20402237850500207,
        "count": 398
    },
    "6-1": {
        "mde": 0.23819095477386937,
        "count": 398
    },
    "6-10": {
        "mde": 0.08111779536563166,
        "count": 398
    },
    "6-11": {
        "mde": 0.08457138620139616,
        "count": 398
    },
    "6-2": {
        "mde": 0.2535150745931636,
        "count": 398
    },
    "6-3": {
        "mde": 0.5773869346733668,
        "count": 398
    },
    "6-4": {
        "mde": 0.4608575821133433,
        "count": 398
    },
    "6-5": {
        "mde": 0.20915723093266658,
        "count": 398
    },
    "6-6": {
        "mde": 0.11302224533388483,
        "count": 398
    },
    "6-7": {
        "mde": 1.5951308097674919,
        "count": 398
    },
    "6-8": {
        "mde": 0.36743872619877654,
        "count": 398
    },
    "6-9": {
        "mde": 0.17002540237250865,
        "count": 398
    },
    "7-1": {
        "mde": 0.07236180904522613,
        "count": 398
    },
    "7-11": {
        "mde": 1.3157827544281497,
        "count": 398
    },
    "8-1": {
        "mde": 0.29737278031805703,
        "count": 398
    },
    "8-11": {
        "mde": 0.16830937430459958,
        "count": 398
    },
    "9-1": {
        "mde": 0.06764394209949912,
        "count": 398
    },
    "9-11": {
        "mde": 1.4781355721450897,
        "count": 398
    }
}