{
    "1-1": {
        "mde": 0.5969849246231156,
        "count": 398
    },
    "1-10": {
        "mde": 0.14619112338972057,
        "count": 398
    },
    "1-11": {
        "mde": 0.04673366834170855,
        "count": 398
    },
    "1-2": {
        "mde": 0.6764369425671841,
        "count": 398
    },
    "1-3": {
        "mde": 0.0952940470640214,
        "count": 398
    },
    "1-4": {
        "mde": 0.2442211055276382,
        "count": 398
    },
    "1-5": {
        "mde": 0.0,
        "count": 398
    },
    "1-6": {
        "mde": 0.016582914572864323,
        "count": 398
    },
    "1-7": {
        "mde": 2.0507332480625964,
        "count": 398
    },
    "1-8": {
        "mde": 0.039440619588193525,
        "count": 398
    },
    "1-9": {
        "mde": 0.012060301507537688,
        "count": 398
    },
    "10-1": {
        "mde": 0.12926386520135164,
        "count": 398
    },
    "10-11": {
        "mde": 0.05360985626834918,
        "count": 398
    },
    "11-1": {
        "mde": 0.23668341708542712,
        "count": 398
    },
    "11-10": {
        "mde": 0.0271356783919598,
        "count": 398
    },
    "11-11": {
        "mde": 0.0829145728643216,
        "count": 398
    },
    "11-2": {
        "mde": 0.24942071408702926,
        "count": 398
    },
    "11-3": {
        "mde": 0.582660975663305,
        "count": 398
    },
    "11-4": {
        "mde": 0.05635954493537866,
        "count": 398
    },
    "11-5": {
        "mde": 0.05940169483030078,
        "count": 398
    },
    "11-6": {
        "mde": 0.11909547738693467,
        "count": 398
    },
    "11-7": {
        "mde": 0.004522613065326634,
        "count": 398
    },
    "11-8": {
        "mde": 0.007537688442211057,
        "count": 398
    },
    "11-9": {
        "mde": 0.010552763819095475,
        "count": 398
    },
    "2-1": {
        "mde": 0.16397821547682087,
        "count": 398
    },
    "2-11": {
        "mde": 0.22028279186211952,
        "count": 398
    },
    "3-1": {
        "mde": 0.5141293783683616,
        "count": 398
    },
    "3-11": {
        "mde": 0.44564093907607444,
        "count": 398
    },
    "4-1": {
        "mde": 0.05452857401733855,
        "count": 398
    },
    "4-11": {
        "mde": 0.3803892772992029,
        "count": 398
    },
    "5-1": {
        "mde": 0.25674113542546595,
        "count": 398
    },
    "5-11": {
        "mde": 0.07862275920392221,
        "count": 398
    },
    "6-1": {
        "mde": 0.278201998836992,
        "count": 398
    },
    "6-10": {
        "mde": 0.1644841081844833,
        "count": 398
    },
    "6-11": {
        "mde": 0.08736381435220689,
        "count": 398
    },
    "6-2": {
        "mde": 0.048522983814751425,
        "count": 398
    },
    "6-3": {
        "mde": 0.007537688442211057,
        "count": 398
    },
    "6-4": {
        "mde": 0.1762838166501786,
        "count": 398
    },
    "6-5": {
        "mde": 0.031403445067605985,
        "count": 398
    },
    "6-6": {
        "mde": 0.17249734786906798,
        "count": 398
    },
    "6-7": {
        "mde": 0.2471014966950592,
        "count": 398
    },
    "6-8": {
        "mde": 1.4155110930228167,
        "count": 398
    },
    "6-9": {
        "mde": 0.2084904842270555,
        "count": 398
    },
    "7-1": {
        "mde": 0.07700918974416816,
        "count": 398
    },
    "7-11": {
        "mde": 0.0904732465284689,
        "count": 398
    },
    "8-1": {
        "mde": 0.5710979139326379,
        "count": 398
    },
    "8-11": {
        "mde": 0.26794917934991774,
        "count": 398
    },
    "9-1": {
        "mde": 0.19877115992257013,
        "count": 398
    },
    "9-11": {
        "mde": 0.09101583224999144,
        "count": 398
    }
}