{
    "1-1": {
        "mde": 0.004931506849315068,
        "count": 365
    },
    "1-10": {
        "mde": 0.14745816537157425,
        "count": 365
    },
    "1-11": {
        "mde": 0.29926232610334236,
        "count": 365
    },
    "1-2": {
        "mde": 0.05040317422272142,
        "count": 365
    },
    "1-3": {
        "mde": 0.17238307289453367,
        "count": 365
    },
    "1-4": {
        "mde": 0.22122770387727403,
        "count": 365
    },
    "1-5": {
        "mde": 0.049719799317099155,
        "count": 365
    },
    "1-6": {
        "mde": 1.0613234855946923,
        "count": 365
    },
    "1-7": {
        "mde": 0.42116829347081336,
        "count": 365
    },
    "1-8": {
        "mde": 0.05544135617728204,
        "count": 365
    },
    "1-9": {
        "mde": 0.047291826568402084,
        "count": 365
    },
    "10-1": {
        "mde": 0.05197204548991112,
        "count": 365
    },
    "10-11": {
        "mde": 0.3353424657534244,
        "count": 365
    },
    "11-1": {
        "mde": 0.07561643835616438,
        "count": 365
    },
    "11-10": {
        "mde": 0.0016438356164383576,
        "count": 365
    },
    "11-11": {
        "mde": 0.6772602739726029,
        "count": 365
    },
    "11-2": {
        "mde": 0.012842563068560981,
        "count": 365
    },
    "11-3": {
        "mde": 0.1824657534246575,
        "count": 365
    },
    "11-4": {
        "mde": 0.09015997696042476,
        "count": 365
    },
    "11-5": {
        "mde": 0.01643835616438356,
        "count": 365
    },
    "11-6": {
        "mde": 0.28780490705272777,
        "count": 365
    },
    "11-7": {
        "mde": 0.8180814318009759,
        "count": 365
    },
    "11-8": {
        "mde": 0.003287671232876713,
        "count": 365
    },
    "11-9": {
        "mde": 0.05831036047397191,
        "count": 365
    },
    "2-1": {
        "mde": 0.013150684931506852,
        "count": 365
    },
    "2-11": {
        "mde": 0.19314513434987923,
        "count": 365
    },
    "3-1": {
        "mde": 0.0,
        "count": 365
    },
    "3-11": {
        "mde": 0.92800542091602,
        "count": 365
    },
    "4-1": {
        "mde": 0.016056705099669645,
        "count": 365
    },
    "4-11": {
        "mde": 0.023078678918916438,
        "count": 365
    },
    "5-1": {
        "mde": 0.09105523209197848,
        "count": 365
    },
    "5-11": {
        "mde": 0.8520654328973835,
        "count": 365
    },
    "6-1": {
        "mde": 0.5533468130524022,
        "count": 365
    },
    "6-10": {
        "mde": 0.43376286029438327,
        "count": 365
    },
    "6-11": {
        "mde": 0.09342074284084158,
        "count": 365
    },
    "6-2": {
        "mde": 0.29233027994329736,
        "count": 365
    },
    "6-3": {
        "mde": 0.1642514319061754,
        "count": 365
    },
    "6-4": {
        "mde": 0.05976283981744381,
        "count": 365
    },
    "6-5": {
        "mde": 0.02794520547945206,
        "count": 365
    },
    "6-6": {
        "mde": 0.011506849315068493,
        "count": 365
    },
    "6-7": {
        "mde": 0.6604501965372354,
        "count": 365
    },
    "6-8": {
        "mde": 0.3206233596074516,
        "count": 365
    },
    "6-9": {
        "mde": 0.15098725169240984,
        "count": 365
    },
    "7-1": {
        "mde": 0.1677754735739815,
        "count": 365
    },
    "7-11": {
        "mde": 0.04342423210684724,
        "count": 365
    },
    "8-1": {
        "mde": 0.05064885748083599,
        "count": 365
    },
    "8-11": {
        "mde": 0.14614327608118902,
        "count": 365
    },
    "9-1": {
        "mde": 0.48137956831410467,
        "count": 365
    },
    "9-11": {
        "mde": 0.011506849315068492,
        "count": 365
    }
}