{
    "1-1": {
        "mde": 2.25311423949995,
        "count": 382
    },
    "1-10": {
        "mde": 0.7553567053280704,
        "count": 382
    },
    "1-11": {
        "mde": 1.3999649039415814,
        "count": 382
    },
    "1-2": {
        "mde": 2.263359360816716,
        "count": 382
    },
    "1-3": {
        "mde": 0.18105694290738872,
        "count": 382
    },
    "1-4": {
        "mde": 0.534938745895623,
        "count": 382
    },
    "1-5": {
        "mde": 1.9030507357101418,
        "count": 382
    },
    "1-6": {
        "mde": 0.1118293806709721,
        "count": 382
    },
    "1-7": {
        "mde": 1.7365706821998033,
        "count": 382
    },
    "1-8": {
        "mde": 2.2681156256932367,
        "count": 382
    },
    "1-9": {
        "mde": 1.4797329529654863,
        "count": 382
    },
    "10-1": {
        "mde": 1.7983705420067335,
        "count": 382
    },
    "10-11": {
        "mde": 0.9316623467686499,
        "count": 382
    },
    "11-1": {
        "mde": 1.9602094240837697,
        "count": 382
    },
    "11-10": {
        "mde": 2.4518324607329847,
        "count": 382
    },
    "11-11": {
        "mde": 0.06282722513089004,
        "count": 382
    },
    "11-2": {
        "mde": 2.1376440755098423,
        "count": 382
    },
    "11-3": {
        "mde": 1.0420429023016595,
        "count": 382
    },
    "11-4": {
        "mde": 1.0597866511690148,
        "count": 382
    },
    "11-5": {
        "mde": 0.8118480441747282,
        "count": 382
    },
    "11-6": {
        "mde": 1.9212964329592637,
        "count": 382
    },
    "11-7": {
        "mde": 0.8202992724649747,
        "count": 382
    },
    "11-8": {
        "mde": 0.6757375043831824,
        "count": 382
    },
    "11-9": {
        "mde": 1.3501657873436608,
        "count": 382
    },
    "2-1": {
        "mde": 0.6045194145023369,
        "count": 382
    },
    "2-11": {
        "mde": 0.819654859539517,
        "count": 382
    },
    "3-1": {
        "mde": 1.654591867914626,
        "count": 382
    },
    "3-11": {
        "mde": 0.6769010592508734,
        "count": 382
    },
    "4-1": {
        "mde": 1.3505699973661194,
        "count": 382
    },
    "4-11": {
        "mde": 0.009424083769633508,
        "count": 382
    },
    "5-1": {
        "mde": 1.8453762640041,
        "count": 382
    },
    "5-11": {
        "mde": 0.9490802938396368,
        "count": 382
    },
    "6-1": {
        "mde": 5.535789102682996,
        "count": 382
    },
    "6-10": {
        "mde": 2.065191444382359,
        "count": 382
    },
    "6-11": {
        "mde": 1.1607329842931937,
        "count": 382
    },
    "6-2": {
        "mde": 0.7287729613703873,
        "count": 382
    },
    "6-3": {
        "mde": 1.0783112215443655,
        "count": 382
    },
    "6-4": {
        "mde": 1.016779712532022,
        "count": 382
    },
    "6-5": {
        "mde": 1.7858559768824431,
        "count": 382
    },
    "6-6": {
        "mde": 1.319263231159013,
        "count": 382
    },
    "6-7": {
        "mde": 1.0539468055388317,
        "count": 382
    },
    "6-8": {
        "mde": 2.885291229608212,
        "count": 382
    },
    "6-9": {
        "mde": 2.5897632442463365,
        "count": 382
    },
    "7-1": {
        "mde": 0.08584575031928371,
        "count": 382
    },
    "7-11": {
        "mde": 0.8614872734141704,
        "count": 382
    },
    "8-1": {
        "mde": 1.1369833424020692,
        "count": 382
    },
    "8-11": {
        "mde": 0.0207896355667536,
        "count": 382
    },
    "9-1": {
        "mde": 1.213283738956277,
        "count": 382
    },
    "9-11": {
        "mde": 1.1102470692598962,
        "count": 382
    }
}