{
    "1-1": {
        "mde": 0.023880597014925373,
        "count": 402
    },
    "1-10": {
        "mde": 0.030824590809699293,
        "count": 402
    },
    "1-11": {
        "mde": 0.001492537313432835,
        "count": 402
    },
    "1-2": {
        "mde": 0.06481553264357143,
        "count": 402
    },
    "1-3": {
        "mde": 0.01343283582089552,
        "count": 402
    },
    "1-4": {
        "mde": 0.05974291996614917,
        "count": 402
    },
    "1-5": {
        "mde": 0.028801579911609483,
        "count": 402
    },
    "1-6": {
        "mde": 0.019550775393422065,
        "count": 402
    },
    "1-7": {
        "mde": 0.010762839628250713,
        "count": 402
    },
    "1-8": {
        "mde": 0.02448495275714577,
        "count": 402
    },
    "1-9": {
        "mde": 0.009659904410447133,
        "count": 402
    },
    "10-1": {
        "mde": 0.1938318739942354,
        "count": 402
    },
    "10-11": {
        "mde": 0.06211272854938552,
        "count": 402
    },
    "11-1": {
        "mde": 0.053731343283582096,
        "count": 402
    },
    "11-10": {
        "mde": 0.08409393618195192,
        "count": 402
    },
    "11-11": {
        "mde": 0.032835820895522394,
        "count": 402
    },
    "11-2": {
        "mde": 0.04384806507646379,
        "count": 402
    },
    "11-3": {
        "mde": 0.0,
        "count": 402
    },
    "11-4": {
        "mde": 0.01881425563502088,
        "count": 402
    },
    "11-5": {
        "mde": 0.049525047826702986,
        "count": 402
    },
    "11-6": {
        "mde": 0.0859952006743025,
        "count": 402
    },
    "11-7": {
        "mde": 0.013432835820895524,
        "count": 402
    },
    "11-8": {
        "mde": 0.03134328358208956,
        "count": 402
    },
    "11-9": {
        "mde": 0.06003997620910192,
        "count": 402
    },
    "2-1": {
        "mde": 0.10679727653730338,
        "count": 402
    },
    "2-11": {
        "mde": 0.07300124919186514,
        "count": 402
    },
    "3-1": {
        "mde": 0.04985752410251839,
        "count": 402
    },
    "3-11": {
        "mde": 0.018920326996014127,
        "count": 402
    },
    "4-1": {
        "mde": 0.056239152566893234,
        "count": 402
    },
    "4-11": {
        "mde": 0.10715648459331877,
        "count": 402
    },
    "5-1": {
        "mde": 0.10018373973972786,
        "count": 402
    },
    "5-11": {
        "mde": 0.17653064899998372,
        "count": 402
    },
    "6-1": {
        "mde": 0.035568584917679544,
        "count": 402
    },
    "6-10": {
        "mde": 0.023248494362002194,
        "count": 402
    },
    "6-11": {
        "mde": 0.022388059701492533,
        "count": 402
    },
    "6-2": {
        "mde": 0.020129601463440505,
        "count": 402
    },
    "6-3": {
        "mde": 0.0352081683904682,
        "count": 402
    },
    "6-4": {
        "mde": 0.028071705350329122,
        "count": 402
    },
    "6-5": {
        "mde": 0.047692623164870086,
        "count": 402
    },
    "6-6": {
        "mde": 0.10285413485361393,
        "count": 402
    },
    "6-7": {
        "mde": 0.4387830250068386,
        "count": 402
    },
    "6-8": {
        "mde": 0.27659609239688504,
        "count": 402
    },
    "6-9": {
        "mde": 0.07496437986410816,
        "count": 402
    },
    "7-1": {
        "mde": 0.23033642271256344,
        "count": 402
    },
    "7-11": {
        "mde": 0.020895522388059702,
        "count": 402
    },
    "8-1": {
        "mde": 0.01732171832158804,
        "count": 402
    },
    "8-11": {
        "mde": 0.04678379447107187,
        "count": 402
    },
    "9-1": {
        "mde": 0.042771424252973686,
        "count": 402
    },
    "9-11": {
        "mde": 0.10298507462686567,
        "count": 402
    }
}