{
    "1-1": {
        "mde": 0.12094240837696334,
        "count": 382
    },
    "1-10": {
        "mde": 0.29668014789741337,
        "count": 382
    },
    "1-11": {
        "mde": 0.4316882645492532,
        "count": 382
    },
    "1-2": {
        "mde": 0.09994395952160035,
        "count": 382
    },
    "1-3": {
        "mde": 0.0738219895287958,
        "count": 382
    },
    "1-4": {
        "mde": 0.20331627636695154,
        "count": 382
    },
    "1-5": {
        "mde": 0.34988161064513973,
        "count": 382
    },
    "1-6": {
        "mde": 0.03517708594927404,
        "count": 382
    },
    "1-7": {
        "mde": 0.034886548509310965,
        "count": 382
    },
    "1-8": {
        "mde": 0.2980260322039632,
        "count": 382
    },
    "1-9": {
        "mde": 0.26138702806020747,
        "count": 382
    },
    "10-1": {
        "mde": 0.3367355113572639,
        "count": 382
    },
    "10-11": {
        "mde": 0.3795137314901848,
        "count": 382
    },
    "11-1": {
        "mde": 0.14786722872837324,
        "count": 382
    },
    "11-10": {
        "mde": 0.9626496075398843,
        "count": 382
    },
    "11-11": {
        "mde": 0.3675392670157066,
        "count": 382
    },
    "11-2": {
        "mde": 0.7363785673435604,
        "count": 382
    },
    "11-3": {
        "mde": 0.26805534626652977,
        "count": 382
    },
    "11-4": {
        "mde": 0.15914851620995304,
        "count": 382
    },
    "11-5": {
        "mde": 0.09470742179179845,
        "count": 382
    },
    "11-6": {
        "mde": 0.6264703880770456,
        "count": 382
    },
    "11-7": {
        "mde": 0.12600333791499024,
        "count": 382
    },
    "11-8": {
        "mde": 0.14075261301004932,
        "count": 382
    },
    "11-9": {
        "mde": 0.47761127282579546,
        "count": 382
    },
    "2-1": {
        "mde": 0.12443204176562937,
        "count": 382
    },
    "2-11": {
        "mde": 0.5068228874206435,
        "count": 382
    },
    "3-1": {
        "mde": 0.10384377923540467,
        "count": 382
    },
    "3-11": {
        "mde": 0.48214062086626724,
        "count": 382
    },
    "4-1": {
        "mde": 0.569333072831604,
        "count": 382
    },
    "4-11": {
        "mde": 0.12090925912435475,
        "count": 382
    },
    "5-1": {
        "mde": 0.4090663929111588,
        "count": 382
    },
    "5-11": {
        "mde": 0.23636629941826154,
        "count": 382
    },
    "6-1": {
        "mde": 0.38691018115803194,
        "count": 382
    },
    "6-10": {
        "mde": 0.2699852716391665,
        "count": 382
    },
    "6-11": {
        "mde": 0.29214659685863875,
        "count": 382
    },
    "6-2": {
        "mde": 0.6592556628655715,
        "count": 382
    },
    "6-3": {
        "mde": 0.03131142609992522,
        "count": 382
    },
    "6-4": {
        "mde": 0.3081584855604585,
        "count": 382
    },
    "6-5": {
        "mde": 0.33276712991516794,
        "count": 382
    },
    "6-6": {
        "mde": 0.12724937786117227,
        "count": 382
    },
    "6-7": {
        "mde": 0.2781165624617391,
        "count": 382
    },
    "6-8": {
        "mde": 0.07389300441467764,
        "count": 382
    },
    "6-9": {
        "mde": 0.4129142023959535,
        "count": 382
    },
    "7-1": {
        "mde": 0.3426493655988718,
        "count": 382
    },
    "7-11": {
        "mde": 0.12251308900523558,
        "count": 382
    },
    "8-1": {
        "mde": 0.43112871420037474,
        "count": 382
    },
    "8-11": {
        "mde": 0.30132966777232023,
        "count": 382
    },
    "9-1": {
        "mde": 0.43072808718631406,
        "count": 382
    },
    "9-11": {
        "mde": 0.33264104614710543,
        "count": 382
    }
}