{
    "1-1": {
        "mde": 0.0016620498614958448,
        "count": 361
    },
    "1-10": {
        "mde": 0.01210867028108483,
        "count": 361
    },
    "1-11": {
        "mde": 0.006648199445983381,
        "count": 361
    },
    "1-2": {
        "mde": 0.0,
        "count": 361
    },
    "1-3": {
        "mde": 0.01596490516697616,
        "count": 361
    },
    "1-4": {
        "mde": 0.004986149584487534,
        "count": 361
    },
    "1-5": {
        "mde": 0.040251813870330895,
        "count": 361
    },
    "1-6": {
        "mde": 0.004986149584487535,
        "count": 361
    },
    "1-7": {
        "mde": 0.0,
        "count": 361
    },
    "1-8": {
        "mde": 0.013566112454573483,
        "count": 361
    },
    "1-9": {
        "mde": 0.01051172629418852,
        "count": 361
    },
    "10-1": {
        "mde": 0.023633591895777652,
        "count": 361
    },
    "10-11": {
        "mde": 0.035005585623587646,
        "count": 361
    },
    "11-1": {
        "mde": 0.011634349030470913,
        "count": 361
    },
    "11-10": {
        "mde": 0.006648199445983381,
        "count": 361
    },
    "11-11": {
        "mde": 0.009972299168975069,
        "count": 361
    },
    "11-2": {
        "mde": 0.0,
        "count": 361
    },
    "11-3": {
        "mde": 0.01662049861495845,
        "count": 361
    },
    "11-4": {
        "mde": 0.005255863147094259,
        "count": 361
    },
    "11-5": {
        "mde": 0.0016620498614958452,
        "count": 361
    },
    "11-6": {
        "mde": 0.019663631958191635,
        "count": 361
    },
    "11-7": {
        "mde": 0.010612462283326046,
        "count": 361
    },
    "11-8": {
        "mde": 0.0,
        "count": 361
    },
    "11-9": {
        "mde": 0.009709062470299908,
        "count": 361
    },
    "2-1": {
        "mde": 0.0016620498614958448,
        "count": 361
    },
    "2-11": {
        "mde": 0.005255863147094258,
        "count": 361
    },
    "3-1": {
        "mde": 0.008713530227899089,
        "count": 361
    },
    "3-11": {
        "mde": 0.021606648199445983,
        "count": 361
    },
    "4-1": {
        "mde": 0.012640805443984469,
        "count": 361
    },
    "4-11": {
        "mde": 0.0016620498614958452,
        "count": 361
    },
    "5-1": {
        "mde": 0.004012543316963594,
        "count": 361
    },
    "5-11": {
        "mde": 0.009203300589458318,
        "count": 361
    },
    "6-1": {
        "mde": 0.009972299168975069,
        "count": 361
    },
    "6-10": {
        "mde": 0.011322813074860827,
        "count": 361
    },
    "6-11": {
        "mde": 0.0033240997229916905,
        "count": 361
    },
    "6-2": {
        "mde": 0.0,
        "count": 361
    },
    "6-3": {
        "mde": 0.0016620498614958452,
        "count": 361
    },
    "6-4": {
        "mde": 0.004986149584487534,
        "count": 361
    },
    "6-5": {
        "mde": 0.0049861495844875335,
        "count": 361
    },
    "6-6": {
        "mde": 0.0016620498614958452,
        "count": 361
    },
    "6-7": {
        "mde": 0.011149369416896458,
        "count": 361
    },
    "6-8": {
        "mde": 0.0,
        "count": 361
    },
    "6-9": {
        "mde": 0.0084748246763315,
        "count": 361
    },
    "7-1": {
        "mde": 0.02177122356829826,
        "count": 361
    },
    "7-11": {
        "mde": 0.02062158091518279,
        "count": 361
    },
    "8-1": {
        "mde": 0.009972299168975069,
        "count": 361
    },
    "8-11": {
        "mde": 0.018282548476454295,
        "count": 361
    },
    "9-1": {
        "mde": 0.016703394384134443,
        "count": 361
    },
    "9-11": {
        "mde": 0.0033240997229916905,
        "count": 361
    }
}