{
    "1-1": {
        "mde": 0.0,
        "count": 361
    },
    "1-10": {
        "mde": 0.0023504934554677472,
        "count": 361
    },
    "1-11": {
        "mde": 0.013296398891966762,
        "count": 361
    },
    "1-2": {
        "mde": 0.009972299168975069,
        "count": 361
    },
    "1-3": {
        "mde": 0.009972299168975069,
        "count": 361
    },
    "1-4": {
        "mde": 0.008579962870085948,
        "count": 361
    },
    "1-5": {
        "mde": 0.011838956718478105,
        "count": 361
    },
    "1-6": {
        "mde": 0.013296398891966762,
        "count": 361
    },
    "1-7": {
        "mde": 0.0171599257401719,
        "count": 361
    },
    "1-8": {
        "mde": 0.02187636176205271,
        "count": 361
    },
    "1-9": {
        "mde": 0.01051172629418852,
        "count": 361
    },
    "10-1": {
        "mde": 0.016620498614958446,
        "count": 361
    },
    "10-11": {
        "mde": 0.02097520507194843,
        "count": 361
    },
    "11-1": {
        "mde": 0.011634349030470913,
        "count": 361
    },
    "11-10": {
        "mde": 0.005674593178459439,
        "count": 361
    },
    "11-11": {
        "mde": 0.008310249307479225,
        "count": 361
    },
    "11-2": {
        "mde": 0.0,
        "count": 361
    },
    "11-3": {
        "mde": 0.0033240997229916896,
        "count": 361
    },
    "11-4": {
        "mde": 0.0016620498614958452,
        "count": 361
    },
    "11-5": {
        "mde": 0.018447123845306567,
        "count": 361
    },
    "11-6": {
        "mde": 0.011798924399323188,
        "count": 361
    },
    "11-7": {
        "mde": 0.0016620498614958452,
        "count": 361
    },
    "11-8": {
        "mde": 0.0,
        "count": 361
    },
    "11-9": {
        "mde": 0.004700986910935496,
        "count": 361
    },
    "2-1": {
        "mde": 0.004986149584487534,
        "count": 361
    },
    "2-11": {
        "mde": 0.005255863147094258,
        "count": 361
    },
    "3-1": {
        "mde": 0.011634349030470918,
        "count": 361
    },
    "3-11": {
        "mde": 0.012037629950890779,
        "count": 361
    },
    "4-1": {
        "mde": 0.00636303677243134,
        "count": 361
    },
    "4-11": {
        "mde": 0.008702606056786355,
        "count": 361
    },
    "5-1": {
        "mde": 0.015228162316069329,
        "count": 361
    },
    "5-11": {
        "mde": 0.012527400312450008,
        "count": 361
    },
    "6-1": {
        "mde": 0.014958448753462604,
        "count": 361
    },
    "6-10": {
        "mde": 0.012862219749656267,
        "count": 361
    },
    "6-11": {
        "mde": 0.0033240997229916905,
        "count": 361
    },
    "6-2": {
        "mde": 0.004012543316963594,
        "count": 361
    },
    "6-3": {
        "mde": 0.0,
        "count": 361
    },
    "6-4": {
        "mde": 0.004986149584487534,
        "count": 361
    },
    "6-5": {
        "mde": 0.011634349030470913,
        "count": 361
    },
    "6-6": {
        "mde": 0.039061734766247594,
        "count": 361
    },
    "6-7": {
        "mde": 0.011149369416896458,
        "count": 361
    },
    "6-8": {
        "mde": 0.0,
        "count": 361
    },
    "6-9": {
        "mde": 0.0084748246763315,
        "count": 361
    },
    "7-1": {
        "mde": 0.018420103928473496,
        "count": 361
    },
    "7-11": {
        "mde": 0.010109854620994271,
        "count": 361
    },
    "8-1": {
        "mde": 0.013296398891966762,
        "count": 361
    },
    "8-11": {
        "mde": 0.025323104671744805,
        "count": 361
    },
    "9-1": {
        "mde": 0.001662049861495844,
        "count": 361
    },
    "9-11": {
        "mde": 0.001662049861495844,
        "count": 361
    }
}