{
    "1-1": {
        "mde": 0.008391608391608392,
        "count": 429
    },
    "1-10": {
        "mde": 0.010932334532460081,
        "count": 419
    },
    "1-11": {
        "mde": 0.004316546762589928,
        "count": 417
    },
    "1-2": {
        "mde": 0.0,
        "count": 414
    },
    "1-3": {
        "mde": 0.007951136560941829,
        "count": 423
    },
    "1-4": {
        "mde": 0.004961767810271544,
        "count": 436
    },
    "1-5": {
        "mde": 0.007246376811594203,
        "count": 414
    },
    "1-6": {
        "mde": 0.0,
        "count": 418
    },
    "1-7": {
        "mde": 0.013296398891966762,
        "count": 361
    },
    "1-8": {
        "mde": 0.011444141689373298,
        "count": 367
    },
    "1-9": {
        "mde": 0.008202176161275257,
        "count": 373
    },
    "10-1": {
        "mde": 0.01145584725536993,
        "count": 419
    },
    "10-11": {
        "mde": 0.0014285714285714299,
        "count": 420
    },
    "11-1": {
        "mde": 0.012646370023419203,
        "count": 427
    },
    "11-10": {
        "mde": 0.004568566556470293,
        "count": 425
    },
    "11-11": {
        "mde": 0.007025761124121778,
        "count": 427
    },
    "11-2": {
        "mde": 0.01869326695666037,
        "count": 406
    },
    "11-3": {
        "mde": 0.004736842105263158,
        "count": 380
    },
    "11-4": {
        "mde": 0.001503759398496241,
        "count": 399
    },
    "11-5": {
        "mde": 0.0,
        "count": 410
    },
    "11-6": {
        "mde": 0.0,
        "count": 406
    },
    "11-7": {
        "mde": 0.0014563106796116507,
        "count": 412
    },
    "11-8": {
        "mde": 0.006856900161981125,
        "count": 403
    },
    "11-9": {
        "mde": 0.0,
        "count": 413
    },
    "2-1": {
        "mde": 0.013796477930815195,
        "count": 391
    },
    "2-11": {
        "mde": 0.011029495341234725,
        "count": 425
    },
    "3-1": {
        "mde": 0.0029629629629629632,
        "count": 405
    },
    "3-11": {
        "mde": 0.02410638877971999,
        "count": 429
    },
    "4-1": {
        "mde": 0.004591836734693878,
        "count": 392
    },
    "4-11": {
        "mde": 0.0013953488372093026,
        "count": 430
    },
    "5-1": {
        "mde": 0.002941176470588235,
        "count": 408
    },
    "5-11": {
        "mde": 0.0,
        "count": 423
    },
    "6-1": {
        "mde": 0.01024390243902439,
        "count": 410
    },
    "6-10": {
        "mde": 0.0050831963707788025,
        "count": 403
    },
    "6-11": {
        "mde": 0.007281553398058253,
        "count": 412
    },
    "6-2": {
        "mde": 0.0020107301834688556,
        "count": 422
    },
    "6-3": {
        "mde": 0.005369127516778524,
        "count": 447
    },
    "6-4": {
        "mde": 0.006493506493506495,
        "count": 462
    },
    "6-5": {
        "mde": 0.0013921113689095124,
        "count": 431
    },
    "6-6": {
        "mde": 0.01444878366310118,
        "count": 432
    },
    "6-7": {
        "mde": 0.01695251149651673,
        "count": 418
    },
    "6-8": {
        "mde": 0.0,
        "count": 402
    },
    "6-9": {
        "mde": 0.0,
        "count": 444
    },
    "7-1": {
        "mde": 0.004195804195804196,
        "count": 429
    },
    "7-11": {
        "mde": 0.015639810426540283,
        "count": 422
    },
    "8-1": {
        "mde": 0.010589718535426635,
        "count": 415
    },
    "8-11": {
        "mde": 0.10482995220522358,
        "count": 402
    },
    "9-1": {
        "mde": 0.0,
        "count": 417
    },
    "9-11": {
        "mde": 0.003171727627659276,
        "count": 423
    }
}