{
    "10": {
        "mde": 0.008391608391608392,
        "count": 429
    },
    "1": {
        "mde": 0.010932334532460081,
        "count": 419
    },
    "0": {
        "mde": 0.004316546762589928,
        "count": 417
    },
    "9": {
        "mde": 0.0,
        "count": 414
    },
    "8": {
        "mde": 0.007951136560941829,
        "count": 423
    },
    "7": {
        "mde": 0.004961767810271544,
        "count": 436
    },
    "6": {
        "mde": 0.007246376811594203,
        "count": 414
    },
    "5": {
        "mde": 0.0,
        "count": 418
    },
    "4": {
        "mde": 0.013296398891966762,
        "count": 361
    },
    "3": {
        "mde": 0.011444141689373298,
        "count": 367
    },
    "2": {
        "mde": 0.008202176161275257,
        "count": 373
    },
    "45": {
        "mde": 0.01145584725536993,
        "count": 419
    },
    "33": {
        "mde": 0.0014285714285714299,
        "count": 420
    },
    "44": {
        "mde": 0.012646370023419203,
        "count": 427
    },
    "35": {
        "mde": 0.004568566556470293,
        "count": 425
    },
    "34": {
        "mde": 0.007025761124121778,
        "count": 427
    },
    "43": {
        "mde": 0.01869326695666037,
        "count": 406
    },
    "42": {
        "mde": 0.004736842105263158,
        "count": 380
    },
    "41": {
        "mde": 0.001503759398496241,
        "count": 399
    },
    "40": {
        "mde": 0.0,
        "count": 410
    },
    "39": {
        "mde": 0.0,
        "count": 406
    },
    "38": {
        "mde": 0.0014563106796116507,
        "count": 412
    },
    "37": {
        "mde": 0.006856900161981125,
        "count": 403
    },
    "36": {
        "mde": 0.0,
        "count": 413
    },
    "11": {
        "mde": 0.013796477930815195,
        "count": 391
    },
    "29": {
        "mde": 0.011029495341234725,
        "count": 425
    },
    "12": {
        "mde": 0.0029629629629629632,
        "count": 405
    },
    "28": {
        "mde": 0.02410638877971999,
        "count": 429
    },
    "13": {
        "mde": 0.004591836734693878,
        "count": 392
    },
    "27": {
        "mde": 0.0013953488372093026,
        "count": 430
    },
    "14": {
        "mde": 0.002941176470588235,
        "count": 408
    },
    "26": {
        "mde": 0.0,
        "count": 423
    },
    "15": {
        "mde": 0.01024390243902439,
        "count": 410
    },
    "24": {
        "mde": 0.0050831963707788025,
        "count": 403
    },
    "25": {
        "mde": 0.007281553398058253,
        "count": 412
    },
    "16": {
        "mde": 0.0020107301834688556,
        "count": 422
    },
    "17": {
        "mde": 0.005369127516778524,
        "count": 447
    },
    "18": {
        "mde": 0.006493506493506495,
        "count": 462
    },
    "19": {
        "mde": 0.0013921113689095124,
        "count": 431
    },
    "20": {
        "mde": 0.01444878366310118,
        "count": 432
    },
    "21": {
        "mde": 0.01695251149651673,
        "count": 418
    },
    "22": {
        "mde": 0.0,
        "count": 402
    },
    "23": {
        "mde": 0.0,
        "count": 444
    },
    "48": {
        "mde": 0.004195804195804196,
        "count": 429
    },
    "30": {
        "mde": 0.015639810426540283,
        "count": 422
    },
    "47": {
        "mde": 0.010589718535426635,
        "count": 415
    },
    "31": {
        "mde": 0.10482995220522358,
        "count": 402
    },
    "46": {
        "mde": 0.0,
        "count": 417
    },
    "32": {
        "mde": 0.003171727627659276,
        "count": 423
    }
}