{
    "10": {
        "mde": 0.019944598337950138,
        "count": 361
    },
    "1": {
        "mde": 0.036657694570728615,
        "count": 361
    },
    "0": {
        "mde": 0.021606648199445987,
        "count": 361
    },
    "9": {
        "mde": 0.0171309736111334,
        "count": 361
    },
    "8": {
        "mde": 0.03021663139196501,
        "count": 361
    },
    "7": {
        "mde": 0.013647261857498023,
        "count": 361
    },
    "6": {
        "mde": 0.008310249307479225,
        "count": 361
    },
    "5": {
        "mde": 0.016785073983810725,
        "count": 361
    },
    "4": {
        "mde": 0.0182825484764543,
        "count": 361
    },
    "3": {
        "mde": 0.039935329158980515,
        "count": 361
    },
    "2": {
        "mde": 0.023397818111573803,
        "count": 361
    },
    "45": {
        "mde": 0.059334509996940406,
        "count": 361
    },
    "33": {
        "mde": 0.02894693827977629,
        "count": 361
    },
    "44": {
        "mde": 0.031578947368421054,
        "count": 361
    },
    "35": {
        "mde": 0.0,
        "count": 361
    },
    "34": {
        "mde": 0.003324099722991688,
        "count": 361
    },
    "43": {
        "mde": 0.0,
        "count": 361
    },
    "42": {
        "mde": 0.013296398891966758,
        "count": 361
    },
    "41": {
        "mde": 0.026592797783933524,
        "count": 361
    },
    "40": {
        "mde": 0.004986149584487534,
        "count": 361
    },
    "39": {
        "mde": 0.004986149584487534,
        "count": 361
    },
    "38": {
        "mde": 0.023882521124963405,
        "count": 361
    },
    "37": {
        "mde": 0.01163434903047091,
        "count": 361
    },
    "36": {
        "mde": 0.02943191789335075,
        "count": 361
    },
    "11": {
        "mde": 0.0324708549427904,
        "count": 361
    },
    "29": {
        "mde": 0.023371367196864338,
        "count": 361
    },
    "12": {
        "mde": 0.020698742223901268,
        "count": 361
    },
    "28": {
        "mde": 0.02838396769606133,
        "count": 361
    },
    "13": {
        "mde": 0.013296398891966757,
        "count": 361
    },
    "27": {
        "mde": 0.006917913008590104,
        "count": 361
    },
    "14": {
        "mde": 0.010865350450954164,
        "count": 361
    },
    "26": {
        "mde": 0.013501006579973948,
        "count": 361
    },
    "15": {
        "mde": 0.036565096952908584,
        "count": 361
    },
    "24": {
        "mde": 0.00926840646405785,
        "count": 361
    },
    "25": {
        "mde": 0.008310249307479225,
        "count": 361
    },
    "16": {
        "mde": 0.004986149584487534,
        "count": 361
    },
    "17": {
        "mde": 0.0033240997229916896,
        "count": 361
    },
    "18": {
        "mde": 0.024930747922437674,
        "count": 361
    },
    "19": {
        "mde": 0.008310249307479225,
        "count": 361
    },
    "20": {
        "mde": 0.040218347413604826,
        "count": 361
    },
    "21": {
        "mde": 0.011634349030470914,
        "count": 361
    },
    "22": {
        "mde": 0.01227451214482189,
        "count": 361
    },
    "23": {
        "mde": 0.0084748246763315,
        "count": 361
    },
    "48": {
        "mde": 0.03207267347497787,
        "count": 361
    },
    "30": {
        "mde": 0.030527630501948576,
        "count": 361
    },
    "47": {
        "mde": 0.030186611069531934,
        "count": 361
    },
    "31": {
        "mde": 0.00997229916897507,
        "count": 361
    },
    "46": {
        "mde": 0.0,
        "count": 361
    },
    "32": {
        "mde": 0.006363036772431343,
        "count": 361
    }
}