{
    "10": {
        "mde": 0.059696772120650964,
        "count": 361
    },
    "1": {
        "mde": 0.03968626431180721,
        "count": 361
    },
    "0": {
        "mde": 0.055847005278306334,
        "count": 361
    },
    "9": {
        "mde": 0.02864720439473649,
        "count": 361
    },
    "8": {
        "mde": 0.008310249307479225,
        "count": 361
    },
    "7": {
        "mde": 0.032653399414231024,
        "count": 361
    },
    "6": {
        "mde": 0.04110315053511791,
        "count": 361
    },
    "5": {
        "mde": 0.004986149584487534,
        "count": 361
    },
    "4": {
        "mde": 0.036183373320114696,
        "count": 361
    },
    "3": {
        "mde": 0.05195783463783019,
        "count": 361
    },
    "2": {
        "mde": 0.018674905225761422,
        "count": 361
    },
    "45": {
        "mde": 0.004012543316963591,
        "count": 361
    },
    "33": {
        "mde": 0.025068303374456875,
        "count": 361
    },
    "44": {
        "mde": 0.03324099722991689,
        "count": 361
    },
    "35": {
        "mde": 0.00899869290145113,
        "count": 361
    },
    "34": {
        "mde": 0.08622933654477363,
        "count": 361
    },
    "43": {
        "mde": 0.011634349030470914,
        "count": 361
    },
    "42": {
        "mde": 0.026592797783933524,
        "count": 361
    },
    "41": {
        "mde": 0.004986149584487535,
        "count": 361
    },
    "40": {
        "mde": 0.05768676553878012,
        "count": 361
    },
    "39": {
        "mde": 0.011798924399323188,
        "count": 361
    },
    "38": {
        "mde": 0.015309311718993869,
        "count": 361
    },
    "37": {
        "mde": 0.020309492172785965,
        "count": 361
    },
    "36": {
        "mde": 0.04627415942320849,
        "count": 361
    },
    "11": {
        "mde": 0.017029713990972833,
        "count": 361
    },
    "29": {
        "mde": 0.033913991712943486,
        "count": 361
    },
    "12": {
        "mde": 0.006648199445983381,
        "count": 361
    },
    "28": {
        "mde": 0.03695745370221572,
        "count": 361
    },
    "13": {
        "mde": 0.04215799143821343,
        "count": 361
    },
    "27": {
        "mde": 0.0171599257401719,
        "count": 361
    },
    "14": {
        "mde": 0.02160664819944598,
        "count": 361
    },
    "26": {
        "mde": 0.013984842485938663,
        "count": 361
    },
    "15": {
        "mde": 0.07541507677486457,
        "count": 361
    },
    "24": {
        "mde": 0.018258231076396885,
        "count": 361
    },
    "25": {
        "mde": 0.024930747922437674,
        "count": 361
    },
    "16": {
        "mde": 0.05252101893178377,
        "count": 361
    },
    "17": {
        "mde": 0.02074933682115339,
        "count": 361
    },
    "18": {
        "mde": 0.011634349030470913,
        "count": 361
    },
    "19": {
        "mde": 0.03487218642415012,
        "count": 361
    },
    "20": {
        "mde": 0.05498949737176572,
        "count": 361
    },
    "21": {
        "mde": 0.02851328712698645,
        "count": 361
    },
    "22": {
        "mde": 0.05517679616706742,
        "count": 361
    },
    "23": {
        "mde": 0.026127843154948052,
        "count": 361
    },
    "48": {
        "mde": 0.021606648199445987,
        "count": 361
    },
    "30": {
        "mde": 0.0,
        "count": 361
    },
    "47": {
        "mde": 0.0033240997229916905,
        "count": 361
    },
    "31": {
        "mde": 0.03481042422714542,
        "count": 361
    },
    "46": {
        "mde": 0.0,
        "count": 361
    },
    "32": {
        "mde": 0.1370946674335114,
        "count": 361
    }
}