{
    "10": {
        "mde": 0.0016620498614958448,
        "count": 361
    },
    "1": {
        "mde": 0.01210867028108483,
        "count": 361
    },
    "0": {
        "mde": 0.006648199445983381,
        "count": 361
    },
    "9": {
        "mde": 0.0,
        "count": 361
    },
    "8": {
        "mde": 0.01596490516697616,
        "count": 361
    },
    "7": {
        "mde": 0.004986149584487534,
        "count": 361
    },
    "6": {
        "mde": 0.040251813870330895,
        "count": 361
    },
    "5": {
        "mde": 0.004986149584487535,
        "count": 361
    },
    "4": {
        "mde": 0.0,
        "count": 361
    },
    "3": {
        "mde": 0.013566112454573483,
        "count": 361
    },
    "2": {
        "mde": 0.01051172629418852,
        "count": 361
    },
    "45": {
        "mde": 0.023633591895777652,
        "count": 361
    },
    "33": {
        "mde": 0.035005585623587646,
        "count": 361
    },
    "44": {
        "mde": 0.011634349030470913,
        "count": 361
    },
    "35": {
        "mde": 0.006648199445983381,
        "count": 361
    },
    "34": {
        "mde": 0.009972299168975069,
        "count": 361
    },
    "43": {
        "mde": 0.0,
        "count": 361
    },
    "42": {
        "mde": 0.01662049861495845,
        "count": 361
    },
    "41": {
        "mde": 0.005255863147094259,
        "count": 361
    },
    "40": {
        "mde": 0.0016620498614958452,
        "count": 361
    },
    "39": {
        "mde": 0.019663631958191635,
        "count": 361
    },
    "38": {
        "mde": 0.010612462283326046,
        "count": 361
    },
    "37": {
        "mde": 0.0,
        "count": 361
    },
    "36": {
        "mde": 0.009709062470299908,
        "count": 361
    },
    "11": {
        "mde": 0.0016620498614958448,
        "count": 361
    },
    "29": {
        "mde": 0.005255863147094258,
        "count": 361
    },
    "12": {
        "mde": 0.008713530227899089,
        "count": 361
    },
    "28": {
        "mde": 0.021606648199445983,
        "count": 361
    },
    "13": {
        "mde": 0.012640805443984469,
        "count": 361
    },
    "27": {
        "mde": 0.0016620498614958452,
        "count": 361
    },
    "14": {
        "mde": 0.004012543316963594,
        "count": 361
    },
    "26": {
        "mde": 0.009203300589458318,
        "count": 361
    },
    "15": {
        "mde": 0.009972299168975069,
        "count": 361
    },
    "24": {
        "mde": 0.011322813074860827,
        "count": 361
    },
    "25": {
        "mde": 0.0033240997229916905,
        "count": 361
    },
    "16": {
        "mde": 0.0,
        "count": 361
    },
    "17": {
        "mde": 0.0016620498614958452,
        "count": 361
    },
    "18": {
        "mde": 0.004986149584487534,
        "count": 361
    },
    "19": {
        "mde": 0.0049861495844875335,
        "count": 361
    },
    "20": {
        "mde": 0.0016620498614958452,
        "count": 361
    },
    "21": {
        "mde": 0.011149369416896458,
        "count": 361
    },
    "22": {
        "mde": 0.0,
        "count": 361
    },
    "23": {
        "mde": 0.0084748246763315,
        "count": 361
    },
    "48": {
        "mde": 0.02177122356829826,
        "count": 361
    },
    "30": {
        "mde": 0.02062158091518279,
        "count": 361
    },
    "47": {
        "mde": 0.009972299168975069,
        "count": 361
    },
    "31": {
        "mde": 0.018282548476454295,
        "count": 361
    },
    "46": {
        "mde": 0.016703394384134443,
        "count": 361
    },
    "32": {
        "mde": 0.0033240997229916905,
        "count": 361
    }
}