{
    "1-1": {
        "mde": 0.0033240997229916896,
        "count": 361
    },
    "1-10": {
        "mde": 0.011553794044926066,
        "count": 361
    },
    "1-11": {
        "mde": 0.0033240997229916905,
        "count": 361
    },
    "1-2": {
        "mde": 0.00704055619529051,
        "count": 361
    },
    "1-3": {
        "mde": 0.01863341144198556,
        "count": 361
    },
    "1-4": {
        "mde": 0.012173776155684364,
        "count": 361
    },
    "1-5": {
        "mde": 0.035516870155434324,
        "count": 361
    },
    "1-6": {
        "mde": 0.013296398891966758,
        "count": 361
    },
    "1-7": {
        "mde": 0.009691332789216566,
        "count": 361
    },
    "1-8": {
        "mde": 0.026862511346540236,
        "count": 361
    },
    "1-9": {
        "mde": 0.00831024930747922,
        "count": 361
    },
    "10-1": {
        "mde": 0.03534028481579368,
        "count": 361
    },
    "10-11": {
        "mde": 0.06825264791284667,
        "count": 361
    },
    "11-1": {
        "mde": 0.006648199445983378,
        "count": 361
    },
    "11-10": {
        "mde": 0.0033240997229916905,
        "count": 361
    },
    "11-11": {
        "mde": 0.009972299168975069,
        "count": 361
    },
    "11-2": {
        "mde": 0.0,
        "count": 361
    },
    "11-3": {
        "mde": 0.026592797783933517,
        "count": 361
    },
    "11-4": {
        "mde": 0.011634349030470914,
        "count": 361
    },
    "11-5": {
        "mde": 0.006648199445983378,
        "count": 361
    },
    "11-6": {
        "mde": 0.023386816307809654,
        "count": 361
    },
    "11-7": {
        "mde": 0.008474824676331498,
        "count": 361
    },
    "11-8": {
        "mde": 0.0,
        "count": 361
    },
    "11-9": {
        "mde": 0.0,
        "count": 361
    },
    "2-1": {
        "mde": 0.009972299168975069,
        "count": 361
    },
    "2-11": {
        "mde": 0.0016620498614958448,
        "count": 361
    },
    "3-1": {
        "mde": 0.007051480366403243,
        "count": 361
    },
    "3-11": {
        "mde": 0.030035015753793033,
        "count": 361
    },
    "4-1": {
        "mde": 0.030142209829548128,
        "count": 361
    },
    "4-11": {
        "mde": 0.013296398891966758,
        "count": 361
    },
    "5-1": {
        "mde": 0.026943332140237284,
        "count": 361
    },
    "5-11": {
        "mde": 0.027485849065912612,
        "count": 361
    },
    "6-1": {
        "mde": 0.009972299168975069,
        "count": 361
    },
    "6-10": {
        "mde": 0.027068495318580726,
        "count": 361
    },
    "6-11": {
        "mde": 0.0033240997229916905,
        "count": 361
    },
    "6-2": {
        "mde": 0.006066949927766569,
        "count": 361
    },
    "6-3": {
        "mde": 0.0033240997229916905,
        "count": 361
    },
    "6-4": {
        "mde": 0.011634349030470914,
        "count": 361
    },
    "6-5": {
        "mde": 0.004986149584487534,
        "count": 361
    },
    "6-6": {
        "mde": 0.009972299168975069,
        "count": 361
    },
    "6-7": {
        "mde": 0.01678507398381072,
        "count": 361
    },
    "6-8": {
        "mde": 0.01662049861495845,
        "count": 361
    },
    "6-9": {
        "mde": 0.0089504124218302,
        "count": 361
    },
    "7-1": {
        "mde": 0.03125854312369887,
        "count": 361
    },
    "7-11": {
        "mde": 0.025068303374456875,
        "count": 361
    },
    "8-1": {
        "mde": 0.01662049861495845,
        "count": 361
    },
    "8-11": {
        "mde": 0.0390118603130187,
        "count": 361
    },
    "9-1": {
        "mde": 0.014102960732806487,
        "count": 361
    },
    "9-11": {
        "mde": 0.0149584487534626,
        "count": 361
    }
}