{
    "10": {
        "mde": 0.0015037593984962405,
        "count": 399
    },
    "1": {
        "mde": 0.0,
        "count": 399
    },
    "0": {
        "mde": 0.017120548582157148,
        "count": 399
    },
    "9": {
        "mde": 0.015120879906973559,
        "count": 399
    },
    "8": {
        "mde": 0.013275830262776225,
        "count": 399
    },
    "7": {
        "mde": 0.006015037593984962,
        "count": 399
    },
    "6": {
        "mde": 0.026292006497334267,
        "count": 399
    },
    "5": {
        "mde": 0.030964301175900755,
        "count": 399
    },
    "4": {
        "mde": 0.014113029785164669,
        "count": 399
    },
    "3": {
        "mde": 0.004511278195488721,
        "count": 399
    },
    "2": {
        "mde": 0.008764552067287504,
        "count": 399
    },
    "45": {
        "mde": 0.009022556390977444,
        "count": 399
    },
    "33": {
        "mde": 0.010650770722252963,
        "count": 399
    },
    "44": {
        "mde": 0.006015037593984961,
        "count": 399
    },
    "35": {
        "mde": 0.0015037593984962396,
        "count": 399
    },
    "34": {
        "mde": 0.012030075187969927,
        "count": 399
    },
    "43": {
        "mde": 0.0,
        "count": 399
    },
    "42": {
        "mde": 0.0,
        "count": 399
    },
    "41": {
        "mde": 0.009022556390977444,
        "count": 399
    },
    "40": {
        "mde": 0.0,
        "count": 399
    },
    "39": {
        "mde": 0.0,
        "count": 399
    },
    "38": {
        "mde": 0.009022556390977444,
        "count": 399
    },
    "37": {
        "mde": 0.0,
        "count": 399
    },
    "36": {
        "mde": 0.004511278195488722,
        "count": 399
    },
    "11": {
        "mde": 0.0015037593984962405,
        "count": 399
    },
    "29": {
        "mde": 0.016969466398557658,
        "count": 399
    },
    "12": {
        "mde": 0.006725016473683578,
        "count": 399
    },
    "28": {
        "mde": 0.033199529669870026,
        "count": 399
    },
    "13": {
        "mde": 0.009022556390977444,
        "count": 399
    },
    "27": {
        "mde": 0.004511278195488722,
        "count": 399
    },
    "14": {
        "mde": 0.01280185424957275,
        "count": 399
    },
    "26": {
        "mde": 0.02494127273012302,
        "count": 399
    },
    "15": {
        "mde": 0.036361413364660075,
        "count": 399
    },
    "24": {
        "mde": 0.01097829034548236,
        "count": 399
    },
    "25": {
        "mde": 0.003007518796992479,
        "count": 399
    },
    "16": {
        "mde": 0.0,
        "count": 399
    },
    "17": {
        "mde": 0.004511278195488722,
        "count": 399
    },
    "18": {
        "mde": 0.0030075187969924805,
        "count": 399
    },
    "19": {
        "mde": 0.011744736354746849,
        "count": 399
    },
    "20": {
        "mde": 0.020155074041252403,
        "count": 399
    },
    "21": {
        "mde": 0.020613840499999054,
        "count": 399
    },
    "22": {
        "mde": 0.0015037593984962396,
        "count": 399
    },
    "23": {
        "mde": 0.008097992191179706,
        "count": 399
    },
    "48": {
        "mde": 0.02171474662994068,
        "count": 399
    },
    "30": {
        "mde": 0.007518796992481203,
        "count": 399
    },
    "47": {
        "mde": 0.010770342346117864,
        "count": 399
    },
    "31": {
        "mde": 0.021052631578947368,
        "count": 399
    },
    "46": {
        "mde": 0.0015037593984962396,
        "count": 399
    },
    "32": {
        "mde": 0.001503759398496242,
        "count": 399
    }
}