{
    "10": {
        "mde": 0.0,
        "count": 361
    },
    "1": {
        "mde": 0.0482361171440025,
        "count": 361
    },
    "0": {
        "mde": 0.008310249307479225,
        "count": 361
    },
    "9": {
        "mde": 0.0033240997229916896,
        "count": 361
    },
    "8": {
        "mde": 0.004986149584487534,
        "count": 361
    },
    "7": {
        "mde": 0.015497875878676052,
        "count": 361
    },
    "6": {
        "mde": 0.019944598337950138,
        "count": 361
    },
    "5": {
        "mde": 0.0033240997229916905,
        "count": 361
    },
    "4": {
        "mde": 0.0,
        "count": 361
    },
    "3": {
        "mde": 0.016890212177565173,
        "count": 361
    },
    "2": {
        "mde": 0.006648199445983381,
        "count": 361
    },
    "45": {
        "mde": 0.02326869806094183,
        "count": 361
    },
    "33": {
        "mde": 0.03258203711275156,
        "count": 361
    },
    "44": {
        "mde": 0.011634349030470914,
        "count": 361
    },
    "35": {
        "mde": 0.011349186356918875,
        "count": 361
    },
    "34": {
        "mde": 0.008310249307479225,
        "count": 361
    },
    "43": {
        "mde": 0.0,
        "count": 361
    },
    "42": {
        "mde": 0.01662049861495845,
        "count": 361
    },
    "41": {
        "mde": 0.024930747922437674,
        "count": 361
    },
    "40": {
        "mde": 0.0,
        "count": 361
    },
    "39": {
        "mde": 0.013296398891966762,
        "count": 361
    },
    "38": {
        "mde": 0.010612462283326046,
        "count": 361
    },
    "37": {
        "mde": 0.0,
        "count": 361
    },
    "36": {
        "mde": 0.003324099722991689,
        "count": 361
    },
    "11": {
        "mde": 0.018552262039061018,
        "count": 361
    },
    "29": {
        "mde": 0.008579962870085948,
        "count": 361
    },
    "12": {
        "mde": 0.0,
        "count": 361
    },
    "28": {
        "mde": 0.021321485525893944,
        "count": 361
    },
    "13": {
        "mde": 0.004986149584487534,
        "count": 361
    },
    "27": {
        "mde": 0.006648199445983381,
        "count": 361
    },
    "14": {
        "mde": 0.02044414916301236,
        "count": 361
    },
    "26": {
        "mde": 0.014189450173945852,
        "count": 361
    },
    "15": {
        "mde": 0.011634349030470914,
        "count": 361
    },
    "24": {
        "mde": 0.012862219749656267,
        "count": 361
    },
    "25": {
        "mde": 0.013296398891966758,
        "count": 361
    },
    "16": {
        "mde": 0.008310249307479225,
        "count": 361
    },
    "17": {
        "mde": 0.004700986910935496,
        "count": 361
    },
    "18": {
        "mde": 0.006648199445983379,
        "count": 361
    },
    "19": {
        "mde": 0.0049861495844875335,
        "count": 361
    },
    "20": {
        "mde": 0.0016620498614958452,
        "count": 361
    },
    "21": {
        "mde": 0.021676485966692884,
        "count": 361
    },
    "22": {
        "mde": 0.0,
        "count": 361
    },
    "23": {
        "mde": 0.0089504124218302,
        "count": 361
    },
    "48": {
        "mde": 0.02382563017910123,
        "count": 361
    },
    "30": {
        "mde": 0.025607730499670325,
        "count": 361
    },
    "47": {
        "mde": 0.009972299168975069,
        "count": 361
    },
    "31": {
        "mde": 0.02864720439473649,
        "count": 361
    },
    "46": {
        "mde": 0.033448108250689376,
        "count": 361
    },
    "32": {
        "mde": 0.004986149584487534,
        "count": 361
    }
}