{
    "1-1": {
        "mde": 0.19811308425571006,
        "count": 361
    },
    "1-10": {
        "mde": 0.8329598575179556,
        "count": 361
    },
    "1-11": {
        "mde": 0.35208234933387694,
        "count": 361
    },
    "1-2": {
        "mde": 0.08085919369507959,
        "count": 361
    },
    "1-3": {
        "mde": 0.04309270909419221,
        "count": 361
    },
    "1-4": {
        "mde": 0.2795920153591459,
        "count": 361
    },
    "1-5": {
        "mde": 0.3625299877338467,
        "count": 361
    },
    "1-6": {
        "mde": 0.008310249307479225,
        "count": 361
    },
    "1-7": {
        "mde": 0.5130949748255055,
        "count": 361
    },
    "1-8": {
        "mde": 0.17440400571241305,
        "count": 361
    },
    "1-9": {
        "mde": 0.04830292146531615,
        "count": 361
    },
    "10-1": {
        "mde": 0.040218347413604826,
        "count": 361
    },
    "10-11": {
        "mde": 1.3558389837337692,
        "count": 361
    },
    "11-1": {
        "mde": 0.053185595567867026,
        "count": 361
    },
    "11-10": {
        "mde": 0.1423723665701898,
        "count": 361
    },
    "11-11": {
        "mde": 0.07964414085703492,
        "count": 361
    },
    "11-2": {
        "mde": 0.04986149584487535,
        "count": 361
    },
    "11-3": {
        "mde": 0.034903047091412745,
        "count": 361
    },
    "11-4": {
        "mde": 0.03656509695290859,
        "count": 361
    },
    "11-5": {
        "mde": 0.1126258842698672,
        "count": 361
    },
    "11-6": {
        "mde": 0.09563305275859574,
        "count": 361
    },
    "11-7": {
        "mde": 0.04155124653739612,
        "count": 361
    },
    "11-8": {
        "mde": 0.16980075442271858,
        "count": 361
    },
    "11-9": {
        "mde": 0.026943660749464787,
        "count": 361
    },
    "2-1": {
        "mde": 0.1212165057077879,
        "count": 361
    },
    "2-11": {
        "mde": 0.07437995809437764,
        "count": 361
    },
    "3-1": {
        "mde": 0.019008038510209345,
        "count": 361
    },
    "3-11": {
        "mde": 0.2829626984958386,
        "count": 361
    },
    "4-1": {
        "mde": 0.37074160695150865,
        "count": 361
    },
    "4-11": {
        "mde": 0.1800408121667647,
        "count": 361
    },
    "5-1": {
        "mde": 0.2211755137206852,
        "count": 361
    },
    "5-11": {
        "mde": 0.1169465952653412,
        "count": 361
    },
    "6-1": {
        "mde": 0.3237324361067467,
        "count": 361
    },
    "6-10": {
        "mde": 0.125778130111954,
        "count": 361
    },
    "6-11": {
        "mde": 0.19506592094751607,
        "count": 361
    },
    "6-2": {
        "mde": 0.2669604706898316,
        "count": 361
    },
    "6-3": {
        "mde": 1.0282728814237214,
        "count": 361
    },
    "6-4": {
        "mde": 0.20686418092492084,
        "count": 361
    },
    "6-5": {
        "mde": 0.5249796882532408,
        "count": 361
    },
    "6-6": {
        "mde": 0.14003254191487863,
        "count": 361
    },
    "6-7": {
        "mde": 0.2724359739240138,
        "count": 361
    },
    "6-8": {
        "mde": 0.572772616742675,
        "count": 361
    },
    "6-9": {
        "mde": 0.31704054431508233,
        "count": 361
    },
    "7-1": {
        "mde": 0.12459502311379535,
        "count": 361
    },
    "7-11": {
        "mde": 0.26938963301434604,
        "count": 361
    },
    "8-1": {
        "mde": 0.03988919667590028,
        "count": 361
    },
    "8-11": {
        "mde": 0.07191494830526746,
        "count": 361
    },
    "9-1": {
        "mde": 0.39490493232384116,
        "count": 361
    },
    "9-11": {
        "mde": 0.29127294780331775,
        "count": 361
    }
}