{
    "1-1": {
        "mde": 0.01658291457286432,
        "count": 398
    },
    "1-10": {
        "mde": 0.01277206425376821,
        "count": 398
    },
    "1-11": {
        "mde": 0.03692390304201392,
        "count": 398
    },
    "1-2": {
        "mde": 0.005771498178009331,
        "count": 398
    },
    "1-3": {
        "mde": 0.08447095688702744,
        "count": 398
    },
    "1-4": {
        "mde": 0.009045226130653266,
        "count": 398
    },
    "1-5": {
        "mde": 0.019597989949748745,
        "count": 398
    },
    "1-6": {
        "mde": 0.034673366834170855,
        "count": 398
    },
    "1-7": {
        "mde": 0.026264630806818026,
        "count": 398
    },
    "1-8": {
        "mde": 0.08600875987190142,
        "count": 398
    },
    "1-9": {
        "mde": 0.01989654124701342,
        "count": 398
    },
    "10-1": {
        "mde": 0.01920417419503998,
        "count": 398
    },
    "10-11": {
        "mde": 0.030775196325185567,
        "count": 398
    },
    "11-1": {
        "mde": 0.03618090452261306,
        "count": 398
    },
    "11-10": {
        "mde": 0.012416182880652951,
        "count": 398
    },
    "11-11": {
        "mde": 0.012060301507537686,
        "count": 398
    },
    "11-2": {
        "mde": 0.07988929078645278,
        "count": 398
    },
    "11-3": {
        "mde": 0.04212704308040074,
        "count": 398
    },
    "11-4": {
        "mde": 0.0327969633313711,
        "count": 398
    },
    "11-5": {
        "mde": 0.004522613065326634,
        "count": 398
    },
    "11-6": {
        "mde": 0.055524048082681354,
        "count": 398
    },
    "11-7": {
        "mde": 0.006030150753768843,
        "count": 398
    },
    "11-8": {
        "mde": 0.007537688442211057,
        "count": 398
    },
    "11-9": {
        "mde": 0.004522613065326634,
        "count": 398
    },
    "2-1": {
        "mde": 0.010552763819095479,
        "count": 398
    },
    "2-11": {
        "mde": 0.12066670021915164,
        "count": 398
    },
    "3-1": {
        "mde": 0.012791881468701362,
        "count": 398
    },
    "3-11": {
        "mde": 0.02619102544386385,
        "count": 398
    },
    "4-1": {
        "mde": 0.010918553799677315,
        "count": 398
    },
    "4-11": {
        "mde": 0.019110481036175075,
        "count": 398
    },
    "5-1": {
        "mde": 0.15639678219897232,
        "count": 398
    },
    "5-11": {
        "mde": 0.024748353565324732,
        "count": 398
    },
    "6-1": {
        "mde": 0.004522613065326634,
        "count": 398
    },
    "6-10": {
        "mde": 0.01491395310601835,
        "count": 398
    },
    "6-11": {
        "mde": 0.019597989949748745,
        "count": 398
    },
    "6-2": {
        "mde": 0.013998065254953831,
        "count": 398
    },
    "6-3": {
        "mde": 0.004522613065326634,
        "count": 398
    },
    "6-4": {
        "mde": 0.06188822723898232,
        "count": 398
    },
    "6-5": {
        "mde": 0.024701253478092218,
        "count": 398
    },
    "6-6": {
        "mde": 0.007537688442211055,
        "count": 398
    },
    "6-7": {
        "mde": 0.05651138708703176,
        "count": 398
    },
    "6-8": {
        "mde": 0.10193369984655626,
        "count": 398
    },
    "6-9": {
        "mde": 0.03356141536425584,
        "count": 398
    },
    "7-1": {
        "mde": 0.007279035866451544,
        "count": 398
    },
    "7-11": {
        "mde": 0.012167438912360011,
        "count": 398
    },
    "8-1": {
        "mde": 0.019734923592516423,
        "count": 398
    },
    "8-11": {
        "mde": 0.004767252754022682,
        "count": 398
    },
    "9-1": {
        "mde": 0.11719392023171751,
        "count": 398
    },
    "9-11": {
        "mde": 0.006386032126884104,
        "count": 398
    }
}