{
    "1-1": {
        "mde": 0.0028846153846153843,
        "count": 416
    },
    "1-10": {
        "mde": 0.02630202112139392,
        "count": 416
    },
    "1-11": {
        "mde": 0.021634615384615384,
        "count": 416
    },
    "1-2": {
        "mde": 0.022473027032203698,
        "count": 416
    },
    "1-3": {
        "mde": 0.021634615384615384,
        "count": 416
    },
    "1-4": {
        "mde": 0.017541746625242858,
        "count": 416
    },
    "1-5": {
        "mde": 0.011538461538461537,
        "count": 416
    },
    "1-6": {
        "mde": 0.04471153846153846,
        "count": 416
    },
    "1-7": {
        "mde": 0.040955881809189146,
        "count": 416
    },
    "1-8": {
        "mde": 0.04825865798213472,
        "count": 416
    },
    "1-9": {
        "mde": 0.023900705002777446,
        "count": 416
    },
    "10-1": {
        "mde": 0.017657654837191276,
        "count": 416
    },
    "10-11": {
        "mde": 0.0014423076923076937,
        "count": 416
    },
    "11-1": {
        "mde": 0.03482038791884271,
        "count": 416
    },
    "11-10": {
        "mde": 0.014773039452575888,
        "count": 416
    },
    "11-11": {
        "mde": 0.023076923076923075,
        "count": 416
    },
    "11-2": {
        "mde": 0.04676414495556221,
        "count": 416
    },
    "11-3": {
        "mde": 0.02451923076923077,
        "count": 416
    },
    "11-4": {
        "mde": 0.001442307692307692,
        "count": 416
    },
    "11-5": {
        "mde": 0.00576923076923077,
        "count": 416
    },
    "11-6": {
        "mde": 0.056249999999999994,
        "count": 416
    },
    "11-7": {
        "mde": 0.012980769230769228,
        "count": 416
    },
    "11-8": {
        "mde": 0.012980769230769231,
        "count": 416
    },
    "11-9": {
        "mde": 0.02019230769230769,
        "count": 416
    },
    "2-1": {
        "mde": 0.0,
        "count": 416
    },
    "2-11": {
        "mde": 0.011538461538461537,
        "count": 416
    },
    "3-1": {
        "mde": 0.0014423076923076926,
        "count": 416
    },
    "3-11": {
        "mde": 0.008406385276076237,
        "count": 416
    },
    "4-1": {
        "mde": 0.011650510428553223,
        "count": 416
    },
    "4-11": {
        "mde": 0.05230071723048676,
        "count": 416
    },
    "5-1": {
        "mde": 0.05677943850975965,
        "count": 416
    },
    "5-11": {
        "mde": 0.011538461538461536,
        "count": 416
    },
    "6-1": {
        "mde": 0.012980769230769231,
        "count": 416
    },
    "6-10": {
        "mde": 0.013448877865870321,
        "count": 416
    },
    "6-11": {
        "mde": 0.057692307692307696,
        "count": 416
    },
    "6-2": {
        "mde": 0.02107536431186346,
        "count": 416
    },
    "6-3": {
        "mde": 0.07607573737807558,
        "count": 416
    },
    "6-4": {
        "mde": 0.01786321847182861,
        "count": 416
    },
    "6-5": {
        "mde": 0.0810385636720208,
        "count": 416
    },
    "6-6": {
        "mde": 0.08179797099312544,
        "count": 416
    },
    "6-7": {
        "mde": 0.2102005654178112,
        "count": 416
    },
    "6-8": {
        "mde": 0.02582490575258435,
        "count": 416
    },
    "6-9": {
        "mde": 0.04506523560230018,
        "count": 416
    },
    "7-1": {
        "mde": 0.09078261447200922,
        "count": 416
    },
    "7-11": {
        "mde": 0.05071950729893718,
        "count": 416
    },
    "8-1": {
        "mde": 0.014342699870191093,
        "count": 416
    },
    "8-11": {
        "mde": 0.028846153846153848,
        "count": 416
    },
    "9-1": {
        "mde": 0.0,
        "count": 416
    },
    "9-11": {
        "mde": 0.012980769230769231,
        "count": 416
    }
}