{
    "1-1": {
        "mde": 0.017910447761194027,
        "count": 402
    },
    "1-10": {
        "mde": 0.007462686567164178,
        "count": 402
    },
    "1-11": {
        "mde": 0.0,
        "count": 402
    },
    "1-2": {
        "mde": 0.022600202423479033,
        "count": 402
    },
    "1-3": {
        "mde": 0.0,
        "count": 402
    },
    "1-4": {
        "mde": 0.03481276913483098,
        "count": 402
    },
    "1-5": {
        "mde": 0.0381242832716622,
        "count": 402
    },
    "1-6": {
        "mde": 0.01522095377191876,
        "count": 402
    },
    "1-7": {
        "mde": 0.010762839628250713,
        "count": 402
    },
    "1-8": {
        "mde": 0.01666011591069907,
        "count": 402
    },
    "1-9": {
        "mde": 0.0,
        "count": 402
    },
    "10-1": {
        "mde": 0.09324180290288074,
        "count": 402
    },
    "10-11": {
        "mde": 0.024498826212497153,
        "count": 402
    },
    "11-1": {
        "mde": 0.029850746268656716,
        "count": 402
    },
    "11-10": {
        "mde": 0.05824493542404442,
        "count": 402
    },
    "11-11": {
        "mde": 0.03134328358208955,
        "count": 402
    },
    "11-2": {
        "mde": 0.007704892030102058,
        "count": 402
    },
    "11-3": {
        "mde": 0.0029850746268656717,
        "count": 402
    },
    "11-4": {
        "mde": 0.011940298507462688,
        "count": 402
    },
    "11-5": {
        "mde": 0.01839485868706979,
        "count": 402
    },
    "11-6": {
        "mde": 0.10536023641872579,
        "count": 402
    },
    "11-7": {
        "mde": 0.013432835820895524,
        "count": 402
    },
    "11-8": {
        "mde": 0.028358208955223885,
        "count": 402
    },
    "11-9": {
        "mde": 0.05377713349810339,
        "count": 402
    },
    "2-1": {
        "mde": 0.02336190424253512,
        "count": 402
    },
    "2-11": {
        "mde": 0.04620765502001435,
        "count": 402
    },
    "3-1": {
        "mde": 0.04414345376707631,
        "count": 402
    },
    "3-11": {
        "mde": 0.004477611940298507,
        "count": 402
    },
    "4-1": {
        "mde": 0.036923042377743444,
        "count": 402
    },
    "4-11": {
        "mde": 0.020024489350744384,
        "count": 402
    },
    "5-1": {
        "mde": 0.0,
        "count": 402
    },
    "5-11": {
        "mde": 0.08009795740297754,
        "count": 402
    },
    "6-1": {
        "mde": 0.040046196857978056,
        "count": 402
    },
    "6-10": {
        "mde": 0.01964519053756474,
        "count": 402
    },
    "6-11": {
        "mde": 0.023880597014925366,
        "count": 402
    },
    "6-2": {
        "mde": 0.012424709433338446,
        "count": 402
    },
    "6-3": {
        "mde": 0.010447761194029851,
        "count": 402
    },
    "6-4": {
        "mde": 0.016417910447761197,
        "count": 402
    },
    "6-5": {
        "mde": 0.038737399284273076,
        "count": 402
    },
    "6-6": {
        "mde": 0.0551131702024963,
        "count": 402
    },
    "6-7": {
        "mde": 0.09610273971120097,
        "count": 402
    },
    "6-8": {
        "mde": 0.15455507578411345,
        "count": 402
    },
    "6-9": {
        "mde": 0.052632887842972396,
        "count": 402
    },
    "7-1": {
        "mde": 0.022388059701492536,
        "count": 402
    },
    "7-11": {
        "mde": 0.01343283582089552,
        "count": 402
    },
    "8-1": {
        "mde": 0.022388059701492533,
        "count": 402
    },
    "8-11": {
        "mde": 0.021899359922103102,
        "count": 402
    },
    "9-1": {
        "mde": 0.03257974197723311,
        "count": 402
    },
    "9-11": {
        "mde": 0.035820895522388055,
        "count": 402
    }
}