{
    "1-1": {
        "mde": 0.4908905416707756,
        "count": 386
    },
    "1-10": {
        "mde": 0.2445669872279134,
        "count": 386
    },
    "1-11": {
        "mde": 0.205807965135906,
        "count": 386
    },
    "1-2": {
        "mde": 0.1776439449442413,
        "count": 386
    },
    "1-3": {
        "mde": 0.044010945853344176,
        "count": 386
    },
    "1-4": {
        "mde": 0.49389869673053266,
        "count": 386
    },
    "1-5": {
        "mde": 0.16476683937823833,
        "count": 386
    },
    "1-6": {
        "mde": 0.0839378238341969,
        "count": 386
    },
    "1-7": {
        "mde": 0.26344691863325487,
        "count": 386
    },
    "1-8": {
        "mde": 0.20950624545803642,
        "count": 386
    },
    "1-9": {
        "mde": 0.2102477205213447,
        "count": 386
    },
    "10-1": {
        "mde": 0.04847813584642015,
        "count": 386
    },
    "10-11": {
        "mde": 0.0951500571537768,
        "count": 386
    },
    "11-1": {
        "mde": 0.4440792605772887,
        "count": 386
    },
    "11-10": {
        "mde": 0.01281239485044448,
        "count": 386
    },
    "11-11": {
        "mde": 0.026424870466321238,
        "count": 386
    },
    "11-2": {
        "mde": 0.0,
        "count": 386
    },
    "11-3": {
        "mde": 0.05440414507772021,
        "count": 386
    },
    "11-4": {
        "mde": 0.24110302007594134,
        "count": 386
    },
    "11-5": {
        "mde": 0.15699481865284975,
        "count": 386
    },
    "11-6": {
        "mde": 0.14145077720207255,
        "count": 386
    },
    "11-7": {
        "mde": 0.18205664086883577,
        "count": 386
    },
    "11-8": {
        "mde": 0.11628713207384753,
        "count": 386
    },
    "11-9": {
        "mde": 0.07461139896373054,
        "count": 386
    },
    "2-1": {
        "mde": 0.14592743056720697,
        "count": 386
    },
    "2-11": {
        "mde": 0.5745032785835548,
        "count": 386
    },
    "3-1": {
        "mde": 0.061551263854580304,
        "count": 386
    },
    "3-11": {
        "mde": 0.39663993185703744,
        "count": 386
    },
    "4-1": {
        "mde": 0.10265912680010647,
        "count": 386
    },
    "4-11": {
        "mde": 0.263635571930773,
        "count": 386
    },
    "5-1": {
        "mde": 0.0549726626622854,
        "count": 386
    },
    "5-11": {
        "mde": 0.11741445242058898,
        "count": 386
    },
    "6-1": {
        "mde": 0.4490704969534364,
        "count": 386
    },
    "6-10": {
        "mde": 0.0833052741608136,
        "count": 386
    },
    "6-11": {
        "mde": 0.11191709844559583,
        "count": 386
    },
    "6-2": {
        "mde": 0.051950249078183464,
        "count": 386
    },
    "6-3": {
        "mde": 0.010614135427066618,
        "count": 386
    },
    "6-4": {
        "mde": 0.031188026995148947,
        "count": 386
    },
    "6-5": {
        "mde": 0.12939018179445197,
        "count": 386
    },
    "6-6": {
        "mde": 1.0976534723690359,
        "count": 386
    },
    "6-7": {
        "mde": 0.4465430622715998,
        "count": 386
    },
    "6-8": {
        "mde": 0.19388258100480774,
        "count": 386
    },
    "6-9": {
        "mde": 0.2712432971462101,
        "count": 386
    },
    "7-1": {
        "mde": 0.02100502550668271,
        "count": 386
    },
    "7-11": {
        "mde": 0.1139098020459714,
        "count": 386
    },
    "8-1": {
        "mde": 0.11036269430051814,
        "count": 386
    },
    "8-11": {
        "mde": 0.06986156255440286,
        "count": 386
    },
    "9-1": {
        "mde": 0.11022109633050452,
        "count": 386
    },
    "9-11": {
        "mde": 0.03495121457135531,
        "count": 386
    }
}