{
    "1-1": {
        "mde": 0.03616438356164384,
        "count": 365
    },
    "1-10": {
        "mde": 0.1014855357575092,
        "count": 365
    },
    "1-11": {
        "mde": 0.28086133517308415,
        "count": 365
    },
    "1-2": {
        "mde": 1.1458403677200426,
        "count": 365
    },
    "1-3": {
        "mde": 0.07277067489918233,
        "count": 365
    },
    "1-4": {
        "mde": 0.11500897364957396,
        "count": 365
    },
    "1-5": {
        "mde": 0.2733610425653254,
        "count": 365
    },
    "1-6": {
        "mde": 1.035019388635816,
        "count": 365
    },
    "1-7": {
        "mde": 0.25487403851948176,
        "count": 365
    },
    "1-8": {
        "mde": 0.2128816185524022,
        "count": 365
    },
    "1-9": {
        "mde": 0.054572118948798196,
        "count": 365
    },
    "10-1": {
        "mde": 0.4101359343825217,
        "count": 365
    },
    "10-11": {
        "mde": 0.050503398835076575,
        "count": 365
    },
    "11-1": {
        "mde": 0.23178082191780822,
        "count": 365
    },
    "11-10": {
        "mde": 0.026982268869654387,
        "count": 365
    },
    "11-11": {
        "mde": 0.09041095890410959,
        "count": 365
    },
    "11-2": {
        "mde": 0.047314322375227646,
        "count": 365
    },
    "11-3": {
        "mde": 0.20514902444913424,
        "count": 365
    },
    "11-4": {
        "mde": 0.1873972602739726,
        "count": 365
    },
    "11-5": {
        "mde": 0.06410958904109589,
        "count": 365
    },
    "11-6": {
        "mde": 0.05997400162311335,
        "count": 365
    },
    "11-7": {
        "mde": 0.06803040790213892,
        "count": 365
    },
    "11-8": {
        "mde": 0.10356164383561639,
        "count": 365
    },
    "11-9": {
        "mde": 0.3125441250234524,
        "count": 365
    },
    "2-1": {
        "mde": 0.027213531756653912,
        "count": 365
    },
    "2-11": {
        "mde": 0.012040364910142615,
        "count": 365
    },
    "3-1": {
        "mde": 0.1341537091319448,
        "count": 365
    },
    "3-11": {
        "mde": 0.16315511856940318,
        "count": 365
    },
    "4-1": {
        "mde": 0.04373515278158463,
        "count": 365
    },
    "4-11": {
        "mde": 0.026961787809848845,
        "count": 365
    },
    "5-1": {
        "mde": 0.07861321273390336,
        "count": 365
    },
    "5-11": {
        "mde": 0.3697783359669098,
        "count": 365
    },
    "6-1": {
        "mde": 0.41311395426214853,
        "count": 365
    },
    "6-10": {
        "mde": 0.0626885965711421,
        "count": 365
    },
    "6-11": {
        "mde": 0.07569381139204126,
        "count": 365
    },
    "6-2": {
        "mde": 0.14285210866437492,
        "count": 365
    },
    "6-3": {
        "mde": 0.5618833103537371,
        "count": 365
    },
    "6-4": {
        "mde": 0.06680745463685252,
        "count": 365
    },
    "6-5": {
        "mde": 0.14169540662003108,
        "count": 365
    },
    "6-6": {
        "mde": 0.14124792992165344,
        "count": 365
    },
    "6-7": {
        "mde": 0.08460481206153325,
        "count": 365
    },
    "6-8": {
        "mde": 0.18771632244411166,
        "count": 365
    },
    "6-9": {
        "mde": 0.15051456712884606,
        "count": 365
    },
    "7-1": {
        "mde": 0.16968218297271373,
        "count": 365
    },
    "7-11": {
        "mde": 0.31290681555454064,
        "count": 365
    },
    "8-1": {
        "mde": 0.044383561643835605,
        "count": 365
    },
    "8-11": {
        "mde": 0.003287671232876713,
        "count": 365
    },
    "9-1": {
        "mde": 0.20590527349453291,
        "count": 365
    },
    "9-11": {
        "mde": 0.04351583992602671,
        "count": 365
    }
}