{
    "1-1": {
        "mde": 0.02019230769230769,
        "count": 416
    },
    "1-10": {
        "mde": 0.030466017729256237,
        "count": 416
    },
    "1-11": {
        "mde": 0.6766665784924089,
        "count": 416
    },
    "1-2": {
        "mde": 0.013050904582991905,
        "count": 416
    },
    "1-3": {
        "mde": 0.04759615384615386,
        "count": 416
    },
    "1-4": {
        "mde": 0.06889590711870054,
        "count": 416
    },
    "1-5": {
        "mde": 0.0931911013698049,
        "count": 416
    },
    "1-6": {
        "mde": 0.2613335354104406,
        "count": 416
    },
    "1-7": {
        "mde": 0.10159201095365633,
        "count": 416
    },
    "1-8": {
        "mde": 0.6397426408056752,
        "count": 416
    },
    "1-9": {
        "mde": 0.09314885168411549,
        "count": 416
    },
    "10-1": {
        "mde": 0.311655445068081,
        "count": 416
    },
    "10-11": {
        "mde": 0.3172797374129738,
        "count": 416
    },
    "11-1": {
        "mde": 0.2567307692307692,
        "count": 416
    },
    "11-10": {
        "mde": 0.1508782771391965,
        "count": 416
    },
    "11-11": {
        "mde": 0.10012319051624582,
        "count": 416
    },
    "11-2": {
        "mde": 1.0634268046934017,
        "count": 416
    },
    "11-3": {
        "mde": 0.28269230769230774,
        "count": 416
    },
    "11-4": {
        "mde": 0.018749999999999996,
        "count": 416
    },
    "11-5": {
        "mde": 0.23653846153846148,
        "count": 416
    },
    "11-6": {
        "mde": 0.06634615384615386,
        "count": 416
    },
    "11-7": {
        "mde": 0.27403846153846156,
        "count": 416
    },
    "11-8": {
        "mde": 0.10207862999929712,
        "count": 416
    },
    "11-9": {
        "mde": 0.1528846153846154,
        "count": 416
    },
    "2-1": {
        "mde": 0.04590638527607623,
        "count": 416
    },
    "2-11": {
        "mde": 0.2631205996638212,
        "count": 416
    },
    "3-1": {
        "mde": 0.02386993728672569,
        "count": 416
    },
    "3-11": {
        "mde": 0.06900636087073833,
        "count": 416
    },
    "4-1": {
        "mde": 0.10199202099346258,
        "count": 416
    },
    "4-11": {
        "mde": 0.05701936594892009,
        "count": 416
    },
    "5-1": {
        "mde": 0.37449927751297835,
        "count": 416
    },
    "5-11": {
        "mde": 0.2785819327873774,
        "count": 416
    },
    "6-1": {
        "mde": 0.21135672004116063,
        "count": 416
    },
    "6-10": {
        "mde": 0.08166746625242852,
        "count": 416
    },
    "6-11": {
        "mde": 0.12836538461538463,
        "count": 416
    },
    "6-2": {
        "mde": 0.04963588494573042,
        "count": 416
    },
    "6-3": {
        "mde": 0.18064158892751675,
        "count": 416
    },
    "6-4": {
        "mde": 0.27692307692307694,
        "count": 416
    },
    "6-5": {
        "mde": 0.2991391214962974,
        "count": 416
    },
    "6-6": {
        "mde": 0.6036030108994447,
        "count": 416
    },
    "6-7": {
        "mde": 0.8131061721067436,
        "count": 416
    },
    "6-8": {
        "mde": 0.17564496878619718,
        "count": 416
    },
    "6-9": {
        "mde": 0.32337092553012303,
        "count": 416
    },
    "7-1": {
        "mde": 0.6190520532121132,
        "count": 416
    },
    "7-11": {
        "mde": 0.08798076923076924,
        "count": 416
    },
    "8-1": {
        "mde": 0.11344738593676783,
        "count": 416
    },
    "8-11": {
        "mde": 0.015104042242787856,
        "count": 416
    },
    "9-1": {
        "mde": 0.07093588175419517,
        "count": 416
    },
    "9-11": {
        "mde": 0.21304067874879712,
        "count": 416
    }
}