{
    "1-1": {
        "mde": 0.15223880597014922,
        "count": 402
    },
    "1-10": {
        "mde": 0.18126411569745446,
        "count": 402
    },
    "1-11": {
        "mde": 0.14776119402985075,
        "count": 402
    },
    "1-2": {
        "mde": 0.06259869477157355,
        "count": 402
    },
    "1-3": {
        "mde": 0.013349659567162924,
        "count": 402
    },
    "1-4": {
        "mde": 0.022388059701492536,
        "count": 402
    },
    "1-5": {
        "mde": 0.10873864668160887,
        "count": 402
    },
    "1-6": {
        "mde": 0.03880597014925373,
        "count": 402
    },
    "1-7": {
        "mde": 0.03731343283582089,
        "count": 402
    },
    "1-8": {
        "mde": 0.04858073243105028,
        "count": 402
    },
    "1-9": {
        "mde": 0.08244974694145898,
        "count": 402
    },
    "10-1": {
        "mde": 0.13800240147680207,
        "count": 402
    },
    "10-11": {
        "mde": 0.06392302555932267,
        "count": 402
    },
    "11-1": {
        "mde": 0.0543062161300515,
        "count": 402
    },
    "11-10": {
        "mde": 0.05106448273969614,
        "count": 402
    },
    "11-11": {
        "mde": 0.05074626865671641,
        "count": 402
    },
    "11-2": {
        "mde": 0.1245387171792677,
        "count": 402
    },
    "11-3": {
        "mde": 0.038805970149253737,
        "count": 402
    },
    "11-4": {
        "mde": 0.03678740154389097,
        "count": 402
    },
    "11-5": {
        "mde": 0.035820895522388055,
        "count": 402
    },
    "11-6": {
        "mde": 0.13324547221401456,
        "count": 402
    },
    "11-7": {
        "mde": 0.10390377332550493,
        "count": 402
    },
    "11-8": {
        "mde": 0.1997476893952915,
        "count": 402
    },
    "11-9": {
        "mde": 0.12802550394029355,
        "count": 402
    },
    "2-1": {
        "mde": 0.05726702744200793,
        "count": 402
    },
    "2-11": {
        "mde": 0.22719513099759717,
        "count": 402
    },
    "3-1": {
        "mde": 0.025146555168034736,
        "count": 402
    },
    "3-11": {
        "mde": 0.3204053260499196,
        "count": 402
    },
    "4-1": {
        "mde": 0.13331402640648804,
        "count": 402
    },
    "4-11": {
        "mde": 0.24284996525295233,
        "count": 402
    },
    "5-1": {
        "mde": 0.029328778417720722,
        "count": 402
    },
    "5-11": {
        "mde": 0.1628660682197852,
        "count": 402
    },
    "6-1": {
        "mde": 0.1621819459547621,
        "count": 402
    },
    "6-10": {
        "mde": 0.051380128234285324,
        "count": 402
    },
    "6-11": {
        "mde": 0.03582089552238805,
        "count": 402
    },
    "6-2": {
        "mde": 0.24842531057632575,
        "count": 402
    },
    "6-3": {
        "mde": 0.053046298003726636,
        "count": 402
    },
    "6-4": {
        "mde": 0.23086052060878326,
        "count": 402
    },
    "6-5": {
        "mde": 0.1758777409692,
        "count": 402
    },
    "6-6": {
        "mde": 0.12480117082355623,
        "count": 402
    },
    "6-7": {
        "mde": 0.1285634560084499,
        "count": 402
    },
    "6-8": {
        "mde": 0.23284609522122443,
        "count": 402
    },
    "6-9": {
        "mde": 0.041204747172088246,
        "count": 402
    },
    "7-1": {
        "mde": 0.7930525980533869,
        "count": 402
    },
    "7-11": {
        "mde": 0.011940298507462687,
        "count": 402
    },
    "8-1": {
        "mde": 0.05260095624943177,
        "count": 402
    },
    "8-11": {
        "mde": 0.013785176085820578,
        "count": 402
    },
    "9-1": {
        "mde": 0.15820895522388054,
        "count": 402
    },
    "9-11": {
        "mde": 0.04835573975771368,
        "count": 402
    }
}