{
    "1-1": {
        "mde": 0.10828786717815875,
        "count": 398
    },
    "1-10": {
        "mde": 0.11917654237234804,
        "count": 398
    },
    "1-11": {
        "mde": 0.39280082971606933,
        "count": 398
    },
    "1-2": {
        "mde": 0.04974874371859297,
        "count": 398
    },
    "1-3": {
        "mde": 0.14277564735888157,
        "count": 398
    },
    "1-4": {
        "mde": 0.36724454966150355,
        "count": 398
    },
    "1-5": {
        "mde": 0.0271356783919598,
        "count": 398
    },
    "1-6": {
        "mde": 0.20201005025125626,
        "count": 398
    },
    "1-7": {
        "mde": 0.1640783110053086,
        "count": 398
    },
    "1-8": {
        "mde": 0.03341046883442468,
        "count": 398
    },
    "1-9": {
        "mde": 0.053360921690006745,
        "count": 398
    },
    "10-1": {
        "mde": 0.3308689241486292,
        "count": 398
    },
    "10-11": {
        "mde": 0.071885681142809,
        "count": 398
    },
    "11-1": {
        "mde": 0.4073562942957555,
        "count": 398
    },
    "11-10": {
        "mde": 0.00753768844221106,
        "count": 398
    },
    "11-11": {
        "mde": 0.07537688442211056,
        "count": 398
    },
    "11-2": {
        "mde": 0.3183489084420282,
        "count": 398
    },
    "11-3": {
        "mde": 0.19101739286306438,
        "count": 398
    },
    "11-4": {
        "mde": 0.12060301507537688,
        "count": 398
    },
    "11-5": {
        "mde": 0.031807567105918776,
        "count": 398
    },
    "11-6": {
        "mde": 0.14170854271356786,
        "count": 398
    },
    "11-7": {
        "mde": 0.012060301507537686,
        "count": 398
    },
    "11-8": {
        "mde": 0.1341708542713568,
        "count": 398
    },
    "11-9": {
        "mde": 0.07236180904522613,
        "count": 398
    },
    "2-1": {
        "mde": 0.20910021049542915,
        "count": 398
    },
    "2-11": {
        "mde": 0.2836939933949655,
        "count": 398
    },
    "3-1": {
        "mde": 0.18406034405443894,
        "count": 398
    },
    "3-11": {
        "mde": 0.11816660778972063,
        "count": 398
    },
    "4-1": {
        "mde": 0.23335772150033546,
        "count": 398
    },
    "4-11": {
        "mde": 0.16343914608970644,
        "count": 398
    },
    "5-1": {
        "mde": 0.2670555329967325,
        "count": 398
    },
    "5-11": {
        "mde": 0.05984583590685613,
        "count": 398
    },
    "6-1": {
        "mde": 0.39949748743718594,
        "count": 398
    },
    "6-10": {
        "mde": 0.06871152109244529,
        "count": 398
    },
    "6-11": {
        "mde": 0.2452189504367195,
        "count": 398
    },
    "6-2": {
        "mde": 0.3606186582435214,
        "count": 398
    },
    "6-3": {
        "mde": 0.02864321608040201,
        "count": 398
    },
    "6-4": {
        "mde": 0.17374847788447426,
        "count": 398
    },
    "6-5": {
        "mde": 0.16123727264391405,
        "count": 398
    },
    "6-6": {
        "mde": 0.5180542630478461,
        "count": 398
    },
    "6-7": {
        "mde": 0.21094970564086146,
        "count": 398
    },
    "6-8": {
        "mde": 0.49216409900845365,
        "count": 398
    },
    "6-9": {
        "mde": 0.029874352502098443,
        "count": 398
    },
    "7-1": {
        "mde": 0.23692805677412312,
        "count": 398
    },
    "7-11": {
        "mde": 0.0015075376884422112,
        "count": 398
    },
    "8-1": {
        "mde": 0.4174838597841047,
        "count": 398
    },
    "8-11": {
        "mde": 0.43537918049538765,
        "count": 398
    },
    "9-1": {
        "mde": 0.12860042967587496,
        "count": 398
    },
    "9-11": {
        "mde": 0.0,
        "count": 398
    }
}