{
    "1-1": {
        "mde": 0.3697378874864403,
        "count": 365
    },
    "1-10": {
        "mde": 0.878058128264189,
        "count": 365
    },
    "1-11": {
        "mde": 0.9933095804250767,
        "count": 365
    },
    "1-2": {
        "mde": 0.25856369559577125,
        "count": 365
    },
    "1-3": {
        "mde": 0.1248190697067505,
        "count": 365
    },
    "1-4": {
        "mde": 1.1426736284670949,
        "count": 365
    },
    "1-5": {
        "mde": 0.516176028838218,
        "count": 365
    },
    "1-6": {
        "mde": 0.05897277900047183,
        "count": 365
    },
    "1-7": {
        "mde": 0.5563183684532519,
        "count": 365
    },
    "1-8": {
        "mde": 1.6141034018089662,
        "count": 365
    },
    "1-9": {
        "mde": 0.4353944961943817,
        "count": 365
    },
    "10-1": {
        "mde": 0.049066615564596336,
        "count": 365
    },
    "10-11": {
        "mde": 0.9833865155183397,
        "count": 365
    },
    "11-1": {
        "mde": 0.32942979326701294,
        "count": 365
    },
    "11-10": {
        "mde": 0.21425940027763446,
        "count": 365
    },
    "11-11": {
        "mde": 0.695471771674988,
        "count": 365
    },
    "11-2": {
        "mde": 0.15001942932514079,
        "count": 365
    },
    "11-3": {
        "mde": 0.2359256700846689,
        "count": 365
    },
    "11-4": {
        "mde": 0.0789041095890411,
        "count": 365
    },
    "11-5": {
        "mde": 0.17095890410958903,
        "count": 365
    },
    "11-6": {
        "mde": 0.22724163363368632,
        "count": 365
    },
    "11-7": {
        "mde": 0.07792294395194442,
        "count": 365
    },
    "11-8": {
        "mde": 0.15652112420141104,
        "count": 365
    },
    "11-9": {
        "mde": 0.14232405389337743,
        "count": 365
    },
    "2-1": {
        "mde": 0.6550526104902081,
        "count": 365
    },
    "2-11": {
        "mde": 0.29622995443682254,
        "count": 365
    },
    "3-1": {
        "mde": 0.23225389028968363,
        "count": 365
    },
    "3-11": {
        "mde": 0.5409675106574654,
        "count": 365
    },
    "4-1": {
        "mde": 0.2414771670109905,
        "count": 365
    },
    "4-11": {
        "mde": 0.06954100476348966,
        "count": 365
    },
    "5-1": {
        "mde": 0.5905376197543497,
        "count": 365
    },
    "5-11": {
        "mde": 0.4683176365682275,
        "count": 365
    },
    "6-1": {
        "mde": 0.8065874331501699,
        "count": 365
    },
    "6-10": {
        "mde": 0.16610139188615874,
        "count": 365
    },
    "6-11": {
        "mde": 0.36575396940671495,
        "count": 365
    },
    "6-2": {
        "mde": 0.2643130618438987,
        "count": 365
    },
    "6-3": {
        "mde": 0.6783848380821003,
        "count": 365
    },
    "6-4": {
        "mde": 0.480345654142043,
        "count": 365
    },
    "6-5": {
        "mde": 0.3628183481924468,
        "count": 365
    },
    "6-6": {
        "mde": 0.6901637875745197,
        "count": 365
    },
    "6-7": {
        "mde": 0.6923151675837952,
        "count": 365
    },
    "6-8": {
        "mde": 0.5694005640950004,
        "count": 365
    },
    "6-9": {
        "mde": 0.4359911900662273,
        "count": 365
    },
    "7-1": {
        "mde": 0.035367825827821685,
        "count": 365
    },
    "7-11": {
        "mde": 0.3812222609660239,
        "count": 365
    },
    "8-1": {
        "mde": 0.04876147296033796,
        "count": 365
    },
    "8-11": {
        "mde": 0.1609897457999802,
        "count": 365
    },
    "9-1": {
        "mde": 0.29281205171871205,
        "count": 365
    },
    "9-11": {
        "mde": 0.06397943453983437,
        "count": 365
    }
}