{
    "1-1": {
        "mde": 0.008653846153846154,
        "count": 416
    },
    "1-10": {
        "mde": 0.4521243837974976,
        "count": 416
    },
    "1-11": {
        "mde": 0.33955106443328475,
        "count": 416
    },
    "1-2": {
        "mde": 0.17766188138066763,
        "count": 416
    },
    "1-3": {
        "mde": 0.20960288481156028,
        "count": 416
    },
    "1-4": {
        "mde": 0.2954317309338774,
        "count": 416
    },
    "1-5": {
        "mde": 0.38413505838056766,
        "count": 416
    },
    "1-6": {
        "mde": 0.20905216429989215,
        "count": 416
    },
    "1-7": {
        "mde": 0.7725030900896356,
        "count": 416
    },
    "1-8": {
        "mde": 0.4385178927859566,
        "count": 416
    },
    "1-9": {
        "mde": 0.45149110003558884,
        "count": 416
    },
    "10-1": {
        "mde": 0.26287058115703893,
        "count": 416
    },
    "10-11": {
        "mde": 0.8662150818986297,
        "count": 416
    },
    "11-1": {
        "mde": 0.11826923076923077,
        "count": 416
    },
    "11-10": {
        "mde": 0.471663788639424,
        "count": 416
    },
    "11-11": {
        "mde": 0.4146862562025124,
        "count": 416
    },
    "11-2": {
        "mde": 0.11219946710586967,
        "count": 416
    },
    "11-3": {
        "mde": 0.12403846153846154,
        "count": 416
    },
    "11-4": {
        "mde": 0.012980769230769228,
        "count": 416
    },
    "11-5": {
        "mde": 0.11697159081978172,
        "count": 416
    },
    "11-6": {
        "mde": 0.31070600061486636,
        "count": 416
    },
    "11-7": {
        "mde": 0.25651885352655907,
        "count": 416
    },
    "11-8": {
        "mde": 0.336914591944553,
        "count": 416
    },
    "11-9": {
        "mde": 0.027403846153846147,
        "count": 416
    },
    "2-1": {
        "mde": 0.7803962652341025,
        "count": 416
    },
    "2-11": {
        "mde": 0.18134149738702549,
        "count": 416
    },
    "3-1": {
        "mde": 0.03010384296294179,
        "count": 416
    },
    "3-11": {
        "mde": 0.8377029316218819,
        "count": 416
    },
    "4-1": {
        "mde": 0.4419548447594052,
        "count": 416
    },
    "4-11": {
        "mde": 0.22098058187826408,
        "count": 416
    },
    "5-1": {
        "mde": 0.7070126770657416,
        "count": 416
    },
    "5-11": {
        "mde": 0.008653846153846153,
        "count": 416
    },
    "6-1": {
        "mde": 0.6587982048487072,
        "count": 416
    },
    "6-10": {
        "mde": 0.11937867166194514,
        "count": 416
    },
    "6-11": {
        "mde": 0.3725701482740681,
        "count": 416
    },
    "6-2": {
        "mde": 0.7473117018399248,
        "count": 416
    },
    "6-3": {
        "mde": 0.16036599520190406,
        "count": 416
    },
    "6-4": {
        "mde": 0.46600147563848904,
        "count": 416
    },
    "6-5": {
        "mde": 0.6649543631735031,
        "count": 416
    },
    "6-6": {
        "mde": 0.6773536696972943,
        "count": 416
    },
    "6-7": {
        "mde": 0.24307756237579084,
        "count": 416
    },
    "6-8": {
        "mde": 0.2646265216408176,
        "count": 416
    },
    "6-9": {
        "mde": 0.363785781020416,
        "count": 416
    },
    "7-1": {
        "mde": 0.6337358523559042,
        "count": 416
    },
    "7-11": {
        "mde": 0.061918949650484514,
        "count": 416
    },
    "8-1": {
        "mde": 0.061854318987612275,
        "count": 416
    },
    "8-11": {
        "mde": 0.0887409964985939,
        "count": 416
    },
    "9-1": {
        "mde": 0.5547869038332196,
        "count": 416
    },
    "9-11": {
        "mde": 0.4587555689705673,
        "count": 416
    }
}