{
    "1-1": {
        "mde": 0.31242831236887375,
        "count": 402
    },
    "1-10": {
        "mde": 0.20717587551311714,
        "count": 402
    },
    "1-11": {
        "mde": 0.6916799854442562,
        "count": 402
    },
    "1-2": {
        "mde": 0.06243048824588984,
        "count": 402
    },
    "1-3": {
        "mde": 0.057468662563211134,
        "count": 402
    },
    "1-4": {
        "mde": 0.964653269939734,
        "count": 402
    },
    "1-5": {
        "mde": 0.18245029987293232,
        "count": 402
    },
    "1-6": {
        "mde": 0.12968832182438067,
        "count": 402
    },
    "1-7": {
        "mde": 0.5202256588877889,
        "count": 402
    },
    "1-8": {
        "mde": 0.2715472569647776,
        "count": 402
    },
    "1-9": {
        "mde": 0.11002532976827539,
        "count": 402
    },
    "10-1": {
        "mde": 0.4542144635083241,
        "count": 402
    },
    "10-11": {
        "mde": 0.6710612528979083,
        "count": 402
    },
    "11-1": {
        "mde": 0.06179570781706394,
        "count": 402
    },
    "11-10": {
        "mde": 0.4210623423899722,
        "count": 402
    },
    "11-11": {
        "mde": 0.2537313432835821,
        "count": 402
    },
    "11-2": {
        "mde": 0.7382843507159902,
        "count": 402
    },
    "11-3": {
        "mde": 0.055223880597014934,
        "count": 402
    },
    "11-4": {
        "mde": 0.10257961503257222,
        "count": 402
    },
    "11-5": {
        "mde": 0.3498182295514749,
        "count": 402
    },
    "11-6": {
        "mde": 0.025373134328358207,
        "count": 402
    },
    "11-7": {
        "mde": 0.3113318553365466,
        "count": 402
    },
    "11-8": {
        "mde": 0.07014925373134329,
        "count": 402
    },
    "11-9": {
        "mde": 0.43323888444292885,
        "count": 402
    },
    "2-1": {
        "mde": 0.15378154499767907,
        "count": 402
    },
    "2-11": {
        "mde": 0.26492603877351123,
        "count": 402
    },
    "3-1": {
        "mde": 0.27434345786709846,
        "count": 402
    },
    "3-11": {
        "mde": 0.4679010499608464,
        "count": 402
    },
    "4-1": {
        "mde": 0.6782028558672197,
        "count": 402
    },
    "4-11": {
        "mde": 0.041871685056658475,
        "count": 402
    },
    "5-1": {
        "mde": 0.5086044879731565,
        "count": 402
    },
    "5-11": {
        "mde": 0.42282454560295013,
        "count": 402
    },
    "6-1": {
        "mde": 0.8526035183161901,
        "count": 402
    },
    "6-10": {
        "mde": 0.37482139888644056,
        "count": 402
    },
    "6-11": {
        "mde": 0.25521763122268387,
        "count": 402
    },
    "6-2": {
        "mde": 0.5431086065599214,
        "count": 402
    },
    "6-3": {
        "mde": 0.38556542892570905,
        "count": 402
    },
    "6-4": {
        "mde": 0.36777196230778625,
        "count": 402
    },
    "6-5": {
        "mde": 0.19385941601579987,
        "count": 402
    },
    "6-6": {
        "mde": 0.1793691356953385,
        "count": 402
    },
    "6-7": {
        "mde": 0.3622476572791129,
        "count": 402
    },
    "6-8": {
        "mde": 0.3862064147816133,
        "count": 402
    },
    "6-9": {
        "mde": 0.3132235696601415,
        "count": 402
    },
    "7-1": {
        "mde": 0.4968634536870328,
        "count": 402
    },
    "7-11": {
        "mde": 0.06311735923315537,
        "count": 402
    },
    "8-1": {
        "mde": 0.3890417180961551,
        "count": 402
    },
    "8-11": {
        "mde": 0.2637912585345497,
        "count": 402
    },
    "9-1": {
        "mde": 0.4241927988504012,
        "count": 402
    },
    "9-11": {
        "mde": 0.37759782559233235,
        "count": 402
    }
}