{
    "1-1": {
        "mde": 0.15764950875619888,
        "count": 398
    },
    "1-10": {
        "mde": 0.12043021370068308,
        "count": 398
    },
    "1-11": {
        "mde": 0.2860674836731037,
        "count": 398
    },
    "1-2": {
        "mde": 0.03768844221105527,
        "count": 398
    },
    "1-3": {
        "mde": 0.2681267009177869,
        "count": 398
    },
    "1-4": {
        "mde": 0.5146092204941032,
        "count": 398
    },
    "1-5": {
        "mde": 0.7571877936440661,
        "count": 398
    },
    "1-6": {
        "mde": 0.19597989949748743,
        "count": 398
    },
    "1-7": {
        "mde": 0.40503413617175715,
        "count": 398
    },
    "1-8": {
        "mde": 0.8858589311516152,
        "count": 398
    },
    "1-9": {
        "mde": 0.04350346848562927,
        "count": 398
    },
    "10-1": {
        "mde": 0.07504516564086941,
        "count": 398
    },
    "10-11": {
        "mde": 0.45101604478425644,
        "count": 398
    },
    "11-1": {
        "mde": 0.22785246576441848,
        "count": 398
    },
    "11-10": {
        "mde": 0.08325498722300312,
        "count": 398
    },
    "11-11": {
        "mde": 0.15155998744296056,
        "count": 398
    },
    "11-2": {
        "mde": 0.14807566138810271,
        "count": 398
    },
    "11-3": {
        "mde": 0.03316582914572865,
        "count": 398
    },
    "11-4": {
        "mde": 0.03691248448377674,
        "count": 398
    },
    "11-5": {
        "mde": 0.36636334519320995,
        "count": 398
    },
    "11-6": {
        "mde": 0.139911545578053,
        "count": 398
    },
    "11-7": {
        "mde": 0.03901599952435342,
        "count": 398
    },
    "11-8": {
        "mde": 0.01055276381909548,
        "count": 398
    },
    "11-9": {
        "mde": 0.14838926197915947,
        "count": 398
    },
    "2-1": {
        "mde": 0.20113905367672036,
        "count": 398
    },
    "2-11": {
        "mde": 0.813176623691971,
        "count": 398
    },
    "3-1": {
        "mde": 0.011509166254022048,
        "count": 398
    },
    "3-11": {
        "mde": 0.2897461683923412,
        "count": 398
    },
    "4-1": {
        "mde": 0.4271862487700347,
        "count": 398
    },
    "4-11": {
        "mde": 0.17623271220482817,
        "count": 398
    },
    "5-1": {
        "mde": 0.3898904968791568,
        "count": 398
    },
    "5-11": {
        "mde": 0.35857713890412146,
        "count": 398
    },
    "6-1": {
        "mde": 0.672985888470441,
        "count": 398
    },
    "6-10": {
        "mde": 0.30983572325733416,
        "count": 398
    },
    "6-11": {
        "mde": 0.49363252042006717,
        "count": 398
    },
    "6-2": {
        "mde": 0.11982883436274516,
        "count": 398
    },
    "6-3": {
        "mde": 0.3791032852936004,
        "count": 398
    },
    "6-4": {
        "mde": 0.06628020295902202,
        "count": 398
    },
    "6-5": {
        "mde": 0.42602360192323074,
        "count": 398
    },
    "6-6": {
        "mde": 0.2234203484399127,
        "count": 398
    },
    "6-7": {
        "mde": 0.4007583544521834,
        "count": 398
    },
    "6-8": {
        "mde": 0.3207627364012253,
        "count": 398
    },
    "6-9": {
        "mde": 0.5293124659149562,
        "count": 398
    },
    "7-1": {
        "mde": 1.1813866993719886,
        "count": 398
    },
    "7-11": {
        "mde": 0.1529372198073008,
        "count": 398
    },
    "8-1": {
        "mde": 0.3229213031634912,
        "count": 398
    },
    "8-11": {
        "mde": 0.3265049614250219,
        "count": 398
    },
    "9-1": {
        "mde": 0.29591968804651086,
        "count": 398
    },
    "9-11": {
        "mde": 0.0874504025310228,
        "count": 398
    }
}