{
    "1-1": {
        "mde": 0.23596826187802958,
        "count": 386
    },
    "1-10": {
        "mde": 0.12897048610992307,
        "count": 386
    },
    "1-11": {
        "mde": 0.24960709336446457,
        "count": 386
    },
    "1-2": {
        "mde": 0.22239810987367414,
        "count": 386
    },
    "1-3": {
        "mde": 0.18690121920600247,
        "count": 386
    },
    "1-4": {
        "mde": 0.09188022214848021,
        "count": 386
    },
    "1-5": {
        "mde": 0.4437384128779492,
        "count": 386
    },
    "1-6": {
        "mde": 0.18055491499774448,
        "count": 386
    },
    "1-7": {
        "mde": 0.3241072972072424,
        "count": 386
    },
    "1-8": {
        "mde": 0.3174803537342449,
        "count": 386
    },
    "1-9": {
        "mde": 0.19177689377133705,
        "count": 386
    },
    "10-1": {
        "mde": 0.09458297170709655,
        "count": 386
    },
    "10-11": {
        "mde": 0.2153475085588202,
        "count": 386
    },
    "11-1": {
        "mde": 0.16787564766839377,
        "count": 386
    },
    "11-10": {
        "mde": 0.0735378187958408,
        "count": 386
    },
    "11-11": {
        "mde": 0.04670965122454023,
        "count": 386
    },
    "11-2": {
        "mde": 0.15654964623251735,
        "count": 386
    },
    "11-3": {
        "mde": 0.17373994668613268,
        "count": 386
    },
    "11-4": {
        "mde": 0.3255676643827571,
        "count": 386
    },
    "11-5": {
        "mde": 0.1305699481865285,
        "count": 386
    },
    "11-6": {
        "mde": 0.14180367349619136,
        "count": 386
    },
    "11-7": {
        "mde": 0.1939065779369422,
        "count": 386
    },
    "11-8": {
        "mde": 0.4595740702762765,
        "count": 386
    },
    "11-9": {
        "mde": 0.13752145485233092,
        "count": 386
    },
    "2-1": {
        "mde": 0.0946386189946574,
        "count": 386
    },
    "2-11": {
        "mde": 0.6280681943034465,
        "count": 386
    },
    "3-1": {
        "mde": 0.06672956300300527,
        "count": 386
    },
    "3-11": {
        "mde": 0.3225102919909856,
        "count": 386
    },
    "4-1": {
        "mde": 0.2524476915744374,
        "count": 386
    },
    "4-11": {
        "mde": 0.37797789829794654,
        "count": 386
    },
    "5-1": {
        "mde": 0.16773018070593568,
        "count": 386
    },
    "5-11": {
        "mde": 0.19947508877958578,
        "count": 386
    },
    "6-1": {
        "mde": 0.11311450199109173,
        "count": 386
    },
    "6-10": {
        "mde": 0.3374284888158048,
        "count": 386
    },
    "6-11": {
        "mde": 0.06786824423267969,
        "count": 386
    },
    "6-2": {
        "mde": 0.0627444235657487,
        "count": 386
    },
    "6-3": {
        "mde": 0.06544887607427488,
        "count": 386
    },
    "6-4": {
        "mde": 0.5910291049164487,
        "count": 386
    },
    "6-5": {
        "mde": 0.6822010463642265,
        "count": 386
    },
    "6-6": {
        "mde": 0.38959530224049055,
        "count": 386
    },
    "6-7": {
        "mde": 0.36687272893947537,
        "count": 386
    },
    "6-8": {
        "mde": 0.34672519465330465,
        "count": 386
    },
    "6-9": {
        "mde": 0.1474476479085262,
        "count": 386
    },
    "7-1": {
        "mde": 0.11972925195853856,
        "count": 386
    },
    "7-11": {
        "mde": 0.406692837439132,
        "count": 386
    },
    "8-1": {
        "mde": 0.46940051793257787,
        "count": 386
    },
    "8-11": {
        "mde": 0.36093125270353094,
        "count": 386
    },
    "9-1": {
        "mde": 0.5490288323080916,
        "count": 386
    },
    "9-11": {
        "mde": 0.12668343574656774,
        "count": 386
    }
}