{
    "1-1": {
        "mde": 0.005769230769230769,
        "count": 416
    },
    "1-10": {
        "mde": 0.08625867012883091,
        "count": 416
    },
    "1-11": {
        "mde": 0.11538461538461536,
        "count": 416
    },
    "1-2": {
        "mde": 0.08789832264104677,
        "count": 416
    },
    "1-3": {
        "mde": 0.07211538461538464,
        "count": 416
    },
    "1-4": {
        "mde": 0.12202723741653461,
        "count": 416
    },
    "1-5": {
        "mde": 0.031730769230769236,
        "count": 416
    },
    "1-6": {
        "mde": 0.03437156523294996,
        "count": 416
    },
    "1-7": {
        "mde": 0.07569063545865774,
        "count": 416
    },
    "1-8": {
        "mde": 0.07427177533840951,
        "count": 416
    },
    "1-9": {
        "mde": 0.09821973968306649,
        "count": 416
    },
    "10-1": {
        "mde": 0.1040954063472984,
        "count": 416
    },
    "10-11": {
        "mde": 0.09743704209534237,
        "count": 416
    },
    "11-1": {
        "mde": 0.26837173242095985,
        "count": 416
    },
    "11-10": {
        "mde": 0.012485847475229388,
        "count": 416
    },
    "11-11": {
        "mde": 0.040384615384615366,
        "count": 416
    },
    "11-2": {
        "mde": 0.3187597478309788,
        "count": 416
    },
    "11-3": {
        "mde": 0.4856390194146221,
        "count": 416
    },
    "11-4": {
        "mde": 0.02307692307692308,
        "count": 416
    },
    "11-5": {
        "mde": 0.06778846153846152,
        "count": 416
    },
    "11-6": {
        "mde": 0.08653846153846154,
        "count": 416
    },
    "11-7": {
        "mde": 0.06652371003694854,
        "count": 416
    },
    "11-8": {
        "mde": 0.10887300198207488,
        "count": 416
    },
    "11-9": {
        "mde": 0.07731569895499613,
        "count": 416
    },
    "2-1": {
        "mde": 0.09021465052797883,
        "count": 416
    },
    "2-11": {
        "mde": 0.4033783867175138,
        "count": 416
    },
    "3-1": {
        "mde": 0.01476355958293239,
        "count": 416
    },
    "3-11": {
        "mde": 0.2563741279174946,
        "count": 416
    },
    "4-1": {
        "mde": 0.04822208423107236,
        "count": 416
    },
    "4-11": {
        "mde": 0.08460889902762679,
        "count": 416
    },
    "5-1": {
        "mde": 0.0802809346953827,
        "count": 416
    },
    "5-11": {
        "mde": 0.192507888396634,
        "count": 416
    },
    "6-1": {
        "mde": 0.1122366320352319,
        "count": 416
    },
    "6-10": {
        "mde": 0.09819031835249925,
        "count": 416
    },
    "6-11": {
        "mde": 0.060576923076923084,
        "count": 416
    },
    "6-2": {
        "mde": 0.1768705302577175,
        "count": 416
    },
    "6-3": {
        "mde": 0.5972003677604675,
        "count": 416
    },
    "6-4": {
        "mde": 0.18596271028832193,
        "count": 416
    },
    "6-5": {
        "mde": 0.1408617191655498,
        "count": 416
    },
    "6-6": {
        "mde": 0.22518701981254322,
        "count": 416
    },
    "6-7": {
        "mde": 0.19144183989751692,
        "count": 416
    },
    "6-8": {
        "mde": 0.020477940904594573,
        "count": 416
    },
    "6-9": {
        "mde": 0.48380799794645096,
        "count": 416
    },
    "7-1": {
        "mde": 0.1793839895024896,
        "count": 416
    },
    "7-11": {
        "mde": 0.08569299901657369,
        "count": 416
    },
    "8-1": {
        "mde": 0.082422871484109,
        "count": 416
    },
    "8-11": {
        "mde": 0.047936636506009316,
        "count": 416
    },
    "9-1": {
        "mde": 0.018343770008992646,
        "count": 416
    },
    "9-11": {
        "mde": 0.2855344949206616,
        "count": 416
    }
}