{
    "1-1": {
        "mde": 0.005769230769230769,
        "count": 416
    },
    "1-10": {
        "mde": 0.1867250040873906,
        "count": 416
    },
    "1-11": {
        "mde": 0.18102842705765854,
        "count": 416
    },
    "1-2": {
        "mde": 0.06526138702177835,
        "count": 416
    },
    "1-3": {
        "mde": 0.12403846153846156,
        "count": 416
    },
    "1-4": {
        "mde": 0.09589223275130564,
        "count": 416
    },
    "1-5": {
        "mde": 0.026139094652333165,
        "count": 416
    },
    "1-6": {
        "mde": 0.22975273603489155,
        "count": 416
    },
    "1-7": {
        "mde": 0.0737395008950339,
        "count": 416
    },
    "1-8": {
        "mde": 0.07181560977222444,
        "count": 416
    },
    "1-9": {
        "mde": 0.010238970452297286,
        "count": 416
    },
    "10-1": {
        "mde": 0.0841663544124914,
        "count": 416
    },
    "10-11": {
        "mde": 0.13485212694671872,
        "count": 416
    },
    "11-1": {
        "mde": 0.34759615384615383,
        "count": 416
    },
    "11-10": {
        "mde": 0.034078005285532946,
        "count": 416
    },
    "11-11": {
        "mde": 0.13557692307692307,
        "count": 416
    },
    "11-2": {
        "mde": 0.09872491069196568,
        "count": 416
    },
    "11-3": {
        "mde": 0.2457972695984748,
        "count": 416
    },
    "11-4": {
        "mde": 0.03461538461538461,
        "count": 416
    },
    "11-5": {
        "mde": 0.06201923076923076,
        "count": 416
    },
    "11-6": {
        "mde": 0.07355769230769231,
        "count": 416
    },
    "11-7": {
        "mde": 0.09199032674294717,
        "count": 416
    },
    "11-8": {
        "mde": 0.06451107628524463,
        "count": 416
    },
    "11-9": {
        "mde": 0.06983971889690763,
        "count": 416
    },
    "2-1": {
        "mde": 0.004079462199153159,
        "count": 416
    },
    "2-11": {
        "mde": 0.16828671213099716,
        "count": 416
    },
    "3-1": {
        "mde": 0.012980769230769231,
        "count": 416
    },
    "3-11": {
        "mde": 0.22612678768843783,
        "count": 416
    },
    "4-1": {
        "mde": 0.06429247214991508,
        "count": 416
    },
    "4-11": {
        "mde": 0.07221964749304369,
        "count": 416
    },
    "5-1": {
        "mde": 0.07192618612970432,
        "count": 416
    },
    "5-11": {
        "mde": 0.09044452490264332,
        "count": 416
    },
    "6-1": {
        "mde": 0.08896474521333585,
        "count": 416
    },
    "6-10": {
        "mde": 0.04968923614388939,
        "count": 416
    },
    "6-11": {
        "mde": 0.31298076923076923,
        "count": 416
    },
    "6-2": {
        "mde": 0.19901776675058314,
        "count": 416
    },
    "6-3": {
        "mde": 0.31779099217948015,
        "count": 416
    },
    "6-4": {
        "mde": 0.1558548795654088,
        "count": 416
    },
    "6-5": {
        "mde": 0.09893544458742873,
        "count": 416
    },
    "6-6": {
        "mde": 0.13635211701018896,
        "count": 416
    },
    "6-7": {
        "mde": 0.12218992385514649,
        "count": 416
    },
    "6-8": {
        "mde": 0.03606387620488164,
        "count": 416
    },
    "6-9": {
        "mde": 0.15026630522708034,
        "count": 416
    },
    "7-1": {
        "mde": 0.3717071173796177,
        "count": 416
    },
    "7-11": {
        "mde": 0.07557126642457376,
        "count": 416
    },
    "8-1": {
        "mde": 0.07791552539080158,
        "count": 416
    },
    "8-11": {
        "mde": 0.26598072439180326,
        "count": 416
    },
    "9-1": {
        "mde": 0.02267069308591572,
        "count": 416
    },
    "9-11": {
        "mde": 0.1619853396502418,
        "count": 416
    }
}