{
    "1-1": {
        "mde": 0.27123287671232876,
        "count": 365
    },
    "1-10": {
        "mde": 0.19658110434130213,
        "count": 365
    },
    "1-11": {
        "mde": 0.3726547857340179,
        "count": 365
    },
    "1-2": {
        "mde": 0.20365767341554983,
        "count": 365
    },
    "1-3": {
        "mde": 0.04805928982602706,
        "count": 365
    },
    "1-4": {
        "mde": 0.17197213065260167,
        "count": 365
    },
    "1-5": {
        "mde": 0.0716967585667205,
        "count": 365
    },
    "1-6": {
        "mde": 1.4215998852051484,
        "count": 365
    },
    "1-7": {
        "mde": 0.24999906169364092,
        "count": 365
    },
    "1-8": {
        "mde": 0.1104609443112821,
        "count": 365
    },
    "1-9": {
        "mde": 0.07205394366574928,
        "count": 365
    },
    "10-1": {
        "mde": 0.06474209804523325,
        "count": 365
    },
    "10-11": {
        "mde": 0.1453100870460328,
        "count": 365
    },
    "11-1": {
        "mde": 0.11506849315068493,
        "count": 365
    },
    "11-10": {
        "mde": 0.13751811657450796,
        "count": 365
    },
    "11-11": {
        "mde": 0.21534246575342464,
        "count": 365
    },
    "11-2": {
        "mde": 0.18083912125279286,
        "count": 365
    },
    "11-3": {
        "mde": 0.12043135154787346,
        "count": 365
    },
    "11-4": {
        "mde": 0.11013698630136987,
        "count": 365
    },
    "11-5": {
        "mde": 0.18739726027397258,
        "count": 365
    },
    "11-6": {
        "mde": 0.08383561643835617,
        "count": 365
    },
    "11-7": {
        "mde": 0.04410567434769091,
        "count": 365
    },
    "11-8": {
        "mde": 0.04767123287671232,
        "count": 365
    },
    "11-9": {
        "mde": 0.13805727946017748,
        "count": 365
    },
    "2-1": {
        "mde": 0.04501000444044095,
        "count": 365
    },
    "2-11": {
        "mde": 0.07130198926110157,
        "count": 365
    },
    "3-1": {
        "mde": 0.02329766676644389,
        "count": 365
    },
    "3-11": {
        "mde": 0.08810776242007251,
        "count": 365
    },
    "4-1": {
        "mde": 0.07960913912175821,
        "count": 365
    },
    "4-11": {
        "mde": 0.042522668713019775,
        "count": 365
    },
    "5-1": {
        "mde": 0.1271304837334244,
        "count": 365
    },
    "5-11": {
        "mde": 0.07665622850430046,
        "count": 365
    },
    "6-1": {
        "mde": 0.4191780821917808,
        "count": 365
    },
    "6-10": {
        "mde": 0.14276523946263245,
        "count": 365
    },
    "6-11": {
        "mde": 0.2834896974558903,
        "count": 365
    },
    "6-2": {
        "mde": 0.08661957199473669,
        "count": 365
    },
    "6-3": {
        "mde": 0.1202553332908743,
        "count": 365
    },
    "6-4": {
        "mde": 0.09802735504567223,
        "count": 365
    },
    "6-5": {
        "mde": 0.0609846896113854,
        "count": 365
    },
    "6-6": {
        "mde": 0.21120687833544213,
        "count": 365
    },
    "6-7": {
        "mde": 0.026934517491180008,
        "count": 365
    },
    "6-8": {
        "mde": 0.3050896427701749,
        "count": 365
    },
    "6-9": {
        "mde": 0.16749438985874004,
        "count": 365
    },
    "7-1": {
        "mde": 0.2592514573188858,
        "count": 365
    },
    "7-11": {
        "mde": 0.14822187723352914,
        "count": 365
    },
    "8-1": {
        "mde": 0.10871661965125254,
        "count": 365
    },
    "8-11": {
        "mde": 0.051648139533980494,
        "count": 365
    },
    "9-1": {
        "mde": 0.1104284935913258,
        "count": 365
    },
    "9-11": {
        "mde": 0.026689426812328415,
        "count": 365
    }
}