{
    "1-1": {
        "mde": 0.4963636851072385,
        "count": 386
    },
    "1-10": {
        "mde": 0.04414250617254122,
        "count": 386
    },
    "1-11": {
        "mde": 0.045704338192900804,
        "count": 386
    },
    "1-2": {
        "mde": 0.1305699481865285,
        "count": 386
    },
    "1-3": {
        "mde": 0.24678459577682932,
        "count": 386
    },
    "1-4": {
        "mde": 0.05654672698779511,
        "count": 386
    },
    "1-5": {
        "mde": 0.0612690277694281,
        "count": 386
    },
    "1-6": {
        "mde": 0.027979274611398965,
        "count": 386
    },
    "1-7": {
        "mde": 0.06279183117259764,
        "count": 386
    },
    "1-8": {
        "mde": 0.02642487046632124,
        "count": 386
    },
    "1-9": {
        "mde": 0.2554797531342751,
        "count": 386
    },
    "10-1": {
        "mde": 0.13611481244682286,
        "count": 386
    },
    "10-11": {
        "mde": 0.08314115390186147,
        "count": 386
    },
    "11-1": {
        "mde": 0.13223482043295148,
        "count": 386
    },
    "11-10": {
        "mde": 0.04909476821942698,
        "count": 386
    },
    "11-11": {
        "mde": 0.05595854922279792,
        "count": 386
    },
    "11-2": {
        "mde": 0.0015544041450777201,
        "count": 386
    },
    "11-3": {
        "mde": 0.07123982159820513,
        "count": 386
    },
    "11-4": {
        "mde": 0.16133173547319507,
        "count": 386
    },
    "11-5": {
        "mde": 0.18808290155440413,
        "count": 386
    },
    "11-6": {
        "mde": 0.04818652849740933,
        "count": 386
    },
    "11-7": {
        "mde": 0.018652849740932644,
        "count": 386
    },
    "11-8": {
        "mde": 0.036505618716433014,
        "count": 386
    },
    "11-9": {
        "mde": 0.11627187461989621,
        "count": 386
    },
    "2-1": {
        "mde": 0.1345405353884794,
        "count": 386
    },
    "2-11": {
        "mde": 0.1901547806218952,
        "count": 386
    },
    "3-1": {
        "mde": 0.03442175190750787,
        "count": 386
    },
    "3-11": {
        "mde": 0.06069002841594631,
        "count": 386
    },
    "4-1": {
        "mde": 0.06206086637669302,
        "count": 386
    },
    "4-11": {
        "mde": 0.09478590386511974,
        "count": 386
    },
    "5-1": {
        "mde": 0.01099129711688934,
        "count": 386
    },
    "5-11": {
        "mde": 0.4078375353820179,
        "count": 386
    },
    "6-1": {
        "mde": 0.26503375483511205,
        "count": 386
    },
    "6-10": {
        "mde": 0.07138666703918498,
        "count": 386
    },
    "6-11": {
        "mde": 0.037904401254613224,
        "count": 386
    },
    "6-2": {
        "mde": 0.1496044400836634,
        "count": 386
    },
    "6-3": {
        "mde": 0.0,
        "count": 386
    },
    "6-4": {
        "mde": 0.023693223865988527,
        "count": 386
    },
    "6-5": {
        "mde": 0.9405504090836614,
        "count": 386
    },
    "6-6": {
        "mde": 0.0974335077946832,
        "count": 386
    },
    "6-7": {
        "mde": 0.647148158348825,
        "count": 386
    },
    "6-8": {
        "mde": 0.4712294631751142,
        "count": 386
    },
    "6-9": {
        "mde": 0.20000785538618487,
        "count": 386
    },
    "7-1": {
        "mde": 0.037613532166609696,
        "count": 386
    },
    "7-11": {
        "mde": 0.030554695724599554,
        "count": 386
    },
    "8-1": {
        "mde": 0.19327225033966347,
        "count": 386
    },
    "8-11": {
        "mde": 0.07534528904922215,
        "count": 386
    },
    "9-1": {
        "mde": 0.0684361059362664,
        "count": 386
    },
    "9-11": {
        "mde": 0.06839378238341973,
        "count": 386
    }
}