{
    "1-1": {
        "mde": 0.04602739726027397,
        "count": 365
    },
    "1-10": {
        "mde": 0.10146108401318989,
        "count": 365
    },
    "1-11": {
        "mde": 0.18550955847344386,
        "count": 365
    },
    "1-2": {
        "mde": 0.0762973373628051,
        "count": 365
    },
    "1-3": {
        "mde": 0.04273972602739726,
        "count": 365
    },
    "1-4": {
        "mde": 0.23037068004505964,
        "count": 365
    },
    "1-5": {
        "mde": 0.023013698630136994,
        "count": 365
    },
    "1-6": {
        "mde": 0.8209093127248327,
        "count": 365
    },
    "1-7": {
        "mde": 0.15632715536481007,
        "count": 365
    },
    "1-8": {
        "mde": 0.10783785319871837,
        "count": 365
    },
    "1-9": {
        "mde": 0.024565926427395877,
        "count": 365
    },
    "10-1": {
        "mde": 0.020406926403900977,
        "count": 365
    },
    "10-11": {
        "mde": 0.15912639117856048,
        "count": 365
    },
    "11-1": {
        "mde": 0.1906849315068493,
        "count": 365
    },
    "11-10": {
        "mde": 0.003287671232876715,
        "count": 365
    },
    "11-11": {
        "mde": 0.1857534246575342,
        "count": 365
    },
    "11-2": {
        "mde": 0.04484005239097381,
        "count": 365
    },
    "11-3": {
        "mde": 0.12921460483637914,
        "count": 365
    },
    "11-4": {
        "mde": 0.13517514445763476,
        "count": 365
    },
    "11-5": {
        "mde": 0.14794520547945206,
        "count": 365
    },
    "11-6": {
        "mde": 0.08219178082191783,
        "count": 365
    },
    "11-7": {
        "mde": 0.027667318183307345,
        "count": 365
    },
    "11-8": {
        "mde": 0.0032876712328767104,
        "count": 365
    },
    "11-9": {
        "mde": 0.07007897434252576,
        "count": 365
    },
    "2-1": {
        "mde": 0.03365282622739657,
        "count": 365
    },
    "2-11": {
        "mde": 0.003287671232876712,
        "count": 365
    },
    "3-1": {
        "mde": 0.0658446785007779,
        "count": 365
    },
    "3-11": {
        "mde": 0.5392804236958333,
        "count": 365
    },
    "4-1": {
        "mde": 0.07042916745815656,
        "count": 365
    },
    "4-11": {
        "mde": 0.08470298418022927,
        "count": 365
    },
    "5-1": {
        "mde": 0.019726027397260273,
        "count": 365
    },
    "5-11": {
        "mde": 0.09637383616104579,
        "count": 365
    },
    "6-1": {
        "mde": 0.2681091801242331,
        "count": 365
    },
    "6-10": {
        "mde": 0.11742680620941642,
        "count": 365
    },
    "6-11": {
        "mde": 0.13225682074356157,
        "count": 365
    },
    "6-2": {
        "mde": 0.11742924820908036,
        "count": 365
    },
    "6-3": {
        "mde": 0.03745618266408384,
        "count": 365
    },
    "6-4": {
        "mde": 0.06108867560575624,
        "count": 365
    },
    "6-5": {
        "mde": 0.3389152666055373,
        "count": 365
    },
    "6-6": {
        "mde": 0.19105813142336947,
        "count": 365
    },
    "6-7": {
        "mde": 0.22913981687960472,
        "count": 365
    },
    "6-8": {
        "mde": 0.16754402714052943,
        "count": 365
    },
    "6-9": {
        "mde": 0.22908136245343788,
        "count": 365
    },
    "7-1": {
        "mde": 0.2875869978427063,
        "count": 365
    },
    "7-11": {
        "mde": 0.0742134644859982,
        "count": 365
    },
    "8-1": {
        "mde": 0.13341744272904385,
        "count": 365
    },
    "8-11": {
        "mde": 0.03170086871160421,
        "count": 365
    },
    "9-1": {
        "mde": 0.05924306248056027,
        "count": 365
    },
    "9-11": {
        "mde": 0.022365289767886005,
        "count": 365
    }
}