{
    "1-1": {
        "mde": 0.010447761194029851,
        "count": 402
    },
    "1-10": {
        "mde": 0.2949321830661546,
        "count": 402
    },
    "1-11": {
        "mde": 0.025373134328358207,
        "count": 402
    },
    "1-2": {
        "mde": 0.09590273730737169,
        "count": 402
    },
    "1-3": {
        "mde": 0.05557622086193998,
        "count": 402
    },
    "1-4": {
        "mde": 0.263590375038006,
        "count": 402
    },
    "1-5": {
        "mde": 0.12716125227938146,
        "count": 402
    },
    "1-6": {
        "mde": 0.01805823807998923,
        "count": 402
    },
    "1-7": {
        "mde": 0.024195675449146237,
        "count": 402
    },
    "1-8": {
        "mde": 0.013675041283833402,
        "count": 402
    },
    "1-9": {
        "mde": 0.009659904410447135,
        "count": 402
    },
    "10-1": {
        "mde": 0.20983795139304778,
        "count": 402
    },
    "10-11": {
        "mde": 0.10753632851818994,
        "count": 402
    },
    "11-1": {
        "mde": 0.06417910447761194,
        "count": 402
    },
    "11-10": {
        "mde": 0.1646269177267247,
        "count": 402
    },
    "11-11": {
        "mde": 0.05223880597014925,
        "count": 402
    },
    "11-2": {
        "mde": 0.04251534533468443,
        "count": 402
    },
    "11-3": {
        "mde": 0.007462686567164179,
        "count": 402
    },
    "11-4": {
        "mde": 0.10597014925373134,
        "count": 402
    },
    "11-5": {
        "mde": 0.07348332016393462,
        "count": 402
    },
    "11-6": {
        "mde": 0.19988639037947936,
        "count": 402
    },
    "11-7": {
        "mde": 0.06268656716417911,
        "count": 402
    },
    "11-8": {
        "mde": 0.02537313432835821,
        "count": 402
    },
    "11-9": {
        "mde": 0.21729086721818855,
        "count": 402
    },
    "2-1": {
        "mde": 0.06606531780070336,
        "count": 402
    },
    "2-11": {
        "mde": 0.15953695109583127,
        "count": 402
    },
    "3-1": {
        "mde": 0.12478816741880294,
        "count": 402
    },
    "3-11": {
        "mde": 0.3628691969287739,
        "count": 402
    },
    "4-1": {
        "mde": 0.13354354530786844,
        "count": 402
    },
    "4-11": {
        "mde": 0.4142749631007082,
        "count": 402
    },
    "5-1": {
        "mde": 0.1151091128740562,
        "count": 402
    },
    "5-11": {
        "mde": 0.7459351158118491,
        "count": 402
    },
    "6-1": {
        "mde": 0.13893971504029612,
        "count": 402
    },
    "6-10": {
        "mde": 0.05839269496360842,
        "count": 402
    },
    "6-11": {
        "mde": 0.23582089552238808,
        "count": 402
    },
    "6-2": {
        "mde": 0.054773857925126866,
        "count": 402
    },
    "6-3": {
        "mde": 0.04149102966152735,
        "count": 402
    },
    "6-4": {
        "mde": 0.010447761194029851,
        "count": 402
    },
    "6-5": {
        "mde": 0.1715046493148148,
        "count": 402
    },
    "6-6": {
        "mde": 0.43889416382699276,
        "count": 402
    },
    "6-7": {
        "mde": 0.4215569537771345,
        "count": 402
    },
    "6-8": {
        "mde": 0.12030343673320198,
        "count": 402
    },
    "6-9": {
        "mde": 0.08627738282062418,
        "count": 402
    },
    "7-1": {
        "mde": 0.21329065810373887,
        "count": 402
    },
    "7-11": {
        "mde": 0.02213198078320327,
        "count": 402
    },
    "8-1": {
        "mde": 0.058344526342839625,
        "count": 402
    },
    "8-11": {
        "mde": 0.01802639885143816,
        "count": 402
    },
    "9-1": {
        "mde": 0.04393131104508982,
        "count": 402
    },
    "9-11": {
        "mde": 0.29550851460435007,
        "count": 402
    }
}