{
    "1-1": {
        "mde": 0.091044776119403,
        "count": 402
    },
    "1-10": {
        "mde": 0.05314909428617414,
        "count": 402
    },
    "1-11": {
        "mde": 0.042392722742437085,
        "count": 402
    },
    "1-2": {
        "mde": 0.0495755267745429,
        "count": 402
    },
    "1-3": {
        "mde": 0.03169562384701462,
        "count": 402
    },
    "1-4": {
        "mde": 0.14003483834368996,
        "count": 402
    },
    "1-5": {
        "mde": 0.023240530550137854,
        "count": 402
    },
    "1-6": {
        "mde": 0.021191103025650106,
        "count": 402
    },
    "1-7": {
        "mde": 0.04658373515063878,
        "count": 402
    },
    "1-8": {
        "mde": 0.08884436411599561,
        "count": 402
    },
    "1-9": {
        "mde": 0.024585277544775495,
        "count": 402
    },
    "10-1": {
        "mde": 0.12663964914512116,
        "count": 402
    },
    "10-11": {
        "mde": 0.14709902863597624,
        "count": 402
    },
    "11-1": {
        "mde": 0.028358208955223882,
        "count": 402
    },
    "11-10": {
        "mde": 0.08455196924403524,
        "count": 402
    },
    "11-11": {
        "mde": 0.21492537313432838,
        "count": 402
    },
    "11-2": {
        "mde": 0.15383653215028578,
        "count": 402
    },
    "11-3": {
        "mde": 0.04004619685797806,
        "count": 402
    },
    "11-4": {
        "mde": 0.06865671641791045,
        "count": 402
    },
    "11-5": {
        "mde": 0.06071176061470884,
        "count": 402
    },
    "11-6": {
        "mde": 0.17377075652416846,
        "count": 402
    },
    "11-7": {
        "mde": 0.13731343283582093,
        "count": 402
    },
    "11-8": {
        "mde": 0.020895522388059706,
        "count": 402
    },
    "11-9": {
        "mde": 0.24404853857671968,
        "count": 402
    },
    "2-1": {
        "mde": 0.027759838484732537,
        "count": 402
    },
    "2-11": {
        "mde": 0.6245371406996357,
        "count": 402
    },
    "3-1": {
        "mde": 0.01678006072704371,
        "count": 402
    },
    "3-11": {
        "mde": 0.1260359266035246,
        "count": 402
    },
    "4-1": {
        "mde": 0.11011068696416146,
        "count": 402
    },
    "4-11": {
        "mde": 0.07428675788146756,
        "count": 402
    },
    "5-1": {
        "mde": 0.001492537313432836,
        "count": 402
    },
    "5-11": {
        "mde": 0.09643269159700614,
        "count": 402
    },
    "6-1": {
        "mde": 0.11588065548670093,
        "count": 402
    },
    "6-10": {
        "mde": 0.062103358918474016,
        "count": 402
    },
    "6-11": {
        "mde": 0.07726914867801342,
        "count": 402
    },
    "6-2": {
        "mde": 0.12504904174454384,
        "count": 402
    },
    "6-3": {
        "mde": 0.02654603649848409,
        "count": 402
    },
    "6-4": {
        "mde": 0.2742314399049168,
        "count": 402
    },
    "6-5": {
        "mde": 0.2733660253262498,
        "count": 402
    },
    "6-6": {
        "mde": 0.10302215455114225,
        "count": 402
    },
    "6-7": {
        "mde": 0.42729621707271215,
        "count": 402
    },
    "6-8": {
        "mde": 0.33240793235985316,
        "count": 402
    },
    "6-9": {
        "mde": 0.06076087545277001,
        "count": 402
    },
    "7-1": {
        "mde": 0.26281009332880334,
        "count": 402
    },
    "7-11": {
        "mde": 0.01641791044776119,
        "count": 402
    },
    "8-1": {
        "mde": 0.06417910447761194,
        "count": 402
    },
    "8-11": {
        "mde": 0.016417910447761194,
        "count": 402
    },
    "9-1": {
        "mde": 0.050490189738427144,
        "count": 402
    },
    "9-11": {
        "mde": 0.09552238805970147,
        "count": 402
    }
}