{
    "1-1": {
        "mde": 0.1691288836396876,
        "count": 386
    },
    "1-10": {
        "mde": 0.042935151079453546,
        "count": 386
    },
    "1-11": {
        "mde": 0.012435233160621763,
        "count": 386
    },
    "1-2": {
        "mde": 0.11559997441997871,
        "count": 386
    },
    "1-3": {
        "mde": 0.051762533284578915,
        "count": 386
    },
    "1-4": {
        "mde": 0.07380320601375982,
        "count": 386
    },
    "1-5": {
        "mde": 0.04041450777202073,
        "count": 386
    },
    "1-6": {
        "mde": 0.021761658031088083,
        "count": 386
    },
    "1-7": {
        "mde": 0.05175708581468138,
        "count": 386
    },
    "1-8": {
        "mde": 0.024870466321243526,
        "count": 386
    },
    "1-9": {
        "mde": 0.4474912222452634,
        "count": 386
    },
    "10-1": {
        "mde": 0.006217616580310881,
        "count": 386
    },
    "10-11": {
        "mde": 0.1089367653291679,
        "count": 386
    },
    "11-1": {
        "mde": 0.16654217972600666,
        "count": 386
    },
    "11-10": {
        "mde": 0.06145590319779103,
        "count": 386
    },
    "11-11": {
        "mde": 0.07305699481865285,
        "count": 386
    },
    "11-2": {
        "mde": 0.0,
        "count": 386
    },
    "11-3": {
        "mde": 0.41502590673575135,
        "count": 386
    },
    "11-4": {
        "mde": 0.1429088829087343,
        "count": 386
    },
    "11-5": {
        "mde": 0.05284974093264249,
        "count": 386
    },
    "11-6": {
        "mde": 0.04196891191709845,
        "count": 386
    },
    "11-7": {
        "mde": 0.0917098445595855,
        "count": 386
    },
    "11-8": {
        "mde": 0.055535630147188375,
        "count": 386
    },
    "11-9": {
        "mde": 0.11064301536916935,
        "count": 386
    },
    "2-1": {
        "mde": 0.15948697903045683,
        "count": 386
    },
    "2-11": {
        "mde": 0.03513790391868306,
        "count": 386
    },
    "3-1": {
        "mde": 0.05431263030614655,
        "count": 386
    },
    "3-11": {
        "mde": 0.2284125425643408,
        "count": 386
    },
    "4-1": {
        "mde": 0.0162429946777935,
        "count": 386
    },
    "4-11": {
        "mde": 0.25342932073938995,
        "count": 386
    },
    "5-1": {
        "mde": 0.036134007126272516,
        "count": 386
    },
    "5-11": {
        "mde": 0.15698037013199156,
        "count": 386
    },
    "6-1": {
        "mde": 0.11046528698129345,
        "count": 386
    },
    "6-10": {
        "mde": 0.10353870990154526,
        "count": 386
    },
    "6-11": {
        "mde": 0.03168678467430234,
        "count": 386
    },
    "6-2": {
        "mde": 0.05350722369111642,
        "count": 386
    },
    "6-3": {
        "mde": 0.0031088082901554407,
        "count": 386
    },
    "6-4": {
        "mde": 0.017475607285677645,
        "count": 386
    },
    "6-5": {
        "mde": 0.3642017095885244,
        "count": 386
    },
    "6-6": {
        "mde": 0.2797714944120512,
        "count": 386
    },
    "6-7": {
        "mde": 0.17920834150249687,
        "count": 386
    },
    "6-8": {
        "mde": 0.25684231512828964,
        "count": 386
    },
    "6-9": {
        "mde": 0.24442528146136255,
        "count": 386
    },
    "7-1": {
        "mde": 0.03886010362694301,
        "count": 386
    },
    "7-11": {
        "mde": 0.21580653958964427,
        "count": 386
    },
    "8-1": {
        "mde": 0.17579515792943903,
        "count": 386
    },
    "8-11": {
        "mde": 0.10103626943005183,
        "count": 386
    },
    "9-1": {
        "mde": 0.12757807377483796,
        "count": 386
    },
    "9-11": {
        "mde": 0.03003816889171518,
        "count": 386
    }
}