{
    "1-1": {
        "mde": 0.019597989949748745,
        "count": 398
    },
    "1-10": {
        "mde": 0.051443216254867835,
        "count": 398
    },
    "1-11": {
        "mde": 0.04747666686110939,
        "count": 398
    },
    "1-2": {
        "mde": 0.010552763819095479,
        "count": 398
    },
    "1-3": {
        "mde": 0.0271356783919598,
        "count": 398
    },
    "1-4": {
        "mde": 0.12060301507537687,
        "count": 398
    },
    "1-5": {
        "mde": 0.004522613065326634,
        "count": 398
    },
    "1-6": {
        "mde": 0.03316582914572864,
        "count": 398
    },
    "1-7": {
        "mde": 0.15867408091145316,
        "count": 398
    },
    "1-8": {
        "mde": 0.10786866813691134,
        "count": 398
    },
    "1-9": {
        "mde": 0.029091043026299026,
        "count": 398
    },
    "10-1": {
        "mde": 0.027501468372541627,
        "count": 398
    },
    "10-11": {
        "mde": 0.036180904522613064,
        "count": 398
    },
    "11-1": {
        "mde": 0.010552763819095475,
        "count": 398
    },
    "11-10": {
        "mde": 0.01783560587162608,
        "count": 398
    },
    "11-11": {
        "mde": 0.01507537688442211,
        "count": 398
    },
    "11-2": {
        "mde": 0.16748236087256735,
        "count": 398
    },
    "11-3": {
        "mde": 0.1662860620851933,
        "count": 398
    },
    "11-4": {
        "mde": 0.20130462205315622,
        "count": 398
    },
    "11-5": {
        "mde": 0.02713567839195979,
        "count": 398
    },
    "11-6": {
        "mde": 0.04974874371859297,
        "count": 398
    },
    "11-7": {
        "mde": 0.004522613065326634,
        "count": 398
    },
    "11-8": {
        "mde": 0.36482412060301517,
        "count": 398
    },
    "11-9": {
        "mde": 0.028643216080402007,
        "count": 398
    },
    "2-1": {
        "mde": 0.08310015923459949,
        "count": 398
    },
    "2-11": {
        "mde": 0.15088899611614914,
        "count": 398
    },
    "3-1": {
        "mde": 0.56938937611392,
        "count": 398
    },
    "3-11": {
        "mde": 0.04016846374543441,
        "count": 398
    },
    "4-1": {
        "mde": 0.09008036306290733,
        "count": 398
    },
    "4-11": {
        "mde": 0.23677885414206665,
        "count": 398
    },
    "5-1": {
        "mde": 0.15304598986268206,
        "count": 398
    },
    "5-11": {
        "mde": 0.023777938243334695,
        "count": 398
    },
    "6-1": {
        "mde": 0.19296482412060303,
        "count": 398
    },
    "6-10": {
        "mde": 0.06005196728370662,
        "count": 398
    },
    "6-11": {
        "mde": 0.04595605676491552,
        "count": 398
    },
    "6-2": {
        "mde": 0.0148167243086626,
        "count": 398
    },
    "6-3": {
        "mde": 0.004522613065326633,
        "count": 398
    },
    "6-4": {
        "mde": 0.21010245869073227,
        "count": 398
    },
    "6-5": {
        "mde": 0.04405345498373435,
        "count": 398
    },
    "6-6": {
        "mde": 0.18535050306824077,
        "count": 398
    },
    "6-7": {
        "mde": 0.2177814753610341,
        "count": 398
    },
    "6-8": {
        "mde": 0.026238570372795474,
        "count": 398
    },
    "6-9": {
        "mde": 0.16546111622575652,
        "count": 398
    },
    "7-1": {
        "mde": 0.06928834301516339,
        "count": 398
    },
    "7-11": {
        "mde": 0.07508810806464372,
        "count": 398
    },
    "8-1": {
        "mde": 0.352949233750536,
        "count": 398
    },
    "8-11": {
        "mde": 0.1162033931813001,
        "count": 398
    },
    "9-1": {
        "mde": 0.041415280334170225,
        "count": 398
    },
    "9-11": {
        "mde": 0.006741913499999366,
        "count": 398
    }
}