{
    "1-1": {
        "precision": 0.9489795918367347,
        "recall": 0.9393939393939394,
        "f1-score": 0.9441624365482234,
        "support": 99.0
    },
    "1-10": {
        "precision": 0.8144329896907216,
        "recall": 0.797979797979798,
        "f1-score": 0.8061224489795918,
        "support": 99.0
    },
    "1-11": {
        "precision": 0.900990099009901,
        "recall": 0.9191919191919192,
        "f1-score": 0.91,
        "support": 99.0
    },
    "1-2": {
        "precision": 1.0,
        "recall": 0.9696969696969697,
        "f1-score": 0.9846153846153847,
        "support": 99.0
    },
    "1-3": {
        "precision": 1.0,
        "recall": 0.9797979797979798,
        "f1-score": 0.9897959183673469,
        "support": 99.0
    },
    "1-4": {
        "precision": 0.875,
        "recall": 0.9191919191919192,
        "f1-score": 0.896551724137931,
        "support": 99.0
    },
    "1-5": {
        "precision": 0.9468085106382979,
        "recall": 0.898989898989899,
        "f1-score": 0.9222797927461139,
        "support": 99.0
    },
    "1-6": {
        "precision": 0.99,
        "recall": 1.0,
        "f1-score": 0.9949748743718593,
        "support": 99.0
    },
    "1-7": {
        "precision": 0.75,
        "recall": 0.9090909090909091,
        "f1-score": 0.821917808219178,
        "support": 99.0
    },
    "1-8": {
        "precision": 0.8823529411764706,
        "recall": 0.9090909090909091,
        "f1-score": 0.8955223880597015,
        "support": 99.0
    },
    "1-9": {
        "precision": 0.9150943396226415,
        "recall": 0.9797979797979798,
        "f1-score": 0.9463414634146341,
        "support": 99.0
    },
    "10-1": {
        "precision": 1.0,
        "recall": 1.0,
        "f1-score": 1.0,
        "support": 99.0
    },
    "10-11": {
        "precision": 0.8350515463917526,
        "recall": 0.8181818181818182,
        "f1-score": 0.826530612244898,
        "support": 99.0
    },
    "11-1": {
        "precision": 0.989010989010989,
        "recall": 0.9090909090909091,
        "f1-score": 0.9473684210526315,
        "support": 99.0
    },
    "11-10": {
        "precision": 0.9894736842105263,
        "recall": 0.9494949494949495,
        "f1-score": 0.9690721649484536,
        "support": 99.0
    },
    "11-11": {
        "precision": 0.9896907216494846,
        "recall": 0.9696969696969697,
        "f1-score": 0.9795918367346939,
        "support": 99.0
    },
    "11-2": {
        "precision": 0.9320388349514563,
        "recall": 0.9696969696969697,
        "f1-score": 0.9504950495049505,
        "support": 99.0
    },
    "11-3": {
        "precision": 1.0,
        "recall": 0.9797979797979798,
        "f1-score": 0.9897959183673469,
        "support": 99.0
    },
    "11-4": {
        "precision": 0.9797979797979798,
        "recall": 0.9797979797979798,
        "f1-score": 0.9797979797979798,
        "support": 99.0
    },
    "11-5": {
        "precision": 1.0,
        "recall": 0.9797979797979798,
        "f1-score": 0.9897959183673469,
        "support": 99.0
    },
    "11-6": {
        "precision": 0.9514563106796117,
        "recall": 0.98989898989899,
        "f1-score": 0.9702970297029703,
        "support": 99.0
    },
    "11-7": {
        "precision": 0.98989898989899,
        "recall": 0.98989898989899,
        "f1-score": 0.98989898989899,
        "support": 99.0
    },
    "11-8": {
        "precision": 0.9603960396039604,
        "recall": 0.9797979797979798,
        "f1-score": 0.97,
        "support": 99.0
    },
    "11-9": {
        "precision": 0.99,
        "recall": 1.0,
        "f1-score": 0.9949748743718593,
        "support": 99.0
    },
    "2-1": {
        "precision": 0.9489795918367347,
        "recall": 0.9393939393939394,
        "f1-score": 0.9441624365482234,
        "support": 99.0
    },
    "2-11": {
        "precision": 0.9607843137254902,
        "recall": 0.98989898989899,
        "f1-score": 0.9751243781094527,
        "support": 99.0
    },
    "3-1": {
        "precision": 0.9252336448598131,
        "recall": 1.0,
        "f1-score": 0.9611650485436893,
        "support": 99.0
    },
    "3-11": {
        "precision": 0.8854166666666666,
        "recall": 0.8585858585858586,
        "f1-score": 0.8717948717948718,
        "support": 99.0
    },
    "4-1": {
        "precision": 0.5547945205479452,
        "recall": 0.8181818181818182,
        "f1-score": 0.6612244897959184,
        "support": 99.0
    },
    "4-11": {
        "precision": 0.8392857142857143,
        "recall": 0.9494949494949495,
        "f1-score": 0.8909952606635071,
        "support": 99.0
    },
    "5-1": {
        "precision": 0.8598130841121495,
        "recall": 0.9292929292929293,
        "f1-score": 0.8932038834951457,
        "support": 99.0
    },
    "5-11": {
        "precision": 0.9306930693069307,
        "recall": 0.9494949494949495,
        "f1-score": 0.94,
        "support": 99.0
    },
    "6-1": {
        "precision": 0.8585858585858586,
        "recall": 0.8585858585858586,
        "f1-score": 0.8585858585858586,
        "support": 99.0
    },
    "6-10": {
        "precision": 0.9607843137254902,
        "recall": 0.98989898989899,
        "f1-score": 0.9751243781094527,
        "support": 99.0
    },
    "6-11": {
        "precision": 0.9587628865979382,
        "recall": 0.9393939393939394,
        "f1-score": 0.9489795918367347,
        "support": 99.0
    },
    "6-2": {
        "precision": 0.9052631578947369,
        "recall": 0.8686868686868687,
        "f1-score": 0.8865979381443299,
        "support": 99.0
    },
    "6-3": {
        "precision": 0.7222222222222222,
        "recall": 0.3939393939393939,
        "f1-score": 0.5098039215686274,
        "support": 99.0
    },
    "6-4": {
        "precision": 0.8979591836734694,
        "recall": 0.8888888888888888,
        "f1-score": 0.8934010152284264,
        "support": 99.0
    },
    "6-5": {
        "precision": 0.8602150537634409,
        "recall": 0.8080808080808081,
        "f1-score": 0.8333333333333334,
        "support": 99.0
    },
    "6-6": {
        "precision": 0.9292929292929293,
        "recall": 0.9292929292929293,
        "f1-score": 0.9292929292929293,
        "support": 99.0
    },
    "6-7": {
        "precision": 0.9263157894736842,
        "recall": 0.8888888888888888,
        "f1-score": 0.9072164948453608,
        "support": 99.0
    },
    "6-8": {
        "precision": 0.8947368421052632,
        "recall": 0.8585858585858586,
        "f1-score": 0.8762886597938144,
        "support": 99.0
    },
    "6-9": {
        "precision": 0.90625,
        "recall": 0.8787878787878788,
        "f1-score": 0.8923076923076924,
        "support": 99.0
    },
    "7-1": {
        "precision": 0.9175257731958762,
        "recall": 0.898989898989899,
        "f1-score": 0.9081632653061225,
        "support": 99.0
    },
    "7-11": {
        "precision": 0.9431818181818182,
        "recall": 0.8383838383838383,
        "f1-score": 0.8877005347593583,
        "support": 99.0
    },
    "8-1": {
        "precision": 1.0,
        "recall": 0.9090909090909091,
        "f1-score": 0.9523809523809523,
        "support": 99.0
    },
    "8-11": {
        "precision": 0.9797979797979798,
        "recall": 0.9797979797979798,
        "f1-score": 0.9797979797979798,
        "support": 99.0
    },
    "9-1": {
        "precision": 0.9560439560439561,
        "recall": 0.8787878787878788,
        "f1-score": 0.9157894736842105,
        "support": 99.0
    },
    "9-11": {
        "precision": 0.8910891089108911,
        "recall": 0.9090909090909091,
        "f1-score": 0.9,
        "support": 99.0
    },
    "accuracy": 0.9160997732426304,
    "macro avg": {
        "precision": 0.919255123407684,
        "recall": 0.9160997732426304,
        "f1-score": 0.9155579065791443,
        "support": 4851.0
    },
    "weighted avg": {
        "precision": 0.919255123407684,