{
    "1-1": {
        "precision": 1.0,
        "recall": 1.0,
        "f1-score": 1.0,
        "support": 99.0
    },
    "1-10": {
        "precision": 1.0,
        "recall": 1.0,
        "f1-score": 1.0,
        "support": 99.0
    },
    "1-11": {
        "precision": 0.9705882352941176,
        "recall": 1.0,
        "f1-score": 0.9850746268656716,
        "support": 99.0
    },
    "1-2": {
        "precision": 1.0,
        "recall": 0.9696969696969697,
        "f1-score": 0.9846153846153847,
        "support": 99.0
    },
    "1-3": {
        "precision": 1.0,
        "recall": 1.0,
        "f1-score": 1.0,
        "support": 99.0
    },
    "1-4": {
        "precision": 0.9611650485436893,
        "recall": 1.0,
        "f1-score": 0.9801980198019802,
        "support": 99.0
    },
    "1-5": {
        "precision": 1.0,
        "recall": 0.98989898989899,
        "f1-score": 0.9949238578680203,
        "support": 99.0
    },
    "1-6": {
        "precision": 1.0,
        "recall": 1.0,
        "f1-score": 1.0,
        "support": 99.0
    },
    "1-7": {
        "precision": 0.9801980198019802,
        "recall": 1.0,
        "f1-score": 0.99,
        "support": 99.0
    },
    "1-8": {
        "precision": 0.9693877551020408,
        "recall": 0.9595959595959596,
        "f1-score": 0.9644670050761421,
        "support": 99.0
    },
    "1-9": {
        "precision": 0.9696969696969697,
        "recall": 0.9696969696969697,
        "f1-score": 0.9696969696969697,
        "support": 99.0
    },
    "10-1": {
        "precision": 0.9897959183673469,
        "recall": 0.9797979797979798,
        "f1-score": 0.9847715736040609,
        "support": 99.0
    },
    "10-11": {
        "precision": 0.9895833333333334,
        "recall": 0.9595959595959596,
        "f1-score": 0.9743589743589743,
        "support": 99.0
    },
    "11-1": {
        "precision": 0.9801980198019802,
        "recall": 1.0,
        "f1-score": 0.99,
        "support": 99.0
    },
    "11-10": {
        "precision": 0.9801980198019802,
        "recall": 1.0,
        "f1-score": 0.99,
        "support": 99.0
    },
    "11-11": {
        "precision": 0.98989898989899,
        "recall": 0.98989898989899,
        "f1-score": 0.98989898989899,
        "support": 99.0
    },
    "11-2": {
        "precision": 1.0,
        "recall": 1.0,
        "f1-score": 1.0,
        "support": 99.0
    },
    "11-3": {
        "precision": 1.0,
        "recall": 0.9797979797979798,
        "f1-score": 0.9897959183673469,
        "support": 99.0
    },
    "11-4": {
        "precision": 1.0,
        "recall": 1.0,
        "f1-score": 1.0,
        "support": 99.0
    },
    "11-5": {
        "precision": 1.0,
        "recall": 1.0,
        "f1-score": 1.0,
        "support": 99.0
    },
    "11-6": {
        "precision": 0.99,
        "recall": 1.0,
        "f1-score": 0.9949748743718593,
        "support": 99.0
    },
    "11-7": {
        "precision": 0.9801980198019802,
        "recall": 1.0,
        "f1-score": 0.99,
        "support": 99.0
    },
    "11-8": {
        "precision": 0.99,
        "recall": 1.0,
        "f1-score": 0.9949748743718593,
        "support": 99.0
    },
    "11-9": {
        "precision": 1.0,
        "recall": 0.98989898989899,
        "f1-score": 0.9949238578680203,
        "support": 99.0
    },
    "2-1": {
        "precision": 0.9795918367346939,
        "recall": 0.9696969696969697,
        "f1-score": 0.9746192893401016,
        "support": 99.0
    },
    "2-11": {
        "precision": 0.9801980198019802,
        "recall": 1.0,
        "f1-score": 0.99,
        "support": 99.0
    },
    "3-1": {
        "precision": 0.99,
        "recall": 1.0,
        "f1-score": 0.9949748743718593,
        "support": 99.0
    },
    "3-11": {
        "precision": 0.9795918367346939,
        "recall": 0.9696969696969697,
        "f1-score": 0.9746192893401016,
        "support": 99.0
    },
    "4-1": {
        "precision": 0.9797979797979798,
        "recall": 0.9797979797979798,
        "f1-score": 0.9797979797979798,
        "support": 99.0
    },
    "4-11": {
        "precision": 1.0,
        "recall": 1.0,
        "f1-score": 1.0,
        "support": 99.0
    },
    "5-1": {
        "precision": 0.9797979797979798,
        "recall": 0.9797979797979798,
        "f1-score": 0.9797979797979798,
        "support": 99.0
    },
    "5-11": {
        "precision": 0.9894736842105263,
        "recall": 0.9494949494949495,
        "f1-score": 0.9690721649484536,
        "support": 99.0
    },
    "6-1": {
        "precision": 0.9897959183673469,
        "recall": 0.9797979797979798,
        "f1-score": 0.9847715736040609,
        "support": 99.0
    },
    "6-10": {
        "precision": 0.99,
        "recall": 1.0,
        "f1-score": 0.9949748743718593,
        "support": 99.0
    },
    "6-11": {
        "precision": 1.0,
        "recall": 1.0,
        "f1-score": 1.0,
        "support": 99.0
    },
    "6-2": {
        "precision": 1.0,
        "recall": 0.98989898989899,
        "f1-score": 0.9949238578680203,
        "support": 99.0
    },
    "6-3": {
        "precision": 1.0,
        "recall": 1.0,
        "f1-score": 1.0,
        "support": 99.0
    },
    "6-4": {
        "precision": 0.98989898989899,
        "recall": 0.98989898989899,
        "f1-score": 0.98989898989899,
        "support": 99.0
    },
    "6-5": {
        "precision": 0.9801980198019802,
        "recall": 1.0,
        "f1-score": 0.99,
        "support": 99.0
    },
    "6-6": {
        "precision": 1.0,
        "recall": 1.0,
        "f1-score": 1.0,
        "support": 99.0
    },
    "6-7": {
        "precision": 0.98989898989899,
        "recall": 0.98989898989899,
        "f1-score": 0.98989898989899,
        "support": 99.0
    },
    "6-8": {
        "precision": 0.99,
        "recall": 1.0,
        "f1-score": 0.9949748743718593,
        "support": 99.0
    },
    "6-9": {
        "precision": 1.0,
        "recall": 0.98989898989899,
        "f1-score": 0.9949238578680203,
        "support": 99.0
    },
    "7-1": {
        "precision": 0.9897959183673469,
        "recall": 0.9797979797979798,
        "f1-score": 0.9847715736040609,
        "support": 99.0
    },
    "7-11": {
        "precision": 1.0,
        "recall": 1.0,
        "f1-score": 1.0,
        "support": 99.0
    },
    "8-1": {
        "precision": 0.9897959183673469,
        "recall": 0.9797979797979798,
        "f1-score": 0.9847715736040609,
        "support": 99.0
    },
    "8-11": {
        "precision": 1.0,
        "recall": 0.98989898989899,
        "f1-score": 0.9949238578680203,
        "support": 99.0
    },
    "9-1": {
        "precision": 1.0,
        "recall": 1.0,
        "f1-score": 1.0,
        "support": 99.0
    },
    "9-11": {
        "precision": 1.0,
        "recall": 1.0,
        "f1-score": 1.0,
        "support": 99.0
    },
    "accuracy": 0.9903112760255618,
    "macro avg": {
        "precision": 0.9903825188004952,
        "recall": 0.9903112760255618,
        "f1-score": 0.9902936842310142,
        "support": 4851.0
    },
    "weighted avg": {
        "precision": 0.9903825188004952,
        "recall": 0.9903112760255618,
        "f1-score": 0.9902936842310143,
        "support": 4851.0
    },
    "Mean Distance Error (MDE)": 0.01437886008933101,
    "Pointwise MDE": {
        "1-1": {
            "count": 99,
            "MDE": 0.0
        },
        "1-10": {
            "count": 99,
            "MDE": 0.0
        },
        "1-11": {
            "count": 99,
            "MDE": 0.0
        },
        "1-2": {
            "count": 99,
            "MDE": 0.03779435137878661
        },
        "1-3": {
            "count": 99,
            "MDE": 0.0
        },
        "1-4": {
            "count": 99,
            "MDE": 0.0
        },
        "1-5": {
            "count": 99,
            "MDE": 0.03636363636363636
        },
        "1-6": {
            "count": 99,