{
    "1-1": {
        "mde": 0.01343283582089552,
        "count": 134
    },
    "1-10": {
        "mde": 0.5357179710812422,
        "count": 134
    },
    "1-11": {
        "mde": 0.004477611940298508,
        "count": 134
    },
    "1-2": {
        "mde": 0.018461666980377586,
        "count": 134
    },
    "1-3": {
        "mde": 0.06378900560254622,
        "count": 134
    },
    "1-4": {
        "mde": 0.1546900408983711,
        "count": 134
    },
    "1-5": {
        "mde": 0.24304312321422164,
        "count": 134
    },
    "1-6": {
        "mde": 0.09583488464522172,
        "count": 134
    },
    "1-7": {
        "mde": 0.2430013604869483,
        "count": 134
    },
    "1-8": {
        "mde": 0.3363418506871344,
        "count": 134
    },
    "1-9": {
        "mde": 0.08299984055483087,
        "count": 134
    },
    "10-1": {
        "mde": 0.14066065774196906,
        "count": 134
    },
    "10-11": {
        "mde": 0.7054669774521022,
        "count": 134
    },
    "11-1": {
        "mde": 0.09850746268656715,
        "count": 134
    },
    "11-10": {
        "mde": 0.32848035680827403,
        "count": 134
    },
    "11-11": {
        "mde": 0.36062981744121503,
        "count": 134
    },
    "11-2": {
        "mde": 0.25879467269578876,
        "count": 134
    },
    "11-3": {
        "mde": 0.21044776119402986,
        "count": 134
    },
    "11-4": {
        "mde": 0.017910447761194027,
        "count": 134
    },
    "11-5": {
        "mde": 0.01791044776119403,
        "count": 134
    },
    "11-6": {
        "mde": 0.1659898558740245,
        "count": 134
    },
    "11-7": {
        "mde": 0.2748509477694744,
        "count": 134
    },
    "11-8": {
        "mde": 0.282089552238806,
        "count": 134
    },
    "11-9": {
        "mde": 0.017910447761194027,
        "count": 134
    },
    "2-1": {
        "mde": 0.39472411962894977,
        "count": 134
    },
    "2-11": {
        "mde": 0.004477611940298508,
        "count": 134
    },
    "3-1": {
        "mde": 0.04247835662912748,
        "count": 134
    },
    "3-11": {
        "mde": 0.12234875516568697,
        "count": 134
    },
    "4-1": {
        "mde": 0.23717340251751126,
        "count": 134
    },
    "4-11": {
        "mde": 0.05196515496476413,
        "count": 134
    },
    "5-1": {
        "mde": 0.23531375308522892,
        "count": 134
    },
    "5-11": {
        "mde": 0.0,
        "count": 134
    },
    "6-1": {
        "mde": 0.29105123702783803,
        "count": 134
    },
    "6-10": {
        "mde": 0.09835070883374096,
        "count": 134
    },
    "6-11": {
        "mde": 0.06716417910447761,
        "count": 134
    },
    "6-2": {
        "mde": 0.40725894294297055,
        "count": 134
    },
    "6-3": {
        "mde": 0.16903654637055812,
        "count": 134
    },
    "6-4": {
        "mde": 0.24436231693967764,
        "count": 134
    },
    "6-5": {
        "mde": 0.3936399042876902,
        "count": 134
    },
    "6-6": {
        "mde": 0.3989828149537672,
        "count": 134
    },
    "6-7": {
        "mde": 0.05070696412091086,
        "count": 134
    },
    "6-8": {
        "mde": 0.10298507462686568,
        "count": 134
    },
    "6-9": {
        "mde": 0.1817023383770695,
        "count": 134
    },
    "7-1": {
        "mde": 0.3298942917837661,
        "count": 134
    },
    "7-11": {
        "mde": 0.07611940298507464,
        "count": 134
    },
    "8-1": {
        "mde": 0.11812756171997583,
        "count": 134
    },
    "8-11": {
        "mde": 0.06060176285058864,
        "count": 134
    },
    "9-1": {
        "mde": 0.3494733380362089,
        "count": 134
    },
    "9-11": {
        "mde": 0.31099992243159486,
        "count": 134
    }
}