{
    "1-1": {
        "mde": 0.0,
        "count": 99
    },
    "1-10": {
        "mde": 0.0,
        "count": 99
    },
    "1-11": {
        "mde": 0.0,
        "count": 99
    },
    "1-2": {
        "mde": 0.03779435137878661,
        "count": 99
    },
    "1-3": {
        "mde": 0.0,
        "count": 99
    },
    "1-4": {
        "mde": 0.0,
        "count": 99
    },
    "1-5": {
        "mde": 0.03636363636363636,
        "count": 99
    },
    "1-6": {
        "mde": 0.0,
        "count": 99
    },
    "1-7": {
        "mde": 0.0,
        "count": 99
    },
    "1-8": {
        "mde": 0.04848484848484847,
        "count": 99
    },
    "1-9": {
        "mde": 0.024242424242424235,
        "count": 99
    },
    "10-1": {
        "mde": 0.02069220340832178,
        "count": 99
    },
    "10-11": {
        "mde": 0.08449840930471769,
        "count": 99
    },
    "11-1": {
        "mde": 0.0,
        "count": 99
    },
    "11-10": {
        "mde": 0.0,
        "count": 99
    },
    "11-11": {
        "mde": 0.006060606060606057,
        "count": 99
    },
    "11-2": {
        "mde": 0.0,
        "count": 99
    },
    "11-3": {
        "mde": 0.04242424242424243,
        "count": 99
    },
    "11-4": {
        "mde": 0.0,
        "count": 99
    },
    "11-5": {
        "mde": 0.0,
        "count": 99
    },
    "11-6": {
        "mde": 0.0,
        "count": 99
    },
    "11-7": {
        "mde": 0.0,
        "count": 99
    },
    "11-8": {
        "mde": 0.0,
        "count": 99
    },
    "11-9": {
        "mde": 0.006060606060606066,
        "count": 99
    },
    "2-1": {
        "mde": 0.055528955516172,
        "count": 99
    },
    "2-11": {
        "mde": 0.0,
        "count": 99
    },
    "3-1": {
        "mde": 0.0,
        "count": 99
    },
    "3-11": {
        "mde": 0.024242424242424242,
        "count": 99
    },
    "4-1": {
        "mde": 0.037834185982541124,
        "count": 99
    },
    "4-11": {
        "mde": 0.0,
        "count": 99
    },
    "5-1": {
        "mde": 0.03734713733435382,
        "count": 99
    },
    "5-11": {
        "mde": 0.07809908798407682,
        "count": 99
    },
    "6-1": {
        "mde": 0.030303030303030304,
        "count": 99
    },
    "6-10": {
        "mde": 0.0,
        "count": 99
    },
    "6-11": {
        "mde": 0.0,
        "count": 99
    },
    "6-2": {
        "mde": 0.013551927136362362,
        "count": 99
    },
    "6-3": {
        "mde": 0.0,
        "count": 99
    },
    "6-4": {
        "mde": 0.006060606060606059,
        "count": 99
    },
    "6-5": {
        "mde": 0.0,
        "count": 99
    },
    "6-6": {
        "mde": 0.0,
        "count": 99
    },
    "6-7": {
        "mde": 0.030303030303030304,
        "count": 99
    },
    "6-8": {
        "mde": 0.0,
        "count": 99
    },
    "6-9": {
        "mde": 0.03263736246748185,
        "count": 99
    },
    "7-1": {
        "mde": 0.018181818181818184,
        "count": 99
    },
    "7-11": {
        "mde": 0.0,
        "count": 99
    },
    "8-1": {
        "mde": 0.018181818181818184,
        "count": 99
    },
    "8-11": {
        "mde": 0.013551927136362362,
        "count": 99
    },
    "9-1": {
        "mde": 0.0,
        "count": 99
    },
    "9-11": {
        "mde": 0.0,
        "count": 99
    }
}