{
    "1-1": {
        "precision": 0.3083511777301927,
        "recall": 0.663594470046083,
        "f1-score": 0.42105263157894735,
        "support": 434.0
    },
    "1-10": {
        "precision": 0.4119170984455959,
        "recall": 0.3663594470046083,
        "f1-score": 0.3878048780487805,
        "support": 434.0
    },
    "1-11": {
        "precision": 0.0,
        "recall": 0.0,
        "f1-score": 0.0,
        "support": 434.0
    },
    "1-2": {
        "precision": 0.0,
        "recall": 0.0,
        "f1-score": 0.0,
        "support": 434.0
    },
    "1-3": {
        "precision": 0.37579617834394907,
        "recall": 0.271889400921659,
        "f1-score": 0.3155080213903743,
        "support": 434.0
    },
    "1-4": {
        "precision": 0.3530079455164586,
        "recall": 0.716589861751152,
        "f1-score": 0.47300380228136885,
        "support": 434.0
    },
    "1-5": {
        "precision": 0.2976913730255164,
        "recall": 0.5645161290322581,
        "f1-score": 0.3898170246618934,
        "support": 434.0
    },
    "1-6": {
        "precision": 0.009174311926605505,
        "recall": 0.002304147465437788,
        "f1-score": 0.003683241252302026,
        "support": 434.0
    },
    "1-7": {
        "precision": 0.0,
        "recall": 0.0,
        "f1-score": 0.0,
        "support": 434.0
    },
    "1-8": {
        "precision": 0.0,
        "recall": 0.0,
        "f1-score": 0.0,
        "support": 434.0
    },
    "1-9": {
        "precision": 0.0149812734082397,
        "recall": 0.009216589861751152,
        "f1-score": 0.011412268188302425,
        "support": 434.0
    },
    "10-1": {
        "precision": 0.0,
        "recall": 0.0,
        "f1-score": 0.0,
        "support": 434.0
    },
    "10-11": {
        "precision": 0.4768211920529801,
        "recall": 0.16589861751152074,
        "f1-score": 0.24615384615384617,
        "support": 434.0
    },
    "11-1": {
        "precision": 0.0136986301369863,
        "recall": 0.004608294930875576,
        "f1-score": 0.006896551724137931,
        "support": 434.0
    },
    "11-10": {
        "precision": 0.016194331983805668,
        "recall": 0.009216589861751152,
        "f1-score": 0.011747430249632892,
        "support": 434.0
    },
    "11-11": {
        "precision": 0.0,
        "recall": 0.0,
        "f1-score": 0.0,
        "support": 434.0
    },
    "11-2": {
        "precision": 0.0,
        "recall": 0.0,
        "f1-score": 0.0,
        "support": 434.0
    },
    "11-3": {
        "precision": 0.6911447084233261,
        "recall": 0.7373271889400922,
        "f1-score": 0.7134894091415831,
        "support": 434.0
    },
    "11-4": {
        "precision": 0.5471698113207547,
        "recall": 0.06682027649769585,
        "f1-score": 0.11909650924024641,
        "support": 434.0
    },
    "11-5": {
        "precision": 0.0,
        "recall": 0.0,
        "f1-score": 0.0,
        "support": 434.0
    },
    "11-6": {
        "precision": 0.04,
        "recall": 0.0069124423963133645,
        "f1-score": 0.011787819253438114,
        "support": 434.0
    },
    "11-7": {
        "precision": 0.02702702702702703,
        "recall": 0.0069124423963133645,
        "f1-score": 0.011009174311926606,
        "support": 434.0
    },
    "11-8": {
        "precision": 0.00641025641025641,
        "recall": 0.004608294930875576,
        "f1-score": 0.005361930294906166,
        "support": 434.0
    },
    "11-9": {
        "precision": 0.5799648506151143,
        "recall": 0.7603686635944701,
        "f1-score": 0.6580259222333001,
        "support": 434.0
    },
    "2-1": {
        "precision": 0.0,
        "recall": 0.0,
        "f1-score": 0.0,
        "support": 434.0
    },
    "2-11": {
        "precision": 0.009708737864077669,
        "recall": 0.002304147465437788,
        "f1-score": 0.0037243947858473,
        "support": 434.0
    },
    "3-1": {
        "precision": 0.7714285714285715,
        "recall": 0.9331797235023042,
        "f1-score": 0.8446298227320125,
        "support": 434.0
    },
    "3-11": {
        "precision": 0.0,
        "recall": 0.0,
        "f1-score": 0.0,
        "support": 434.0
    },
    "4-1": {
        "precision": 0.08414239482200647,
        "recall": 0.059907834101382486,
        "f1-score": 0.06998654104979811,
        "support": 434.0
    },
    "4-11": {
        "precision": 0.0,
        "recall": 0.0,
        "f1-score": 0.0,
        "support": 434.0
    },
    "5-1": {
        "precision": 0.02849002849002849,
        "recall": 0.02304147465437788,
        "f1-score": 0.025477707006369428,
        "support": 434.0
    },
    "5-11": {
        "precision": 0.0,
        "recall": 0.0,
        "f1-score": 0.0,
        "support": 434.0
    },
    "6-1": {
        "precision": 0.2045977011494253,
        "recall": 0.41013824884792627,
        "f1-score": 0.27300613496932513,
        "support": 434.0
    },
    "6-10": {
        "precision": 0.052376333656644035,
        "recall": 0.12442396313364056,
        "f1-score": 0.07372013651877134,
        "support": 434.0
    },
    "6-11": {
        "precision": 0.0,
        "recall": 0.0,
        "f1-score": 0.0,
        "support": 434.0
    },
    "6-2": {
        "precision": 0.4568345323741007,
        "recall": 0.5852534562211982,
        "f1-score": 0.5131313131313131,
        "support": 434.0
    },
    "6-3": {
        "precision": 0.06790123456790123,
        "recall": 0.02534562211981567,
        "f1-score": 0.03691275167785235,
        "support": 434.0
    },
    "6-4": {
        "precision": 0.0,
        "recall": 0.0,
        "f1-score": 0.0,
        "support": 434.0
    },
    "6-5": {
        "precision": 0.04522613065326633,
        "recall": 0.020737327188940093,
        "f1-score": 0.02843601895734597,
        "support": 434.0
    },
    "6-6": {
        "precision": 0.005136986301369863,
        "recall": 0.0069124423963133645,
        "f1-score": 0.005893909626719057,
        "support": 434.0
    },
    "6-7": {
        "precision": 0.0,
        "recall": 0.0,
        "f1-score": 0.0,
        "support": 434.0
    },
    "6-8": {
        "precision": 0.09859154929577464,
        "recall": 0.03225806451612903,
        "f1-score": 0.04861111111111111,
        "support": 434.0
    },
    "6-9": {
        "precision": 0.011363636363636364,
        "recall": 0.009216589861751152,
        "f1-score": 0.010178117048346057,
        "support": 434.0
    },
    "7-1": {
        "precision": 0.0,
        "recall": 0.0,
        "f1-score": 0.0,
        "support": 434.0
    },
    "7-11": {
        "precision": 0.2128146453089245,
        "recall": 0.21428571428571427,
        "f1-score": 0.21354764638346727,
        "support": 434.0
    },
    "8-1": {
        "precision": 0.33587786259541985,
        "recall": 0.20276497695852536,
        "f1-score": 0.25287356321839083,
        "support": 434.0
    },
    "8-11": {
        "precision": 0.3166332665330661,
        "recall": 0.3640552995391705,
        "f1-score": 0.3386923901393355,
        "support": 434.0
    },
    "9-1": {
        "precision": 0.0,
        "recall": 0.0,
        "f1-score": 0.0,
        "support": 434.0
    },
    "9-11": {
        "precision": 0.029668411867364748,
        "recall": 0.03917050691244239,
        "f1-score": 0.033763654419066536,
        "support": 434.0
    },
    "accuracy": 0.1512273112009781,
    "macro avg": {
        "precision": 0.14081922835996707,
        "recall": 0.1512273112009781,
        "f1-score": 0.13384562597510324,
        "support": 21266.0
    },
    "weighted avg": {
        "precision": 0.14081922835996705,
        "recall": 0.1512273112009781,
        "f1-score": 0.13384562597510322,
        "support": 21266.0
    },
    "Mean Distance Error (MDE)": 2.210114736328893,
    "Pointwise MDE": {
        "1-1": {
            "count": 434,
            "MDE": 0.9032806529950785
        },
        "1-10": {
            "count": 434,