{
    "1-1": {
        "precision": 0.1592797783933518,
        "recall": 0.28465346534653463,
        "f1-score": 0.20426287744227353,
        "support": 404.0
    },
    "1-10": {
        "precision": 0.0,
        "recall": 0.0,
        "f1-score": 0.0,
        "support": 404.0
    },
    "1-11": {
        "precision": 0.013844515441959531,
        "recall": 0.03217821782178218,
        "f1-score": 0.0193596425912137,
        "support": 404.0
    },
    "1-2": {
        "precision": 0.002053388090349076,
        "recall": 0.0024752475247524753,
        "f1-score": 0.002244668911335578,
        "support": 404.0
    },
    "1-3": {
        "precision": 0.43478260869565216,
        "recall": 0.9405940594059405,
        "f1-score": 0.594679186228482,
        "support": 404.0
    },
    "1-4": {
        "precision": 0.0,
        "recall": 0.0,
        "f1-score": 0.0,
        "support": 404.0
    },
    "1-5": {
        "precision": 0.0037174721189591076,
        "recall": 0.0049504950495049506,
        "f1-score": 0.004246284501061571,
        "support": 404.0
    },
    "1-6": {
        "precision": 0.17124542124542125,
        "recall": 0.4628712871287129,
        "f1-score": 0.25,
        "support": 404.0
    },
    "1-7": {
        "precision": 0.0,
        "recall": 0.0,
        "f1-score": 0.0,
        "support": 404.0
    },
    "1-8": {
        "precision": 0.0,
        "recall": 0.0,
        "f1-score": 0.0,
        "support": 404.0
    },
    "1-9": {
        "precision": 0.027604630454140695,
        "recall": 0.07673267326732673,
        "f1-score": 0.04060248853962017,
        "support": 404.0
    },
    "10-1": {
        "precision": 0.9067357512953368,
        "recall": 0.43316831683168316,
        "f1-score": 0.5862646566164154,
        "support": 404.0
    },
    "10-11": {
        "precision": 0.004672897196261682,
        "recall": 0.0049504950495049506,
        "f1-score": 0.004807692307692308,
        "support": 404.0
    },
    "11-1": {
        "precision": 0.004846526655896607,
        "recall": 0.007425742574257425,
        "f1-score": 0.005865102639296188,
        "support": 404.0
    },
    "11-10": {
        "precision": 0.07462686567164178,
        "recall": 0.012376237623762377,
        "f1-score": 0.021231422505307854,
        "support": 404.0
    },
    "11-11": {
        "precision": 0.5934065934065934,
        "recall": 0.26732673267326734,
        "f1-score": 0.36860068259385664,
        "support": 404.0
    },
    "11-2": {
        "precision": 0.0,
        "recall": 0.0,
        "f1-score": 0.0,
        "support": 404.0
    },
    "11-3": {
        "precision": 1.0,
        "recall": 0.0024752475247524753,
        "f1-score": 0.0049382716049382715,
        "support": 404.0
    },
    "11-4": {
        "precision": 0.3333333333333333,
        "recall": 0.0024752475247524753,
        "f1-score": 0.004914004914004914,
        "support": 404.0
    },
    "11-5": {
        "precision": 0.22240618101545254,
        "recall": 0.9975247524752475,
        "f1-score": 0.3637184115523466,
        "support": 404.0
    },
    "11-6": {
        "precision": 0.00816326530612245,
        "recall": 0.0049504950495049506,
        "f1-score": 0.0061633281972265025,
        "support": 404.0
    },
    "11-7": {
        "precision": 0.0,
        "recall": 0.0,
        "f1-score": 0.0,
        "support": 404.0
    },
    "11-8": {
        "precision": 0.1694915254237288,
        "recall": 0.12376237623762376,
        "f1-score": 0.1430615164520744,
        "support": 404.0
    },
    "11-9": {
        "precision": 0.0,
        "recall": 0.0,
        "f1-score": 0.0,
        "support": 404.0
    },
    "2-1": {
        "precision": 0.0,
        "recall": 0.0,
        "f1-score": 0.0,
        "support": 404.0
    },
    "2-11": {
        "precision": 0.0,
        "recall": 0.0,
        "f1-score": 0.0,
        "support": 404.0
    },
    "3-1": {
        "precision": 0.0,
        "recall": 0.0,
        "f1-score": 0.0,
        "support": 404.0
    },
    "3-11": {
        "precision": 0.0038948393378773127,
        "recall": 0.009900990099009901,
        "f1-score": 0.005590496156533892,
        "support": 404.0
    },
    "4-1": {
        "precision": 0.0,
        "recall": 0.0,
        "f1-score": 0.0,
        "support": 404.0
    },
    "4-11": {
        "precision": 0.0,
        "recall": 0.0,
        "f1-score": 0.0,
        "support": 404.0
    },
    "5-1": {
        "precision": 0.75,
        "recall": 0.0297029702970297,
        "f1-score": 0.05714285714285714,
        "support": 404.0
    },
    "5-11": {
        "precision": 0.006369426751592357,
        "recall": 0.0024752475247524753,
        "f1-score": 0.0035650623885918,
        "support": 404.0
    },
    "6-1": {
        "precision": 0.004761904761904762,
        "recall": 0.0049504950495049506,
        "f1-score": 0.0048543689320388345,
        "support": 404.0
    },
    "6-10": {
        "precision": 0.011661807580174927,
        "recall": 0.009900990099009901,
        "f1-score": 0.0107095046854083,
        "support": 404.0
    },
    "6-11": {
        "precision": 0.037037037037037035,
        "recall": 0.012376237623762377,
        "f1-score": 0.01855287569573284,
        "support": 404.0
    },
    "6-2": {
        "precision": 0.0,
        "recall": 0.0,
        "f1-score": 0.0,
        "support": 404.0
    },
    "6-3": {
        "precision": 0.0,
        "recall": 0.0,
        "f1-score": 0.0,
        "support": 404.0
    },
    "6-4": {
        "precision": 0.0,
        "recall": 0.0,
        "f1-score": 0.0,
        "support": 404.0
    },
    "6-5": {
        "precision": 0.0,
        "recall": 0.0,
        "f1-score": 0.0,
        "support": 404.0
    },
    "6-6": {
        "precision": 0.0,
        "recall": 0.0,
        "f1-score": 0.0,
        "support": 404.0
    },
    "6-7": {
        "precision": 0.0,
        "recall": 0.0,
        "f1-score": 0.0,
        "support": 404.0
    },
    "6-8": {
        "precision": 0.0,
        "recall": 0.0,
        "f1-score": 0.0,
        "support": 404.0
    },
    "6-9": {
        "precision": 0.0,
        "recall": 0.0,
        "f1-score": 0.0,
        "support": 404.0
    },
    "7-1": {
        "precision": 0.001277139208173691,
        "recall": 0.0049504950495049506,
        "f1-score": 0.0020304568527918783,
        "support": 404.0
    },
    "7-11": {
        "precision": 0.0,
        "recall": 0.0,
        "f1-score": 0.0,
        "support": 404.0
    },
    "8-1": {
        "precision": 0.17715959004392387,
        "recall": 0.2995049504950495,
        "f1-score": 0.22263109475620976,
        "support": 404.0
    },
    "8-11": {
        "precision": 0.008298755186721992,
        "recall": 0.0049504950495049506,
        "f1-score": 0.006201550387596899,
        "support": 404.0
    },
    "9-1": {
        "precision": 0.0,
        "recall": 0.0,
        "f1-score": 0.0,
        "support": 404.0
    },
    "9-11": {
        "precision": 0.7337662337662337,
        "recall": 0.5594059405940595,
        "f1-score": 0.6348314606741573,
        "support": 404.0
    },
    "accuracy": 0.09385734491816529,
    "macro avg": {
        "precision": 0.11968239770240492,
        "recall": 0.09385734491816529,
        "f1-score": 0.07328714214834825,
        "support": 19796.0
    },
    "weighted avg": {
        "precision": 0.11968239770240492,
        "recall": 0.09385734491816529,
        "f1-score": 0.07328714214834825,
        "support": 19796.0
    },
    "Mean Distance Error (MDE)": 2.1813007980215096,
    "Pointwise MDE": {
        "1-1": {
            "count": 404,
            "MDE": 0.8034653465346533
        },
        "1-10": {
            "count": 404,
            "MDE": 0.7105601531113991
        },
        "1-11": {
            "count": 404,
            "MDE": 3.328220740883228
        },
        "1-2": {
            "count": 404,
            "MDE": 0.8353185666772308
        },