{
    "1-1": {
        "precision": 0.13604488078541374,
        "recall": 0.23095238095238096,
        "f1-score": 0.17122683142100617,
        "support": 420.0
    },
    "1-10": {
        "precision": 0.4,
        "recall": 0.009523809523809525,
        "f1-score": 0.018604651162790697,
        "support": 420.0
    },
    "1-11": {
        "precision": 0.0,
        "recall": 0.0,
        "f1-score": 0.0,
        "support": 420.0
    },
    "1-2": {
        "precision": 0.009940357852882704,
        "recall": 0.011904761904761904,
        "f1-score": 0.010834236186348862,
        "support": 420.0
    },
    "1-3": {
        "precision": 0.0,
        "recall": 0.0,
        "f1-score": 0.0,
        "support": 420.0
    },
    "1-4": {
        "precision": 0.007886435331230283,
        "recall": 0.011904761904761904,
        "f1-score": 0.009487666034155597,
        "support": 420.0
    },
    "1-5": {
        "precision": 0.27941176470588236,
        "recall": 0.04523809523809524,
        "f1-score": 0.0778688524590164,
        "support": 420.0
    },
    "1-6": {
        "precision": 0.5,
        "recall": 0.007142857142857143,
        "f1-score": 0.014084507042253521,
        "support": 420.0
    },
    "1-7": {
        "precision": 0.9491525423728814,
        "recall": 0.5333333333333333,
        "f1-score": 0.6829268292682927,
        "support": 420.0
    },
    "1-8": {
        "precision": 0.3982642237222758,
        "recall": 0.9833333333333333,
        "f1-score": 0.5669183253260124,
        "support": 420.0
    },
    "1-9": {
        "precision": 0.2962962962962963,
        "recall": 0.0380952380952381,
        "f1-score": 0.06751054852320675,
        "support": 420.0
    },
    "10-1": {
        "precision": 0.021505376344086023,
        "recall": 0.004761904761904762,
        "f1-score": 0.007797270955165692,
        "support": 420.0
    },
    "10-11": {
        "precision": 0.9736842105263158,
        "recall": 0.1761904761904762,
        "f1-score": 0.29838709677419356,
        "support": 420.0
    },
    "11-1": {
        "precision": 0.2601078167115903,
        "recall": 0.919047619047619,
        "f1-score": 0.4054621848739496,
        "support": 420.0
    },
    "11-10": {
        "precision": 0.014056224899598393,
        "recall": 0.016666666666666666,
        "f1-score": 0.015250544662309368,
        "support": 420.0
    },
    "11-11": {
        "precision": 0.006359300476947536,
        "recall": 0.009523809523809525,
        "f1-score": 0.0076263107721639654,
        "support": 420.0
    },
    "11-2": {
        "precision": 0.037037037037037035,
        "recall": 0.002380952380952381,
        "f1-score": 0.0044742729306487695,
        "support": 420.0
    },
    "11-3": {
        "precision": 0.16829745596868884,
        "recall": 0.20476190476190476,
        "f1-score": 0.18474758324382384,
        "support": 420.0
    },
    "11-4": {
        "precision": 0.46875,
        "recall": 0.25,
        "f1-score": 0.32608695652173914,
        "support": 420.0
    },
    "11-5": {
        "precision": 0.4918032786885246,
        "recall": 0.7857142857142857,
        "f1-score": 0.6049495875343721,
        "support": 420.0
    },
    "11-6": {
        "precision": 0.0,
        "recall": 0.0,
        "f1-score": 0.0,
        "support": 420.0
    },
    "11-7": {
        "precision": 0.5283842794759825,
        "recall": 0.5761904761904761,
        "f1-score": 0.55125284738041,
        "support": 420.0
    },
    "11-8": {
        "precision": 0.29577464788732394,
        "recall": 0.05,
        "f1-score": 0.0855397148676171,
        "support": 420.0
    },
    "11-9": {
        "precision": 0.20640569395017794,
        "recall": 0.2761904761904762,
        "f1-score": 0.23625254582484725,
        "support": 420.0
    },
    "2-1": {
        "precision": 0.1806083650190114,
        "recall": 0.2261904761904762,
        "f1-score": 0.20084566596194503,
        "support": 420.0
    },
    "2-11": {
        "precision": 0.2478920741989882,
        "recall": 0.35,
        "f1-score": 0.29022704837117475,
        "support": 420.0
    },
    "3-1": {
        "precision": 0.8204592901878914,
        "recall": 0.9357142857142857,
        "f1-score": 0.8743047830923248,
        "support": 420.0
    },
    "3-11": {
        "precision": 0.0071146245059288534,
        "recall": 0.02142857142857143,
        "f1-score": 0.010682492581602374,
        "support": 420.0
    },
    "4-1": {
        "precision": 0.02280130293159609,
        "recall": 0.03333333333333333,
        "f1-score": 0.027079303675048357,
        "support": 420.0
    },
    "4-11": {
        "precision": 0.8227091633466136,
        "recall": 0.9833333333333333,
        "f1-score": 0.89587852494577,
        "support": 420.0
    },
    "5-1": {
        "precision": 0.16483516483516483,
        "recall": 0.10714285714285714,
        "f1-score": 0.12987012987012986,
        "support": 420.0
    },
    "5-11": {
        "precision": 0.23076923076923078,
        "recall": 0.05,
        "f1-score": 0.0821917808219178,
        "support": 420.0
    },
    "6-1": {
        "precision": 0.28975265017667845,
        "recall": 0.5857142857142857,
        "f1-score": 0.3877068557919622,
        "support": 420.0
    },
    "6-10": {
        "precision": 0.05830903790087463,
        "recall": 0.047619047619047616,
        "f1-score": 0.05242463958060288,
        "support": 420.0
    },
    "6-11": {
        "precision": 0.13157894736842105,
        "recall": 0.023809523809523808,
        "f1-score": 0.04032258064516129,
        "support": 420.0
    },
    "6-2": {
        "precision": 0.07526881720430108,
        "recall": 0.16666666666666666,
        "f1-score": 0.1037037037037037,
        "support": 420.0
    },
    "6-3": {
        "precision": 0.4170403587443946,
        "recall": 0.22142857142857142,
        "f1-score": 0.2892690513219285,
        "support": 420.0
    },
    "6-4": {
        "precision": 0.0594059405940594,
        "recall": 0.014285714285714285,
        "f1-score": 0.023032629558541268,
        "support": 420.0
    },
    "6-5": {
        "precision": 0.45661157024793386,
        "recall": 0.5261904761904762,
        "f1-score": 0.4889380530973451,
        "support": 420.0
    },
    "6-6": {
        "precision": 0.7898550724637681,
        "recall": 0.5190476190476191,
        "f1-score": 0.6264367816091954,
        "support": 420.0
    },
    "6-7": {
        "precision": 0.09953703703703703,
        "recall": 0.10238095238095238,
        "f1-score": 0.10093896713615023,
        "support": 420.0
    },
    "6-8": {
        "precision": 0.7804878048780488,
        "recall": 0.0761904761904762,
        "f1-score": 0.13882863340563992,
        "support": 420.0
    },
    "6-9": {
        "precision": 0.2,
        "recall": 0.004761904761904762,
        "f1-score": 0.009302325581395349,
        "support": 420.0
    },
    "7-1": {
        "precision": 0.7161572052401747,
        "recall": 0.3904761904761905,
        "f1-score": 0.5053929121725732,
        "support": 420.0
    },
    "7-11": {
        "precision": 0.0,
        "recall": 0.0,
        "f1-score": 0.0,
        "support": 420.0
    },
    "8-1": {
        "precision": 0.425531914893617,
        "recall": 0.6190476190476191,
        "f1-score": 0.504364694471387,
        "support": 420.0
    },
    "8-11": {
        "precision": 0.21218074656188604,
        "recall": 0.5142857142857142,
        "f1-score": 0.3004172461752434,
        "support": 420.0
    },
    "9-1": {
        "precision": 0.1384297520661157,
        "recall": 0.1595238095238095,
        "f1-score": 0.14823008849557523,
        "support": 420.0
    },
    "9-11": {
        "precision": 0.2074074074074074,
        "recall": 0.26666666666666666,
        "f1-score": 0.23333333333333334,
        "support": 420.0
    },
    "accuracy": 0.24669582118561711,
    "macro avg": {
        "precision": 0.2857939857471894,