{
    "1-1": {
        "precision": 0.3216132368148914,
        "recall": 0.8120104438642297,
        "f1-score": 0.46074074074074073,
        "support": 383.0
    },
    "1-10": {
        "precision": 0.7652173913043478,
        "recall": 0.9190600522193212,
        "f1-score": 0.8351126927639383,
        "support": 383.0
    },
    "1-11": {
        "precision": 0.03501945525291829,
        "recall": 0.02349869451697128,
        "f1-score": 0.028125,
        "support": 383.0
    },
    "1-2": {
        "precision": 0.6172839506172839,
        "recall": 0.783289817232376,
        "f1-score": 0.6904487917146145,
        "support": 383.0
    },
    "1-3": {
        "precision": 0.5816993464052288,
        "recall": 0.23237597911227154,
        "f1-score": 0.332089552238806,
        "support": 383.0
    },
    "1-4": {
        "precision": 0.6868686868686869,
        "recall": 0.7101827676240209,
        "f1-score": 0.6983311938382541,
        "support": 383.0
    },
    "1-5": {
        "precision": 0.37566137566137564,
        "recall": 0.185378590078329,
        "f1-score": 0.24825174825174826,
        "support": 383.0
    },
    "1-6": {
        "precision": 0.5,
        "recall": 0.010443864229765013,
        "f1-score": 0.020460358056265986,
        "support": 383.0
    },
    "1-7": {
        "precision": 0.2112676056338028,
        "recall": 0.0391644908616188,
        "f1-score": 0.06607929515418502,
        "support": 383.0
    },
    "1-8": {
        "precision": 0.12665862484921592,
        "recall": 0.2741514360313316,
        "f1-score": 0.17326732673267325,
        "support": 383.0
    },
    "1-9": {
        "precision": 0.8428571428571429,
        "recall": 0.15404699738903394,
        "f1-score": 0.26048565121412803,
        "support": 383.0
    },
    "10-1": {
        "precision": 0.3933002481389578,
        "recall": 0.8276762402088773,
        "f1-score": 0.5332211942809083,
        "support": 383.0
    },
    "10-11": {
        "precision": 0.0,
        "recall": 0.0,
        "f1-score": 0.0,
        "support": 383.0
    },
    "11-1": {
        "precision": 0.3477272727272727,
        "recall": 0.39947780678851175,
        "f1-score": 0.3718104495747266,
        "support": 383.0
    },
    "11-10": {
        "precision": 0.7235772357723578,
        "recall": 0.46475195822454307,
        "f1-score": 0.5659777424483307,
        "support": 383.0
    },
    "11-11": {
        "precision": 0.029503105590062112,
        "recall": 0.04960835509138381,
        "f1-score": 0.03700097370983447,
        "support": 383.0
    },
    "11-2": {
        "precision": 0.0,
        "recall": 0.0,
        "f1-score": 0.0,
        "support": 383.0
    },
    "11-3": {
        "precision": 0.07692307692307693,
        "recall": 0.005221932114882507,
        "f1-score": 0.009779951100244499,
        "support": 383.0
    },
    "11-4": {
        "precision": 0.42295081967213116,
        "recall": 0.3368146214099217,
        "f1-score": 0.375,
        "support": 383.0
    },
    "11-5": {
        "precision": 0.5768535262206148,
        "recall": 0.8328981723237598,
        "f1-score": 0.6816239316239316,
        "support": 383.0
    },
    "11-6": {
        "precision": 0.0,
        "recall": 0.0,
        "f1-score": 0.0,
        "support": 383.0
    },
    "11-7": {
        "precision": 0.7075,
        "recall": 0.7389033942558747,
        "f1-score": 0.722860791826309,
        "support": 383.0
    },
    "11-8": {
        "precision": 0.5310344827586206,
        "recall": 0.804177545691906,
        "f1-score": 0.6396677050882659,
        "support": 383.0
    },
    "11-9": {
        "precision": 0.008403361344537815,
        "recall": 0.0026109660574412533,
        "f1-score": 0.00398406374501992,
        "support": 383.0
    },
    "2-1": {
        "precision": 0.033950617283950615,
        "recall": 0.028720626631853787,
        "f1-score": 0.031117397454031116,
        "support": 383.0
    },
    "2-11": {
        "precision": 0.8227513227513228,
        "recall": 0.8120104438642297,
        "f1-score": 0.8173455978975033,
        "support": 383.0
    },
    "3-1": {
        "precision": 0.8681818181818182,
        "recall": 0.9973890339425587,
        "f1-score": 0.928311057108141,
        "support": 383.0
    },
    "3-11": {
        "precision": 0.2609542356377799,
        "recall": 0.6997389033942559,
        "f1-score": 0.3801418439716312,
        "support": 383.0
    },
    "4-1": {
        "precision": 0.8968058968058968,
        "recall": 0.9530026109660574,
        "f1-score": 0.9240506329113924,
        "support": 383.0
    },
    "4-11": {
        "precision": 0.9081885856079405,
        "recall": 0.9556135770234987,
        "f1-score": 0.9312977099236641,
        "support": 383.0
    },
    "5-1": {
        "precision": 0.8744075829383886,
        "recall": 0.9634464751958225,
        "f1-score": 0.9167701863354037,
        "support": 383.0
    },
    "5-11": {
        "precision": 0.0,
        "recall": 0.0,
        "f1-score": 0.0,
        "support": 383.0
    },
    "6-1": {
        "precision": 0.037162162162162164,
        "recall": 0.028720626631853787,
        "f1-score": 0.03240058910162003,
        "support": 383.0
    },
    "6-10": {
        "precision": 0.4524390243902439,
        "recall": 0.9686684073107049,
        "f1-score": 0.6167913549459684,
        "support": 383.0
    },
    "6-11": {
        "precision": 0.22641509433962265,
        "recall": 0.031331592689295036,
        "f1-score": 0.05504587155963303,
        "support": 383.0
    },
    "6-2": {
        "precision": 0.07797270955165692,
        "recall": 0.10443864229765012,
        "f1-score": 0.08928571428571429,
        "support": 383.0
    },
    "6-3": {
        "precision": 0.49726027397260275,
        "recall": 0.9477806788511749,
        "f1-score": 0.6522911051212938,
        "support": 383.0
    },
    "6-4": {
        "precision": 0.925,
        "recall": 0.6762402088772846,
        "f1-score": 0.7812971342383107,
        "support": 383.0
    },
    "6-5": {
        "precision": 0.856353591160221,
        "recall": 0.4046997389033943,
        "f1-score": 0.549645390070922,
        "support": 383.0
    },
    "6-6": {
        "precision": 0.3790523690773067,
        "recall": 0.3968668407310705,
        "f1-score": 0.3877551020408163,
        "support": 383.0
    },
    "6-7": {
        "precision": 0.7819905213270142,
        "recall": 0.4308093994778068,
        "f1-score": 0.5555555555555556,
        "support": 383.0
    },
    "6-8": {
        "precision": 0.9418282548476454,
        "recall": 0.8877284595300261,
        "f1-score": 0.9139784946236559,
        "support": 383.0
    },
    "6-9": {
        "precision": 0.004484304932735426,
        "recall": 0.0026109660574412533,
        "f1-score": 0.0033003300330033004,
        "support": 383.0
    },
    "7-1": {
        "precision": 0.5506172839506173,
        "recall": 0.5822454308093995,
        "f1-score": 0.565989847715736,
        "support": 383.0
    },
    "7-11": {
        "precision": 0.9440993788819876,
        "recall": 0.793733681462141,
        "f1-score": 0.8624113475177305,
        "support": 383.0
    },
    "8-1": {
        "precision": 0.3122238586156112,
        "recall": 0.5535248041775457,
        "f1-score": 0.3992467043314501,
        "support": 383.0
    },
    "8-11": {
        "precision": 0.6628131021194605,
        "recall": 0.8981723237597912,
        "f1-score": 0.7627494456762749,
        "support": 383.0
    },
    "9-1": {
        "precision": 0.7558139534883721,
        "recall": 0.16971279373368145,
        "f1-score": 0.2771855010660981,
        "support": 383.0
    },
    "9-11": {
        "precision": 0.32526881720430106,
        "recall": 0.9477806788511749,
        "f1-score": 0.48432288192128087,
        "support": 383.0
    },
    "accuracy": 0.46613736878563433,
    "macro avg": {
        "precision": 0.45465213682941186,