{
    "1-1": {
        "precision": 0.05168776371308017,
        "recall": 0.11778846153846154,
        "f1-score": 0.0718475073313783,
        "support": 416.0
    },
    "1-10": {
        "precision": 0.1826086956521739,
        "recall": 0.10096153846153846,
        "f1-score": 0.13003095975232198,
        "support": 416.0
    },
    "1-11": {
        "precision": 0.0056179775280898875,
        "recall": 0.016826923076923076,
        "f1-score": 0.00842358604091456,
        "support": 416.0
    },
    "1-2": {
        "precision": 0.4909090909090909,
        "recall": 0.06490384615384616,
        "f1-score": 0.11464968152866242,
        "support": 416.0
    },
    "1-3": {
        "precision": 0.03089887640449438,
        "recall": 0.026442307692307692,
        "f1-score": 0.02849740932642487,
        "support": 416.0
    },
    "1-4": {
        "precision": 0.0,
        "recall": 0.0,
        "f1-score": 0.0,
        "support": 416.0
    },
    "1-5": {
        "precision": 0.35347432024169184,
        "recall": 0.28125,
        "f1-score": 0.3132530120481928,
        "support": 416.0
    },
    "1-6": {
        "precision": 0.19960474308300397,
        "recall": 0.24278846153846154,
        "f1-score": 0.21908893709327548,
        "support": 416.0
    },
    "1-7": {
        "precision": 0.006756756756756757,
        "recall": 0.009615384615384616,
        "f1-score": 0.007936507936507936,
        "support": 416.0
    },
    "1-8": {
        "precision": 0.1162227602905569,
        "recall": 0.11538461538461539,
        "f1-score": 0.1158021712907117,
        "support": 416.0
    },
    "1-9": {
        "precision": 0.003236245954692557,
        "recall": 0.002403846153846154,
        "f1-score": 0.002758620689655172,
        "support": 416.0
    },
    "10-1": {
        "precision": 0.0,
        "recall": 0.0,
        "f1-score": 0.0,
        "support": 416.0
    },
    "10-11": {
        "precision": 0.539906103286385,
        "recall": 0.2764423076923077,
        "f1-score": 0.3656597774244833,
        "support": 416.0
    },
    "11-1": {
        "precision": 0.22250639386189258,
        "recall": 0.2091346153846154,
        "f1-score": 0.21561338289962825,
        "support": 416.0
    },
    "11-10": {
        "precision": 0.03614457831325301,
        "recall": 0.04326923076923077,
        "f1-score": 0.03938730853391685,
        "support": 416.0
    },
    "11-11": {
        "precision": 0.0,
        "recall": 0.0,
        "f1-score": 0.0,
        "support": 416.0
    },
    "11-2": {
        "precision": 0.19907407407407407,
        "recall": 0.31009615384615385,
        "f1-score": 0.2424812030075188,
        "support": 416.0
    },
    "11-3": {
        "precision": 0.5294117647058824,
        "recall": 0.10817307692307693,
        "f1-score": 0.17964071856287425,
        "support": 416.0
    },
    "11-4": {
        "precision": 0.5769230769230769,
        "recall": 0.07211538461538461,
        "f1-score": 0.1282051282051282,
        "support": 416.0
    },
    "11-5": {
        "precision": 0.00725689404934688,
        "recall": 0.01201923076923077,
        "f1-score": 0.00904977375565611,
        "support": 416.0
    },
    "11-6": {
        "precision": 0.2600276625172891,
        "recall": 0.4519230769230769,
        "f1-score": 0.3301141352063213,
        "support": 416.0
    },
    "11-7": {
        "precision": 0.5930807248764415,
        "recall": 0.8653846153846154,
        "f1-score": 0.7038123167155426,
        "support": 416.0
    },
    "11-8": {
        "precision": 0.0,
        "recall": 0.0,
        "f1-score": 0.0,
        "support": 416.0
    },
    "11-9": {
        "precision": 0.3215339233038348,
        "recall": 0.2620192307692308,
        "f1-score": 0.28874172185430463,
        "support": 416.0
    },
    "2-1": {
        "precision": 0.2574626865671642,
        "recall": 0.1658653846153846,
        "f1-score": 0.20175438596491227,
        "support": 416.0
    },
    "2-11": {
        "precision": 0.07856598016781083,
        "recall": 0.24759615384615385,
        "f1-score": 0.11928199189345687,
        "support": 416.0
    },
    "3-1": {
        "precision": 0.6759259259259259,
        "recall": 0.17548076923076922,
        "f1-score": 0.2786259541984733,
        "support": 416.0
    },
    "3-11": {
        "precision": 0.0708955223880597,
        "recall": 0.09134615384615384,
        "f1-score": 0.07983193277310924,
        "support": 416.0
    },
    "4-1": {
        "precision": 0.03508771929824561,
        "recall": 0.004807692307692308,
        "f1-score": 0.008456659619450317,
        "support": 416.0
    },
    "4-11": {
        "precision": 0.0,
        "recall": 0.0,
        "f1-score": 0.0,
        "support": 416.0
    },
    "5-1": {
        "precision": 0.0,
        "recall": 0.0,
        "f1-score": 0.0,
        "support": 416.0
    },
    "5-11": {
        "precision": 0.03076923076923077,
        "recall": 0.03365384615384615,
        "f1-score": 0.03214695752009185,
        "support": 416.0
    },
    "6-1": {
        "precision": 0.0,
        "recall": 0.0,
        "f1-score": 0.0,
        "support": 416.0
    },
    "6-10": {
        "precision": 0.0,
        "recall": 0.0,
        "f1-score": 0.0,
        "support": 416.0
    },
    "6-11": {
        "precision": 0.0034129692832764505,
        "recall": 0.004807692307692308,
        "f1-score": 0.003992015968063872,
        "support": 416.0
    },
    "6-2": {
        "precision": 0.2998220640569395,
        "recall": 0.8100961538461539,
        "f1-score": 0.43766233766233764,
        "support": 416.0
    },
    "6-3": {
        "precision": 0.09803921568627451,
        "recall": 0.06009615384615385,
        "f1-score": 0.07451564828614009,
        "support": 416.0
    },
    "6-4": {
        "precision": 0.0,
        "recall": 0.0,
        "f1-score": 0.0,
        "support": 416.0
    },
    "6-5": {
        "precision": 0.007246376811594203,
        "recall": 0.002403846153846154,
        "f1-score": 0.0036101083032490976,
        "support": 416.0
    },
    "6-6": {
        "precision": 0.0,
        "recall": 0.0,
        "f1-score": 0.0,
        "support": 416.0
    },
    "6-7": {
        "precision": 0.0895645028759244,
        "recall": 0.2620192307692308,
        "f1-score": 0.1334966319657073,
        "support": 416.0
    },
    "6-8": {
        "precision": 0.006993006993006993,
        "recall": 0.002403846153846154,
        "f1-score": 0.0035778175313059034,
        "support": 416.0
    },
    "6-9": {
        "precision": 0.42857142857142855,
        "recall": 0.036057692307692304,
        "f1-score": 0.06651884700665188,
        "support": 416.0
    },
    "7-1": {
        "precision": 0.016666666666666666,
        "recall": 0.026442307692307692,
        "f1-score": 0.020446096654275093,
        "support": 416.0
    },
    "7-11": {
        "precision": 0.023255813953488372,
        "recall": 0.002403846153846154,
        "f1-score": 0.004357298474945534,
        "support": 416.0
    },
    "8-1": {
        "precision": 0.0,
        "recall": 0.0,
        "f1-score": 0.0,
        "support": 416.0
    },
    "8-11": {
        "precision": 0.01643835616438356,
        "recall": 0.014423076923076924,
        "f1-score": 0.015364916773367477,
        "support": 416.0
    },
    "9-1": {
        "precision": 0.0,
        "recall": 0.0,
        "f1-score": 0.0,
        "support": 416.0
    },
    "9-11": {
        "precision": 0.02490421455938697,
        "recall": 0.03125,
        "f1-score": 0.02771855010660981,
        "support": 416.0
    },
    "accuracy": 0.11347135007849293,
    "macro avg": {
        "precision": 0.14062253279967174,
        "recall": 0.11347135007849292,
        "f1-score": 0.10257861244705241,
        "support": 20384.0
    },
    "weighted avg": {
        "precision": 0.14062253279967174,
        "recall": 0.11347135007849293,
        "f1-score": 0.10257861244705238,