{
    "1-1": {
        "precision": 0.2545757071547421,
        "recall": 0.36778846153846156,
        "f1-score": 0.3008849557522124,
        "support": 416.0
    },
    "1-10": {
        "precision": 0.9840255591054313,
        "recall": 0.7403846153846154,
        "f1-score": 0.8449931412894376,
        "support": 416.0
    },
    "1-11": {
        "precision": 0.1328125,
        "recall": 0.3269230769230769,
        "f1-score": 0.18888888888888888,
        "support": 416.0
    },
    "1-2": {
        "precision": 0.6617283950617284,
        "recall": 0.6442307692307693,
        "f1-score": 0.6528623629719854,
        "support": 416.0
    },
    "1-3": {
        "precision": 0.05263157894736842,
        "recall": 0.002403846153846154,
        "f1-score": 0.004597701149425287,
        "support": 416.0
    },
    "1-4": {
        "precision": 0.20934411500449238,
        "recall": 0.5600961538461539,
        "f1-score": 0.30477436232831917,
        "support": 416.0
    },
    "1-5": {
        "precision": 0.200836820083682,
        "recall": 0.46153846153846156,
        "f1-score": 0.27988338192419826,
        "support": 416.0
    },
    "1-6": {
        "precision": 0.9781659388646288,
        "recall": 0.5384615384615384,
        "f1-score": 0.6945736434108527,
        "support": 416.0
    },
    "1-7": {
        "precision": 0.404,
        "recall": 0.24278846153846154,
        "f1-score": 0.3033033033033033,
        "support": 416.0
    },
    "1-8": {
        "precision": 0.46054333764553684,
        "recall": 0.8557692307692307,
        "f1-score": 0.5988225399495374,
        "support": 416.0
    },
    "1-9": {
        "precision": 0.4520547945205479,
        "recall": 0.15865384615384615,
        "f1-score": 0.23487544483985764,
        "support": 416.0
    },
    "10-1": {
        "precision": 0.45592705167173253,
        "recall": 0.7211538461538461,
        "f1-score": 0.5586592178770949,
        "support": 416.0
    },
    "10-11": {
        "precision": 0.25,
        "recall": 0.002403846153846154,
        "f1-score": 0.004761904761904762,
        "support": 416.0
    },
    "11-1": {
        "precision": 0.046875,
        "recall": 0.04326923076923077,
        "f1-score": 0.045,
        "support": 416.0
    },
    "11-10": {
        "precision": 0.7647058823529411,
        "recall": 0.4375,
        "f1-score": 0.5565749235474006,
        "support": 416.0
    },
    "11-11": {
        "precision": 0.005555555555555556,
        "recall": 0.009615384615384616,
        "f1-score": 0.007042253521126761,
        "support": 416.0
    },
    "11-2": {
        "precision": 0.2832369942196532,
        "recall": 0.23557692307692307,
        "f1-score": 0.2572178477690289,
        "support": 416.0
    },
    "11-3": {
        "precision": 0.5662650602409639,
        "recall": 0.11298076923076923,
        "f1-score": 0.18837675350701402,
        "support": 416.0
    },
    "11-4": {
        "precision": 0.1471861471861472,
        "recall": 0.3269230769230769,
        "f1-score": 0.20298507462686566,
        "support": 416.0
    },
    "11-5": {
        "precision": 0.13641618497109825,
        "recall": 0.28365384615384615,
        "f1-score": 0.18423106947697113,
        "support": 416.0
    },
    "11-6": {
        "precision": 0.8709677419354839,
        "recall": 0.06490384615384616,
        "f1-score": 0.12080536912751678,
        "support": 416.0
    },
    "11-7": {
        "precision": 0.29411764705882354,
        "recall": 0.02403846153846154,
        "f1-score": 0.044444444444444446,
        "support": 416.0
    },
    "11-8": {
        "precision": 0.01048951048951049,
        "recall": 0.007211538461538462,
        "f1-score": 0.008547008547008548,
        "support": 416.0
    },
    "11-9": {
        "precision": 0.016203703703703703,
        "recall": 0.016826923076923076,
        "f1-score": 0.01650943396226415,
        "support": 416.0
    },
    "2-1": {
        "precision": 0.015471167369901548,
        "recall": 0.026442307692307692,
        "f1-score": 0.019520851818988466,
        "support": 416.0
    },
    "2-11": {
        "precision": 0.8198433420365535,
        "recall": 0.7548076923076923,
        "f1-score": 0.785982478097622,
        "support": 416.0
    },
    "3-1": {
        "precision": 0.909952606635071,
        "recall": 0.46153846153846156,
        "f1-score": 0.6124401913875598,
        "support": 416.0
    },
    "3-11": {
        "precision": 0.04409448818897638,
        "recall": 0.0673076923076923,
        "f1-score": 0.0532825880114177,
        "support": 416.0
    },
    "4-1": {
        "precision": 0.23577235772357724,
        "recall": 0.2091346153846154,
        "f1-score": 0.22165605095541402,
        "support": 416.0
    },
    "4-11": {
        "precision": 0.6168067226890757,
        "recall": 0.8822115384615384,
        "f1-score": 0.7260138476755688,
        "support": 416.0
    },
    "5-1": {
        "precision": 0.015267175572519083,
        "recall": 0.004807692307692308,
        "f1-score": 0.007312614259597806,
        "support": 416.0
    },
    "5-11": {
        "precision": 0.010638297872340425,
        "recall": 0.002403846153846154,
        "f1-score": 0.00392156862745098,
        "support": 416.0
    },
    "6-1": {
        "precision": 0.1711111111111111,
        "recall": 0.3701923076923077,
        "f1-score": 0.23404255319148937,
        "support": 416.0
    },
    "6-10": {
        "precision": 0.1836734693877551,
        "recall": 0.04326923076923077,
        "f1-score": 0.07003891050583658,
        "support": 416.0
    },
    "6-11": {
        "precision": 0.08571428571428572,
        "recall": 0.007211538461538462,
        "f1-score": 0.013303769401330377,
        "support": 416.0
    },
    "6-2": {
        "precision": 0.4835589941972921,
        "recall": 0.6009615384615384,
        "f1-score": 0.5359056806002144,
        "support": 416.0
    },
    "6-3": {
        "precision": 0.044794188861985475,
        "recall": 0.0889423076923077,
        "f1-score": 0.05958132045088567,
        "support": 416.0
    },
    "6-4": {
        "precision": 0.0,
        "recall": 0.0,
        "f1-score": 0.0,
        "support": 416.0
    },
    "6-5": {
        "precision": 0.2976588628762542,
        "recall": 0.21394230769230768,
        "f1-score": 0.24895104895104894,
        "support": 416.0
    },
    "6-6": {
        "precision": 0.0,
        "recall": 0.0,
        "f1-score": 0.0,
        "support": 416.0
    },
    "6-7": {
        "precision": 0.08904109589041095,
        "recall": 0.0625,
        "f1-score": 0.07344632768361582,
        "support": 416.0
    },
    "6-8": {
        "precision": 0.0,
        "recall": 0.0,
        "f1-score": 0.0,
        "support": 416.0
    },
    "6-9": {
        "precision": 0.40298507462686567,
        "recall": 0.06490384615384616,
        "f1-score": 0.11180124223602485,
        "support": 416.0
    },
    "7-1": {
        "precision": 0.2375,
        "recall": 0.09134615384615384,
        "f1-score": 0.13194444444444445,
        "support": 416.0
    },
    "7-11": {
        "precision": 0.046242774566473986,
        "recall": 0.038461538461538464,
        "f1-score": 0.04199475065616798,
        "support": 416.0
    },
    "8-1": {
        "precision": 0.4523809523809524,
        "recall": 0.27403846153846156,
        "f1-score": 0.3413173652694611,
        "support": 416.0
    },
    "8-11": {
        "precision": 0.4192399049881235,
        "recall": 0.8485576923076923,
        "f1-score": 0.56120826709062,
        "support": 416.0
    },
    "9-1": {
        "precision": 0.08125,
        "recall": 0.09375,
        "f1-score": 0.08705357142857142,
        "support": 416.0
    },
    "9-11": {
        "precision": 0.25689655172413794,
        "recall": 0.7163461538461539,
        "f1-score": 0.37817258883248733,
        "support": 416.0
    },
    "accuracy": 0.26751373626373626,