{
    "1-1": {
        "precision": 0.4100119189511323,
        "recall": 0.7926267281105991,
        "f1-score": 0.5404556166535742,
        "support": 434.0
    },
    "1-10": {
        "precision": 0.4279379157427938,
        "recall": 0.4447004608294931,
        "f1-score": 0.43615819209039547,
        "support": 434.0
    },
    "1-11": {
        "precision": 0.3602811950790861,
        "recall": 0.47235023041474655,
        "f1-score": 0.4087736789631107,
        "support": 434.0
    },
    "1-2": {
        "precision": 0.7883597883597884,
        "recall": 0.3433179723502304,
        "f1-score": 0.478330658105939,
        "support": 434.0
    },
    "1-3": {
        "precision": 0.04477611940298507,
        "recall": 0.0069124423963133645,
        "f1-score": 0.011976047904191617,
        "support": 434.0
    },
    "1-4": {
        "precision": 0.4390992835209826,
        "recall": 0.988479262672811,
        "f1-score": 0.6080793763288448,
        "support": 434.0
    },
    "1-5": {
        "precision": 0.027210884353741496,
        "recall": 0.03686635944700461,
        "f1-score": 0.03131115459882583,
        "support": 434.0
    },
    "1-6": {
        "precision": 0.625,
        "recall": 0.01152073732718894,
        "f1-score": 0.02262443438914027,
        "support": 434.0
    },
    "1-7": {
        "precision": 0.4857142857142857,
        "recall": 0.9009216589861752,
        "f1-score": 0.6311541565778854,
        "support": 434.0
    },
    "1-8": {
        "precision": 0.0034059945504087193,
        "recall": 0.01152073732718894,
        "f1-score": 0.005257623554153523,
        "support": 434.0
    },
    "1-9": {
        "precision": 0.08641975308641975,
        "recall": 0.016129032258064516,
        "f1-score": 0.027184466019417475,
        "support": 434.0
    },
    "10-1": {
        "precision": 0.04751131221719457,
        "recall": 0.04838709677419355,
        "f1-score": 0.04794520547945205,
        "support": 434.0
    },
    "10-11": {
        "precision": 0.0,
        "recall": 0.0,
        "f1-score": 0.0,
        "support": 434.0
    },
    "11-1": {
        "precision": 0.07589285714285714,
        "recall": 0.03917050691244239,
        "f1-score": 0.05167173252279635,
        "support": 434.0
    },
    "11-10": {
        "precision": 0.3132118451025057,
        "recall": 0.6336405529953917,
        "f1-score": 0.4192073170731707,
        "support": 434.0
    },
    "11-11": {
        "precision": 0.1806282722513089,
        "recall": 0.15898617511520738,
        "f1-score": 0.16911764705882354,
        "support": 434.0
    },
    "11-2": {
        "precision": 0.009345794392523364,
        "recall": 0.002304147465437788,
        "f1-score": 0.0036968576709796672,
        "support": 434.0
    },
    "11-3": {
        "precision": 0.5657894736842105,
        "recall": 0.49539170506912444,
        "f1-score": 0.5282555282555282,
        "support": 434.0
    },
    "11-4": {
        "precision": 0.6089850249584027,
        "recall": 0.8433179723502304,
        "f1-score": 0.7072463768115942,
        "support": 434.0
    },
    "11-5": {
        "precision": 0.32954545454545453,
        "recall": 0.6013824884792627,
        "f1-score": 0.4257748776508972,
        "support": 434.0
    },
    "11-6": {
        "precision": 1.0,
        "recall": 0.5714285714285714,
        "f1-score": 0.7272727272727273,
        "support": 434.0
    },
    "11-7": {
        "precision": 0.5,
        "recall": 0.009216589861751152,
        "f1-score": 0.01809954751131222,
        "support": 434.0
    },
    "11-8": {
        "precision": 0.47191011235955055,
        "recall": 0.1935483870967742,
        "f1-score": 0.27450980392156865,
        "support": 434.0
    },
    "11-9": {
        "precision": 0.30228310502283107,
        "recall": 0.7626728110599078,
        "f1-score": 0.4329627207325049,
        "support": 434.0
    },
    "2-1": {
        "precision": 0.02152317880794702,
        "recall": 0.029953917050691243,
        "f1-score": 0.025048169556840076,
        "support": 434.0
    },
    "2-11": {
        "precision": 0.45161290322580644,
        "recall": 0.03225806451612903,
        "f1-score": 0.060215053763440864,
        "support": 434.0
    },
    "3-1": {
        "precision": 0.9504504504504504,
        "recall": 0.9723502304147466,
        "f1-score": 0.9612756264236902,
        "support": 434.0
    },
    "3-11": {
        "precision": 0.20491803278688525,
        "recall": 0.2880184331797235,
        "f1-score": 0.23946360153256704,
        "support": 434.0
    },
    "4-1": {
        "precision": 0.008968609865470852,
        "recall": 0.004608294930875576,
        "f1-score": 0.0060882800608828,
        "support": 434.0
    },
    "4-11": {
        "precision": 0.6329479768786127,
        "recall": 0.5046082949308756,
        "f1-score": 0.5615384615384615,
        "support": 434.0
    },
    "5-1": {
        "precision": 0.17525773195876287,
        "recall": 0.07834101382488479,
        "f1-score": 0.10828025477707007,
        "support": 434.0
    },
    "5-11": {
        "precision": 0.012345679012345678,
        "recall": 0.002304147465437788,
        "f1-score": 0.003883495145631068,
        "support": 434.0
    },
    "6-1": {
        "precision": 0.4177215189873418,
        "recall": 0.7603686635944701,
        "f1-score": 0.5392156862745098,
        "support": 434.0
    },
    "6-10": {
        "precision": 0.44779582366589327,
        "recall": 0.8894009216589862,
        "f1-score": 0.595679012345679,
        "support": 434.0
    },
    "6-11": {
        "precision": 0.35714285714285715,
        "recall": 0.04608294930875576,
        "f1-score": 0.08163265306122448,
        "support": 434.0
    },
    "6-2": {
        "precision": 0.437403400309119,
        "recall": 0.652073732718894,
        "f1-score": 0.5235892691951897,
        "support": 434.0
    },
    "6-3": {
        "precision": 0.47058823529411764,
        "recall": 0.2764976958525346,
        "f1-score": 0.3483309143686502,
        "support": 434.0
    },
    "6-4": {
        "precision": 0.0,
        "recall": 0.0,
        "f1-score": 0.0,
        "support": 434.0
    },
    "6-5": {
        "precision": 0.4878048780487805,
        "recall": 0.04608294930875576,
        "f1-score": 0.08421052631578947,
        "support": 434.0
    },
    "6-6": {
        "precision": 0.5026954177897575,
        "recall": 0.8594470046082949,
        "f1-score": 0.6343537414965986,
        "support": 434.0
    },
    "6-7": {
        "precision": 0.596244131455399,
        "recall": 0.5852534562211982,
        "f1-score": 0.5906976744186047,
        "support": 434.0
    },
    "6-8": {
        "precision": 0.0,
        "recall": 0.0,
        "f1-score": 0.0,
        "support": 434.0
    },
    "6-9": {
        "precision": 0.15079365079365079,
        "recall": 0.04377880184331797,
        "f1-score": 0.06785714285714285,
        "support": 434.0
    },
    "7-1": {
        "precision": 0.43283582089552236,
        "recall": 0.4009216589861751,
        "f1-score": 0.41626794258373206,
        "support": 434.0
    },
    "7-11": {
        "precision": 0.06766917293233082,
        "recall": 0.06221198156682028,
        "f1-score": 0.06482593037214886,
        "support": 434.0
    },
    "8-1": {
        "precision": 0.3584905660377358,
        "recall": 0.8755760368663594,
        "f1-score": 0.5087014725568942,
        "support": 434.0
    },
    "8-11": {
        "precision": 0.735,
        "recall": 0.6774193548387096,
        "f1-score": 0.7050359712230215,
        "support": 434.0
    },
    "9-1": {
        "precision": 0.07096774193548387,
        "recall": 0.05069124423963134,
        "f1-score": 0.05913978494623656,
        "support": 434.0
    },
    "9-11": {
        "precision": 0.12755102040816327,
        "recall": 0.1728110599078341,
        "f1-score": 0.14677103718199608,
        "support": 434.0
    },
    "accuracy": 0.3407316843788207,