{
    "1-1": {
        "precision": 0.36541143654114366,
        "recall": 0.6840731070496083,
        "f1-score": 0.4763636363636364,
        "support": 383.0
    },
    "1-10": {
        "precision": 0.16018306636155608,
        "recall": 0.18276762402088773,
        "f1-score": 0.17073170731707318,
        "support": 383.0
    },
    "1-11": {
        "precision": 0.005997001499250375,
        "recall": 0.010443864229765013,
        "f1-score": 0.007619047619047619,
        "support": 383.0
    },
    "1-2": {
        "precision": 0.5503355704697986,
        "recall": 0.4281984334203655,
        "f1-score": 0.48164464023494863,
        "support": 383.0
    },
    "1-3": {
        "precision": 0.906832298136646,
        "recall": 0.381201044386423,
        "f1-score": 0.5367647058823529,
        "support": 383.0
    },
    "1-4": {
        "precision": 0.0,
        "recall": 0.0,
        "f1-score": 0.0,
        "support": 383.0
    },
    "1-5": {
        "precision": 0.08379888268156424,
        "recall": 0.0783289817232376,
        "f1-score": 0.08097165991902834,
        "support": 383.0
    },
    "1-6": {
        "precision": 0.0,
        "recall": 0.0,
        "f1-score": 0.0,
        "support": 383.0
    },
    "1-7": {
        "precision": 0.007874015748031496,
        "recall": 0.013054830287206266,
        "f1-score": 0.009823182711198428,
        "support": 383.0
    },
    "1-8": {
        "precision": 0.0,
        "recall": 0.0,
        "f1-score": 0.0,
        "support": 383.0
    },
    "1-9": {
        "precision": 0.06932773109243698,
        "recall": 0.08616187989556136,
        "f1-score": 0.07683352735739232,
        "support": 383.0
    },
    "10-1": {
        "precision": 0.71,
        "recall": 0.9268929503916449,
        "f1-score": 0.8040770101925255,
        "support": 383.0
    },
    "10-11": {
        "precision": 0.03571428571428571,
        "recall": 0.005221932114882507,
        "f1-score": 0.009111617312072893,
        "support": 383.0
    },
    "11-1": {
        "precision": 0.3804143126177024,
        "recall": 0.5274151436031331,
        "f1-score": 0.4420131291028446,
        "support": 383.0
    },
    "11-10": {
        "precision": 0.20545454545454545,
        "recall": 0.2950391644908616,
        "f1-score": 0.2422293676312969,
        "support": 383.0
    },
    "11-11": {
        "precision": 0.020642201834862386,
        "recall": 0.02349869451697128,
        "f1-score": 0.02197802197802198,
        "support": 383.0
    },
    "11-2": {
        "precision": 0.0,
        "recall": 0.0,
        "f1-score": 0.0,
        "support": 383.0
    },
    "11-3": {
        "precision": 0.0,
        "recall": 0.0,
        "f1-score": 0.0,
        "support": 383.0
    },
    "11-4": {
        "precision": 0.8387096774193549,
        "recall": 0.06788511749347259,
        "f1-score": 0.12560386473429952,
        "support": 383.0
    },
    "11-5": {
        "precision": 0.5159574468085106,
        "recall": 0.25326370757180156,
        "f1-score": 0.3397548161120841,
        "support": 383.0
    },
    "11-6": {
        "precision": 0.0,
        "recall": 0.0,
        "f1-score": 0.0,
        "support": 383.0
    },
    "11-7": {
        "precision": 0.501412429378531,
        "recall": 0.9268929503916449,
        "f1-score": 0.6507791017415215,
        "support": 383.0
    },
    "11-8": {
        "precision": 0.06896551724137931,
        "recall": 0.005221932114882507,
        "f1-score": 0.009708737864077669,
        "support": 383.0
    },
    "11-9": {
        "precision": 0.0125,
        "recall": 0.0026109660574412533,
        "f1-score": 0.004319654427645789,
        "support": 383.0
    },
    "2-1": {
        "precision": 0.0024783147459727386,
        "recall": 0.005221932114882507,
        "f1-score": 0.0033613445378151263,
        "support": 383.0
    },
    "2-11": {
        "precision": 0.00847457627118644,
        "recall": 0.0026109660574412533,
        "f1-score": 0.003992015968063872,
        "support": 383.0
    },
    "3-1": {
        "precision": 0.6200657894736842,
        "recall": 0.9843342036553525,
        "f1-score": 0.7608476286579213,
        "support": 383.0
    },
    "3-11": {
        "precision": 0.2848258706467662,
        "recall": 0.597911227154047,
        "f1-score": 0.38584667228306657,
        "support": 383.0
    },
    "4-1": {
        "precision": 0.3188118811881188,
        "recall": 0.42036553524804177,
        "f1-score": 0.36261261261261263,
        "support": 383.0
    },
    "4-11": {
        "precision": 0.9371069182389937,
        "recall": 0.38903394255874674,
        "f1-score": 0.5498154981549815,
        "support": 383.0
    },
    "5-1": {
        "precision": 0.07936507936507936,
        "recall": 0.0391644908616188,
        "f1-score": 0.05244755244755245,
        "support": 383.0
    },
    "5-11": {
        "precision": 0.013179571663920923,
        "recall": 0.020887728459530026,
        "f1-score": 0.01616161616161616,
        "support": 383.0
    },
    "6-1": {
        "precision": 0.0064516129032258064,
        "recall": 0.0026109660574412533,
        "f1-score": 0.0037174721189591076,
        "support": 383.0
    },
    "6-10": {
        "precision": 0.6323529411764706,
        "recall": 0.4490861618798956,
        "f1-score": 0.5251908396946565,
        "support": 383.0
    },
    "6-11": {
        "precision": 0.03526448362720403,
        "recall": 0.03655352480417755,
        "f1-score": 0.035897435897435895,
        "support": 383.0
    },
    "6-2": {
        "precision": 0.3806706114398422,
        "recall": 0.5039164490861618,
        "f1-score": 0.4337078651685393,
        "support": 383.0
    },
    "6-3": {
        "precision": 0.22388059701492538,
        "recall": 0.0783289817232376,
        "f1-score": 0.11605415860735009,
        "support": 383.0
    },
    "6-4": {
        "precision": 0.034482758620689655,
        "recall": 0.013054830287206266,
        "f1-score": 0.01893939393939394,
        "support": 383.0
    },
    "6-5": {
        "precision": 0.0,
        "recall": 0.0,
        "f1-score": 0.0,
        "support": 383.0
    },
    "6-6": {
        "precision": 0.006932409012131715,
        "recall": 0.010443864229765013,
        "f1-score": 0.008333333333333333,
        "support": 383.0
    },
    "6-7": {
        "precision": 0.0,
        "recall": 0.0,
        "f1-score": 0.0,
        "support": 383.0
    },
    "6-8": {
        "precision": 0.0,
        "recall": 0.0,
        "f1-score": 0.0,
        "support": 383.0
    },
    "6-9": {
        "precision": 0.006535947712418301,
        "recall": 0.010443864229765013,
        "f1-score": 0.008040201005025126,
        "support": 383.0
    },
    "7-1": {
        "precision": 0.006622516556291391,
        "recall": 0.0026109660574412533,
        "f1-score": 0.003745318352059925,
        "support": 383.0
    },
    "7-11": {
        "precision": 0.11984282907662082,
        "recall": 0.15926892950391644,
        "f1-score": 0.1367713004484305,
        "support": 383.0
    },
    "8-1": {
        "precision": 0.44070080862533695,
        "recall": 0.8537859007832899,
        "f1-score": 0.5813333333333334,
        "support": 383.0
    },
    "8-11": {
        "precision": 0.48408710217755446,
        "recall": 0.7545691906005222,
        "f1-score": 0.5897959183673469,
        "support": 383.0
    },
    "9-1": {
        "precision": 0.02912621359223301,
        "recall": 0.007832898172323759,
        "f1-score": 0.012345679012345678,
        "support": 383.0
    },
    "9-11": {
        "precision": 0.10323886639676114,
        "recall": 0.13315926892950392,
        "f1-score": 0.11630558722919042,
        "support": 383.0
    },
    "accuracy": 0.21170139073906324,
    "macro avg": {
        "precision": 0.20844955343928626,
        "recall": 0.21170139073906322,
        "f1-score": 0.18807326950677752,
        "support": 18767.0
    },