{
    "1-1": {
        "precision": 0.016453382084095063,
        "recall": 0.02142857142857143,
        "f1-score": 0.01861427094105481,
        "support": 420.0
    },
    "1-10": {
        "precision": 0.04316546762589928,
        "recall": 0.014285714285714285,
        "f1-score": 0.02146690518783542,
        "support": 420.0
    },
    "1-11": {
        "precision": 0.0,
        "recall": 0.0,
        "f1-score": 0.0,
        "support": 420.0
    },
    "1-2": {
        "precision": 0.0,
        "recall": 0.0,
        "f1-score": 0.0,
        "support": 420.0
    },
    "1-3": {
        "precision": 0.9530026109660574,
        "recall": 0.8690476190476191,
        "f1-score": 0.9090909090909091,
        "support": 420.0
    },
    "1-4": {
        "precision": 0.22401847575057737,
        "recall": 0.23095238095238096,
        "f1-score": 0.22743259085580306,
        "support": 420.0
    },
    "1-5": {
        "precision": 0.043835616438356165,
        "recall": 0.0380952380952381,
        "f1-score": 0.04076433121019108,
        "support": 420.0
    },
    "1-6": {
        "precision": 0.1044776119402985,
        "recall": 0.016666666666666666,
        "f1-score": 0.028747433264887063,
        "support": 420.0
    },
    "1-7": {
        "precision": 0.3883495145631068,
        "recall": 0.38095238095238093,
        "f1-score": 0.38461538461538464,
        "support": 420.0
    },
    "1-8": {
        "precision": 0.027972027972027972,
        "recall": 0.009523809523809525,
        "f1-score": 0.014209591474245116,
        "support": 420.0
    },
    "1-9": {
        "precision": 0.003105590062111801,
        "recall": 0.002380952380952381,
        "f1-score": 0.0026954177897574125,
        "support": 420.0
    },
    "10-1": {
        "precision": 0.0,
        "recall": 0.0,
        "f1-score": 0.0,
        "support": 420.0
    },
    "10-11": {
        "precision": 0.0,
        "recall": 0.0,
        "f1-score": 0.0,
        "support": 420.0
    },
    "11-1": {
        "precision": 0.009673518742442563,
        "recall": 0.01904761904761905,
        "f1-score": 0.012830793905372895,
        "support": 420.0
    },
    "11-10": {
        "precision": 0.012096774193548387,
        "recall": 0.02142857142857143,
        "f1-score": 0.015463917525773196,
        "support": 420.0
    },
    "11-11": {
        "precision": 0.06453952139231327,
        "recall": 0.2119047619047619,
        "f1-score": 0.09894385769872151,
        "support": 420.0
    },
    "11-2": {
        "precision": 0.0,
        "recall": 0.0,
        "f1-score": 0.0,
        "support": 420.0
    },
    "11-3": {
        "precision": 0.45871559633027525,
        "recall": 0.8333333333333334,
        "f1-score": 0.591715976331361,
        "support": 420.0
    },
    "11-4": {
        "precision": 0.25,
        "recall": 0.016666666666666666,
        "f1-score": 0.03125,
        "support": 420.0
    },
    "11-5": {
        "precision": 0.004573170731707317,
        "recall": 0.014285714285714285,
        "f1-score": 0.006928406466512702,
        "support": 420.0
    },
    "11-6": {
        "precision": 0.0,
        "recall": 0.0,
        "f1-score": 0.0,
        "support": 420.0
    },
    "11-7": {
        "precision": 0.06623931623931624,
        "recall": 0.07380952380952381,
        "f1-score": 0.06981981981981981,
        "support": 420.0
    },
    "11-8": {
        "precision": 0.0045871559633027525,
        "recall": 0.002380952380952381,
        "f1-score": 0.003134796238244514,
        "support": 420.0
    },
    "11-9": {
        "precision": 0.13807531380753138,
        "recall": 0.15714285714285714,
        "f1-score": 0.14699331848552338,
        "support": 420.0
    },
    "2-1": {
        "precision": 0.16470588235294117,
        "recall": 0.26666666666666666,
        "f1-score": 0.20363636363636364,
        "support": 420.0
    },
    "2-11": {
        "precision": 0.005235602094240838,
        "recall": 0.002380952380952381,
        "f1-score": 0.0032733224222585926,
        "support": 420.0
    },
    "3-1": {
        "precision": 0.5637065637065637,
        "recall": 0.3476190476190476,
        "f1-score": 0.43004418262150224,
        "support": 420.0
    },
    "3-11": {
        "precision": 0.00684931506849315,
        "recall": 0.011904761904761904,
        "f1-score": 0.008695652173913044,
        "support": 420.0
    },
    "4-1": {
        "precision": 0.022757697456492636,
        "recall": 0.04047619047619048,
        "f1-score": 0.02913453299057412,
        "support": 420.0
    },
    "4-11": {
        "precision": 0.9838187702265372,
        "recall": 0.7238095238095238,
        "f1-score": 0.8340192043895748,
        "support": 420.0
    },
    "5-1": {
        "precision": 0.006048387096774193,
        "recall": 0.007142857142857143,
        "f1-score": 0.006550218340611353,
        "support": 420.0
    },
    "5-11": {
        "precision": 0.007444168734491315,
        "recall": 0.007142857142857143,
        "f1-score": 0.007290400972053463,
        "support": 420.0
    },
    "6-1": {
        "precision": 0.004464285714285714,
        "recall": 0.002380952380952381,
        "f1-score": 0.003105590062111801,
        "support": 420.0
    },
    "6-10": {
        "precision": 0.0048543689320388345,
        "recall": 0.002380952380952381,
        "f1-score": 0.003194888178913738,
        "support": 420.0
    },
    "6-11": {
        "precision": 0.003629764065335753,
        "recall": 0.004761904761904762,
        "f1-score": 0.004119464469618949,
        "support": 420.0
    },
    "6-2": {
        "precision": 0.22181818181818183,
        "recall": 0.4357142857142857,
        "f1-score": 0.29397590361445786,
        "support": 420.0
    },
    "6-3": {
        "precision": 0.05726872246696035,
        "recall": 0.030952380952380953,
        "f1-score": 0.0401854714064915,
        "support": 420.0
    },
    "6-4": {
        "precision": 0.0,
        "recall": 0.0,
        "f1-score": 0.0,
        "support": 420.0
    },
    "6-5": {
        "precision": 0.006711409395973154,
        "recall": 0.007142857142857143,
        "f1-score": 0.006920415224913495,
        "support": 420.0
    },
    "6-6": {
        "precision": 0.0,
        "recall": 0.0,
        "f1-score": 0.0,
        "support": 420.0
    },
    "6-7": {
        "precision": 0.20137299771167047,
        "recall": 0.41904761904761906,
        "f1-score": 0.27202472952086554,
        "support": 420.0
    },
    "6-8": {
        "precision": 0.012903225806451613,
        "recall": 0.014285714285714285,
        "f1-score": 0.013559322033898305,
        "support": 420.0
    },
    "6-9": {
        "precision": 0.0,
        "recall": 0.0,
        "f1-score": 0.0,
        "support": 420.0
    },
    "7-1": {
        "precision": 0.09395109395109395,
        "recall": 0.1738095238095238,
        "f1-score": 0.12197159565580618,
        "support": 420.0
    },
    "7-11": {
        "precision": 0.020618556701030927,
        "recall": 0.004761904761904762,
        "f1-score": 0.007736943907156673,
        "support": 420.0
    },
    "8-1": {
        "precision": 0.07492795389048991,
        "recall": 0.06190476190476191,
        "f1-score": 0.06779661016949153,
        "support": 420.0
    },
    "8-11": {
        "precision": 0.07591623036649214,
        "recall": 0.06904761904761905,
        "f1-score": 0.07231920199501247,
        "support": 420.0
    },
    "9-1": {
        "precision": 0.0,
        "recall": 0.0,
        "f1-score": 0.0,
        "support": 420.0
    },
    "9-11": {
        "precision": 0.02947845804988662,
        "recall": 0.030952380952380953,
        "f1-score": 0.030197444831591175,
        "support": 420.0
    },
    "accuracy": 0.1142371234207969,
    "macro avg": {
        "precision": 0.10982372041651824,
        "recall": 0.11423712342079688,
        "f1-score": 0.10376467713303218,
        "support": 20580.0
    },