{
    "1-1": {
        "precision": 0.006289308176100629,
        "recall": 0.0024752475247524753,
        "f1-score": 0.003552397868561279,
        "support": 404.0
    },
    "1-10": {
        "precision": 0.35714285714285715,
        "recall": 0.012376237623762377,
        "f1-score": 0.023923444976076555,
        "support": 404.0
    },
    "1-11": {
        "precision": 0.0030075187969924814,
        "recall": 0.0049504950495049506,
        "f1-score": 0.0037418147801683817,
        "support": 404.0
    },
    "1-2": {
        "precision": 0.2913907284768212,
        "recall": 0.7623762376237624,
        "f1-score": 0.4216290212183436,
        "support": 404.0
    },
    "1-3": {
        "precision": 0.0,
        "recall": 0.0,
        "f1-score": 0.0,
        "support": 404.0
    },
    "1-4": {
        "precision": 0.0,
        "recall": 0.0,
        "f1-score": 0.0,
        "support": 404.0
    },
    "1-5": {
        "precision": 0.0017889087656529517,
        "recall": 0.0024752475247524753,
        "f1-score": 0.0020768431983385254,
        "support": 404.0
    },
    "1-6": {
        "precision": 0.5082802547770701,
        "recall": 0.9876237623762376,
        "f1-score": 0.671152228763667,
        "support": 404.0
    },
    "1-7": {
        "precision": 0.0,
        "recall": 0.0,
        "f1-score": 0.0,
        "support": 404.0
    },
    "1-8": {
        "precision": 0.0045871559633027525,
        "recall": 0.012376237623762377,
        "f1-score": 0.006693440428380187,
        "support": 404.0
    },
    "1-9": {
        "precision": 0.7328605200945626,
        "recall": 0.7673267326732673,
        "f1-score": 0.7496977025392987,
        "support": 404.0
    },
    "10-1": {
        "precision": 0.5942307692307692,
        "recall": 0.7648514851485149,
        "f1-score": 0.6688311688311688,
        "support": 404.0
    },
    "10-11": {
        "precision": 0.0,
        "recall": 0.0,
        "f1-score": 0.0,
        "support": 404.0
    },
    "11-1": {
        "precision": 0.019171779141104295,
        "recall": 0.06188118811881188,
        "f1-score": 0.02927400468384075,
        "support": 404.0
    },
    "11-10": {
        "precision": 0.2222222222222222,
        "recall": 0.0049504950495049506,
        "f1-score": 0.009685230024213076,
        "support": 404.0
    },
    "11-11": {
        "precision": 0.0,
        "recall": 0.0,
        "f1-score": 0.0,
        "support": 404.0
    },
    "11-2": {
        "precision": 0.9132947976878613,
        "recall": 0.3910891089108911,
        "f1-score": 0.5476603119584056,
        "support": 404.0
    },
    "11-3": {
        "precision": 0.011904761904761904,
        "recall": 0.0024752475247524753,
        "f1-score": 0.004098360655737705,
        "support": 404.0
    },
    "11-4": {
        "precision": 0.4442748091603053,
        "recall": 0.7202970297029703,
        "f1-score": 0.5495750708215298,
        "support": 404.0
    },
    "11-5": {
        "precision": 0.07462686567164178,
        "recall": 0.012376237623762377,
        "f1-score": 0.021231422505307854,
        "support": 404.0
    },
    "11-6": {
        "precision": 0.0,
        "recall": 0.0,
        "f1-score": 0.0,
        "support": 404.0
    },
    "11-7": {
        "precision": 0.0,
        "recall": 0.0,
        "f1-score": 0.0,
        "support": 404.0
    },
    "11-8": {
        "precision": 0.40730337078651685,
        "recall": 0.7178217821782178,
        "f1-score": 0.5197132616487455,
        "support": 404.0
    },
    "11-9": {
        "precision": 0.0,
        "recall": 0.0,
        "f1-score": 0.0,
        "support": 404.0
    },
    "2-1": {
        "precision": 0.022857142857142857,
        "recall": 0.04950495049504951,
        "f1-score": 0.03127443315089914,
        "support": 404.0
    },
    "2-11": {
        "precision": 0.0015105740181268882,
        "recall": 0.0024752475247524753,
        "f1-score": 0.001876172607879925,
        "support": 404.0
    },
    "3-1": {
        "precision": 0.8181818181818182,
        "recall": 0.11138613861386139,
        "f1-score": 0.19607843137254902,
        "support": 404.0
    },
    "3-11": {
        "precision": 0.0026899798251513113,
        "recall": 0.009900990099009901,
        "f1-score": 0.004230565838180857,
        "support": 404.0
    },
    "4-1": {
        "precision": 0.0,
        "recall": 0.0,
        "f1-score": 0.0,
        "support": 404.0
    },
    "4-11": {
        "precision": 0.0,
        "recall": 0.0,
        "f1-score": 0.0,
        "support": 404.0
    },
    "5-1": {
        "precision": 0.9732620320855615,
        "recall": 0.4504950495049505,
        "f1-score": 0.6159052453468697,
        "support": 404.0
    },
    "5-11": {
        "precision": 0.023255813953488372,
        "recall": 0.0024752475247524753,
        "f1-score": 0.0044742729306487695,
        "support": 404.0
    },
    "6-1": {
        "precision": 0.010638297872340425,
        "recall": 0.009900990099009901,
        "f1-score": 0.010256410256410256,
        "support": 404.0
    },
    "6-10": {
        "precision": 0.11392405063291139,
        "recall": 0.13366336633663367,
        "f1-score": 0.12300683371298406,
        "support": 404.0
    },
    "6-11": {
        "precision": 0.07692307692307693,
        "recall": 0.0024752475247524753,
        "f1-score": 0.004796163069544364,
        "support": 404.0
    },
    "6-2": {
        "precision": 0.001893939393939394,
        "recall": 0.0024752475247524753,
        "f1-score": 0.002145922746781116,
        "support": 404.0
    },
    "6-3": {
        "precision": 0.9842105263157894,
        "recall": 0.9257425742574258,
        "f1-score": 0.9540816326530612,
        "support": 404.0
    },
    "6-4": {
        "precision": 0.0,
        "recall": 0.0,
        "f1-score": 0.0,
        "support": 404.0
    },
    "6-5": {
        "precision": 0.0,
        "recall": 0.0,
        "f1-score": 0.0,
        "support": 404.0
    },
    "6-6": {
        "precision": 0.0,
        "recall": 0.0,
        "f1-score": 0.0,
        "support": 404.0
    },
    "6-7": {
        "precision": 0.0043541364296081275,
        "recall": 0.007425742574257425,
        "f1-score": 0.0054894784995425435,
        "support": 404.0
    },
    "6-8": {
        "precision": 0.0,
        "recall": 0.0,
        "f1-score": 0.0,
        "support": 404.0
    },
    "6-9": {
        "precision": 0.0,
        "recall": 0.0,
        "f1-score": 0.0,
        "support": 404.0
    },
    "7-1": {
        "precision": 0.49873417721518987,
        "recall": 0.9752475247524752,
        "f1-score": 0.6599664991624791,
        "support": 404.0
    },
    "7-11": {
        "precision": 0.0,
        "recall": 0.0,
        "f1-score": 0.0,
        "support": 404.0
    },
    "8-1": {
        "precision": 0.24940047961630696,
        "recall": 0.7722772277227723,
        "f1-score": 0.3770392749244713,
        "support": 404.0
    },
    "8-11": {
        "precision": 0.01282051282051282,
        "recall": 0.0024752475247524753,
        "f1-score": 0.004149377593360996,
        "support": 404.0
    },
    "9-1": {
        "precision": 0.8847457627118644,
        "recall": 0.6460396039603961,
        "f1-score": 0.7467811158798283,
        "support": 404.0
    },
    "9-11": {
        "precision": 0.4867924528301887,
        "recall": 0.9579207920792079,
        "f1-score": 0.6455379482902419,
        "support": 404.0
    },
    "accuracy": 0.20999191755910285,
    "macro avg": {
        "precision": 0.1991545184016645,
        "recall": 0.20999191755910285,
        "f1-score": 0.1759107245497452,
        "support": 19796.0
    },
    "weighted avg": {
        "precision": 0.19915451840166448,
        "recall": 0.20999191755910285,
        "f1-score": 0.17591072454974524,
        "support": 19796.0
    },
    "Mean Distance Error (MDE)": 1.2157961089221012,
    "Pointwise MDE": {
        "1-1": {
            "count": 404,