{
    "1-1": {
        "mde": 0.07493684877559359,
        "count": 386
    },
    "1-10": {
        "mde": 0.04818652849740933,
        "count": 386
    },
    "1-11": {
        "mde": 0.08778371821134455,
        "count": 386
    },
    "1-2": {
        "mde": 0.015672687870929878,
        "count": 386
    },
    "1-3": {
        "mde": 0.13735397973503288,
        "count": 386
    },
    "1-4": {
        "mde": 0.1635497347981356,
        "count": 386
    },
    "1-5": {
        "mde": 0.08745744880374381,
        "count": 386
    },
    "1-6": {
        "mde": 0.03730569948186528,
        "count": 386
    },
    "1-7": {
        "mde": 0.1135234665003669,
        "count": 386
    },
    "1-8": {
        "mde": 0.13176735173202433,
        "count": 386
    },
    "1-9": {
        "mde": 0.14555037591473885,
        "count": 386
    },
    "10-1": {
        "mde": 0.03767264452461109,
        "count": 386
    },
    "10-11": {
        "mde": 0.06907276806933016,
        "count": 386
    },
    "11-1": {
        "mde": 0.44054013843911716,
        "count": 386
    },
    "11-10": {
        "mde": 0.007228416901356815,
        "count": 386
    },
    "11-11": {
        "mde": 0.02487046632124352,
        "count": 386
    },
    "11-2": {
        "mde": 0.06936255511662796,
        "count": 386
    },
    "11-3": {
        "mde": 0.04974093264248705,
        "count": 386
    },
    "11-4": {
        "mde": 0.06952767927610015,
        "count": 386
    },
    "11-5": {
        "mde": 0.031088082901554404,
        "count": 386
    },
    "11-6": {
        "mde": 0.11191709844559586,
        "count": 386
    },
    "11-7": {
        "mde": 0.062176165803108814,
        "count": 386
    },
    "11-8": {
        "mde": 0.0704526766637359,
        "count": 386
    },
    "11-9": {
        "mde": 0.02057419892875615,
        "count": 386
    },
    "2-1": {
        "mde": 0.27352406989589617,
        "count": 386
    },
    "2-11": {
        "mde": 0.07855414981426335,
        "count": 386
    },
    "3-1": {
        "mde": 0.029647557690918837,
        "count": 386
    },
    "3-11": {
        "mde": 0.24038462367538507,
        "count": 386
    },
    "4-1": {
        "mde": 0.16755734575615175,
        "count": 386
    },
    "4-11": {
        "mde": 0.07280598893611011,
        "count": 386
    },
    "5-1": {
        "mde": 0.04507772020725388,
        "count": 386
    },
    "5-11": {
        "mde": 0.02702961205582809,
        "count": 386
    },
    "6-1": {
        "mde": 0.4259067357512953,
        "count": 386
    },
    "6-10": {
        "mde": 0.03337406798736377,
        "count": 386
    },
    "6-11": {
        "mde": 0.024870466321243522,
        "count": 386
    },
    "6-2": {
        "mde": 0.0628504849416046,
        "count": 386
    },
    "6-3": {
        "mde": 0.0015544041450777204,
        "count": 386
    },
    "6-4": {
        "mde": 0.01639498829114438,
        "count": 386
    },
    "6-5": {
        "mde": 0.08913291275418725,
        "count": 386
    },
    "6-6": {
        "mde": 0.06304334255698345,
        "count": 386
    },
    "6-7": {
        "mde": 0.03121672932170708,
        "count": 386
    },
    "6-8": {
        "mde": 0.13929598989063058,
        "count": 386
    },
    "6-9": {
        "mde": 0.11437424793902377,
        "count": 386
    },
    "7-1": {
        "mde": 0.03264248704663212,
        "count": 386
    },
    "7-11": {
        "mde": 0.1110065495788183,
        "count": 386
    },
    "8-1": {
        "mde": 0.10642458538478322,
        "count": 386
    },
    "8-11": {
        "mde": 0.07186953571632093,
        "count": 386
    },
    "9-1": {
        "mde": 0.07755678889593125,
        "count": 386
    },
    "9-11": {
        "mde": 0.04352331606217619,
        "count": 386
    }
}