{
    "1-1": {
        "mde": 0.009863013698630137,
        "count": 365
    },
    "1-10": {
        "mde": 0.06562506271072281,
        "count": 365
    },
    "1-11": {
        "mde": 0.14598945152203835,
        "count": 365
    },
    "1-2": {
        "mde": 0.1289000770888325,
        "count": 365
    },
    "1-3": {
        "mde": 0.07040289390369238,
        "count": 365
    },
    "1-4": {
        "mde": 0.013150684931506848,
        "count": 365
    },
    "1-5": {
        "mde": 0.04458592705580985,
        "count": 365
    },
    "1-6": {
        "mde": 0.21073650251044204,
        "count": 365
    },
    "1-7": {
        "mde": 0.24987257477768562,
        "count": 365
    },
    "1-8": {
        "mde": 0.0598291694044457,
        "count": 365
    },
    "1-9": {
        "mde": 0.017990583961642454,
        "count": 365
    },
    "10-1": {
        "mde": 0.2134755719817568,
        "count": 365
    },
    "10-11": {
        "mde": 0.028478721074526175,
        "count": 365
    },
    "11-1": {
        "mde": 0.04602739726027397,
        "count": 365
    },
    "11-10": {
        "mde": 0.04421834784100545,
        "count": 365
    },
    "11-11": {
        "mde": 0.014794520547945196,
        "count": 365
    },
    "11-2": {
        "mde": 0.053279730798557155,
        "count": 365
    },
    "11-3": {
        "mde": 0.17589041095890412,
        "count": 365
    },
    "11-4": {
        "mde": 0.03341022792384125,
        "count": 365
    },
    "11-5": {
        "mde": 0.03287671232876712,
        "count": 365
    },
    "11-6": {
        "mde": 0.16564985690016826,
        "count": 365
    },
    "11-7": {
        "mde": 0.06309890105282384,
        "count": 365
    },
    "11-8": {
        "mde": 0.027945205479452062,
        "count": 365
    },
    "11-9": {
        "mde": 0.11425120339517071,
        "count": 365
    },
    "2-1": {
        "mde": 0.12633294913498092,
        "count": 365
    },
    "2-11": {
        "mde": 0.0626892223909786,
        "count": 365
    },
    "3-1": {
        "mde": 0.043342153992090605,
        "count": 365
    },
    "3-11": {
        "mde": 0.04222982665569379,
        "count": 365
    },
    "4-1": {
        "mde": 0.1021171176915174,
        "count": 365
    },
    "4-11": {
        "mde": 0.05253347338047237,
        "count": 365
    },
    "5-1": {
        "mde": 0.016705113961920624,
        "count": 365
    },
    "5-11": {
        "mde": 0.14074976975619252,
        "count": 365
    },
    "6-1": {
        "mde": 0.16438356164383564,
        "count": 365
    },
    "6-10": {
        "mde": 0.02930700349273345,
        "count": 365
    },
    "6-11": {
        "mde": 0.06418696207697276,
        "count": 365
    },
    "6-2": {
        "mde": 0.11550098196288114,
        "count": 365
    },
    "6-3": {
        "mde": 0.03655244051095856,
        "count": 365
    },
    "6-4": {
        "mde": 0.11178082191780823,
        "count": 365
    },
    "6-5": {
        "mde": 0.05276551152919363,
        "count": 365
    },
    "6-6": {
        "mde": 0.06674163824320836,
        "count": 365
    },
    "6-7": {
        "mde": 0.06451431986504436,
        "count": 365
    },
    "6-8": {
        "mde": 0.2489349512776245,
        "count": 365
    },
    "6-9": {
        "mde": 0.15752849429503596,
        "count": 365
    },
    "7-1": {
        "mde": 0.05581305636385198,
        "count": 365
    },
    "7-11": {
        "mde": 0.011506849315068493,
        "count": 365
    },
    "8-1": {
        "mde": 0.09527501742822693,
        "count": 365
    },
    "8-11": {
        "mde": 0.0032876712328767104,
        "count": 365
    },
    "9-1": {
        "mde": 0.11921908747237057,
        "count": 365
    },
    "9-11": {
        "mde": 0.044897939501797414,
        "count": 365
    }
}