{
    "1-1": {
        "mde": 0.06716417910447761,
        "count": 402
    },
    "1-10": {
        "mde": 0.13698858394726884,
        "count": 402
    },
    "1-11": {
        "mde": 0.20590257935353273,
        "count": 402
    },
    "1-2": {
        "mde": 0.025329198132055433,
        "count": 402
    },
    "1-3": {
        "mde": 0.005970149253731344,
        "count": 402
    },
    "1-4": {
        "mde": 0.10202080750371915,
        "count": 402
    },
    "1-5": {
        "mde": 0.19939420459933838,
        "count": 402
    },
    "1-6": {
        "mde": 0.011940298507462688,
        "count": 402
    },
    "1-7": {
        "mde": 0.019402985074626868,
        "count": 402
    },
    "1-8": {
        "mde": 0.05571845460798447,
        "count": 402
    },
    "1-9": {
        "mde": 0.15361707117450876,
        "count": 402
    },
    "10-1": {
        "mde": 0.21639348245589773,
        "count": 402
    },
    "10-11": {
        "mde": 0.09476480970518007,
        "count": 402
    },
    "11-1": {
        "mde": 0.1882917827185127,
        "count": 402
    },
    "11-10": {
        "mde": 0.08811202664287032,
        "count": 402
    },
    "11-11": {
        "mde": 0.008955223880597012,
        "count": 402
    },
    "11-2": {
        "mde": 0.07182553078450397,
        "count": 402
    },
    "11-3": {
        "mde": 0.056816447570664314,
        "count": 402
    },
    "11-4": {
        "mde": 0.04477611940298507,
        "count": 402
    },
    "11-5": {
        "mde": 0.03463562411330728,
        "count": 402
    },
    "11-6": {
        "mde": 0.07233902368095017,
        "count": 402
    },
    "11-7": {
        "mde": 0.08376582929196667,
        "count": 402
    },
    "11-8": {
        "mde": 0.08208955223880599,
        "count": 402
    },
    "11-9": {
        "mde": 0.16325760030818218,
        "count": 402
    },
    "2-1": {
        "mde": 0.016766187271692323,
        "count": 402
    },
    "2-11": {
        "mde": 0.12047231782113678,
        "count": 402
    },
    "3-1": {
        "mde": 0.16837992621295284,
        "count": 402
    },
    "3-11": {
        "mde": 0.07128139361275664,
        "count": 402
    },
    "4-1": {
        "mde": 0.15038807744261906,
        "count": 402
    },
    "4-11": {
        "mde": 0.029594667350367452,
        "count": 402
    },
    "5-1": {
        "mde": 0.20569435353702428,
        "count": 402
    },
    "5-11": {
        "mde": 0.05643490791170433,
        "count": 402
    },
    "6-1": {
        "mde": 0.091044776119403,
        "count": 402
    },
    "6-10": {
        "mde": 0.06278881378254395,
        "count": 402
    },
    "6-11": {
        "mde": 0.023880597014925366,
        "count": 402
    },
    "6-2": {
        "mde": 0.05646385276906976,
        "count": 402
    },
    "6-3": {
        "mde": 0.19692442672110477,
        "count": 402
    },
    "6-4": {
        "mde": 0.09119256643819816,
        "count": 402
    },
    "6-5": {
        "mde": 0.06937937958317505,
        "count": 402
    },
    "6-6": {
        "mde": 0.03596868584118326,
        "count": 402
    },
    "6-7": {
        "mde": 0.11733466684829974,
        "count": 402
    },
    "6-8": {
        "mde": 0.25265928629749235,
        "count": 402
    },
    "6-9": {
        "mde": 0.043433804243922264,
        "count": 402
    },
    "7-1": {
        "mde": 0.051113748136172116,
        "count": 402
    },
    "7-11": {
        "mde": 0.0462686567164179,
        "count": 402
    },
    "8-1": {
        "mde": 0.0607585133320886,
        "count": 402
    },
    "8-11": {
        "mde": 0.041286423566702375,
        "count": 402
    },
    "9-1": {
        "mde": 0.1031741020986466,
        "count": 402
    },
    "9-11": {
        "mde": 0.025373134328358218,
        "count": 402
    }
}