{
    "1-1": {
        "mde": 0.023076923076923075,
        "count": 416
    },
    "1-10": {
        "mde": 0.043446786960025456,
        "count": 416
    },
    "1-11": {
        "mde": 0.04759615384615384,
        "count": 416
    },
    "1-2": {
        "mde": 0.024894548287493774,
        "count": 416
    },
    "1-3": {
        "mde": 0.08076923076923077,
        "count": 416
    },
    "1-4": {
        "mde": 0.04461433741505393,
        "count": 416
    },
    "1-5": {
        "mde": 0.049038461538461545,
        "count": 416
    },
    "1-6": {
        "mde": 0.07211538461538461,
        "count": 416
    },
    "1-7": {
        "mde": 0.10654998756817337,
        "count": 416
    },
    "1-8": {
        "mde": 0.13017477971393696,
        "count": 416
    },
    "1-9": {
        "mde": 0.029249076059266924,
        "count": 416
    },
    "10-1": {
        "mde": 0.28931140772633374,
        "count": 416
    },
    "10-11": {
        "mde": 0.05142815516753712,
        "count": 416
    },
    "11-1": {
        "mde": 0.02139079600218072,
        "count": 416
    },
    "11-10": {
        "mde": 0.015020500330345802,
        "count": 416
    },
    "11-11": {
        "mde": 0.030288461538461535,
        "count": 416
    },
    "11-2": {
        "mde": 0.19820087368403336,
        "count": 416
    },
    "11-3": {
        "mde": 0.4471153846153847,
        "count": 416
    },
    "11-4": {
        "mde": 0.017307692307692305,
        "count": 416
    },
    "11-5": {
        "mde": 0.004326923076923076,
        "count": 416
    },
    "11-6": {
        "mde": 0.0389423076923077,
        "count": 416
    },
    "11-7": {
        "mde": 0.06796601772925624,
        "count": 416
    },
    "11-8": {
        "mde": 0.059339618688073484,
        "count": 416
    },
    "11-9": {
        "mde": 0.12403846153846151,
        "count": 416
    },
    "2-1": {
        "mde": 0.21119647108303521,
        "count": 416
    },
    "2-11": {
        "mde": 0.38075842179048114,
        "count": 416
    },
    "3-1": {
        "mde": 0.016738775878073063,
        "count": 416
    },
    "3-11": {
        "mde": 0.05324254998818697,
        "count": 416
    },
    "4-1": {
        "mde": 0.22147394771635737,
        "count": 416
    },
    "4-11": {
        "mde": 0.03776010560696964,
        "count": 416
    },
    "5-1": {
        "mde": 0.1872879815392406,
        "count": 416
    },
    "5-11": {
        "mde": 0.0207928959591328,
        "count": 416
    },
    "6-1": {
        "mde": 0.4185293363762005,
        "count": 416
    },
    "6-10": {
        "mde": 0.01200657017356263,
        "count": 416
    },
    "6-11": {
        "mde": 0.04038461538461539,
        "count": 416
    },
    "6-2": {
        "mde": 0.1054666517214809,
        "count": 416
    },
    "6-3": {
        "mde": 0.25566265085797074,
        "count": 416
    },
    "6-4": {
        "mde": 0.176821539458744,
        "count": 416
    },
    "6-5": {
        "mde": 0.14019566326332236,
        "count": 416
    },
    "6-6": {
        "mde": 0.32490898162752035,
        "count": 416
    },
    "6-7": {
        "mde": 0.09282020056633754,
        "count": 416
    },
    "6-8": {
        "mde": 0.06972354836641163,
        "count": 416
    },
    "6-9": {
        "mde": 0.08676508233351726,
        "count": 416
    },
    "7-1": {
        "mde": 0.3720916239860934,
        "count": 416
    },
    "7-11": {
        "mde": 0.02307692307692308,
        "count": 416
    },
    "8-1": {
        "mde": 0.055681083570380756,
        "count": 416
    },
    "8-11": {
        "mde": 0.04842083989316232,
        "count": 416
    },
    "9-1": {
        "mde": 0.5760095880944458,
        "count": 416
    },
    "9-11": {
        "mde": 0.018418744635964917,
        "count": 416
    }
}