{
    "1-1": {
        "mde": 0.04974874371859296,
        "count": 398
    },
    "1-10": {
        "mde": 0.0,
        "count": 398
    },
    "1-11": {
        "mde": 0.09150173917076614,
        "count": 398
    },
    "1-2": {
        "mde": 0.10802540841632018,
        "count": 398
    },
    "1-3": {
        "mde": 0.1116042384332058,
        "count": 398
    },
    "1-4": {
        "mde": 0.15306301232829578,
        "count": 398
    },
    "1-5": {
        "mde": 0.04583385563432089,
        "count": 398
    },
    "1-6": {
        "mde": 0.0271356783919598,
        "count": 398
    },
    "1-7": {
        "mde": 0.06062731161102484,
        "count": 398
    },
    "1-8": {
        "mde": 0.16036885719021132,
        "count": 398
    },
    "1-9": {
        "mde": 0.09485336468921814,
        "count": 398
    },
    "10-1": {
        "mde": 0.10688366070845981,
        "count": 398
    },
    "10-11": {
        "mde": 0.0531695077975644,
        "count": 398
    },
    "11-1": {
        "mde": 0.20612100273891565,
        "count": 398
    },
    "11-10": {
        "mde": 0.024476484388190636,
        "count": 398
    },
    "11-11": {
        "mde": 0.0,
        "count": 398
    },
    "11-2": {
        "mde": 0.15940517922016562,
        "count": 398
    },
    "11-3": {
        "mde": 0.18100836739823706,
        "count": 398
    },
    "11-4": {
        "mde": 0.11575636320882239,
        "count": 398
    },
    "11-5": {
        "mde": 0.06645642592507268,
        "count": 398
    },
    "11-6": {
        "mde": 0.0949748743718593,
        "count": 398
    },
    "11-7": {
        "mde": 0.025628140703517585,
        "count": 398
    },
    "11-8": {
        "mde": 0.03618090452261307,
        "count": 398
    },
    "11-9": {
        "mde": 0.013309186620220386,
        "count": 398
    },
    "2-1": {
        "mde": 0.04541171702354421,
        "count": 398
    },
    "2-11": {
        "mde": 0.25200614871857396,
        "count": 398
    },
    "3-1": {
        "mde": 0.06782518309283604,
        "count": 398
    },
    "3-11": {
        "mde": 0.03464160525612112,
        "count": 398
    },
    "4-1": {
        "mde": 0.1286414788325174,
        "count": 398
    },
    "4-11": {
        "mde": 0.0447862370841699,
        "count": 398
    },
    "5-1": {
        "mde": 0.09112118905866422,
        "count": 398
    },
    "5-11": {
        "mde": 0.048948864496784386,
        "count": 398
    },
    "6-1": {
        "mde": 0.07236180904522613,
        "count": 398
    },
    "6-10": {
        "mde": 0.0457968607662783,
        "count": 398
    },
    "6-11": {
        "mde": 0.03073140423186106,
        "count": 398
    },
    "6-2": {
        "mde": 0.017207357129205673,
        "count": 398
    },
    "6-3": {
        "mde": 0.20838927341032018,
        "count": 398
    },
    "6-4": {
        "mde": 0.08894472361809047,
        "count": 398
    },
    "6-5": {
        "mde": 0.1119296425063936,
        "count": 398
    },
    "6-6": {
        "mde": 0.1360371535922415,
        "count": 398
    },
    "6-7": {
        "mde": 0.16789250933216074,
        "count": 398
    },
    "6-8": {
        "mde": 0.6673578916771011,
        "count": 398
    },
    "6-9": {
        "mde": 0.3411573305572613,
        "count": 398
    },
    "7-1": {
        "mde": 0.06482412060301507,
        "count": 398
    },
    "7-11": {
        "mde": 0.02885749089004666,
        "count": 398
    },
    "8-1": {
        "mde": 0.22621434083614056,
        "count": 398
    },
    "8-11": {
        "mde": 0.02776342894220915,
        "count": 398
    },
    "9-1": {
        "mde": 0.3700890791494532,
        "count": 398
    },
    "9-11": {
        "mde": 0.016324261997104808,
        "count": 398
    }
}