{
    "1-1": {
        "mde": 0.011940298507462687,
        "count": 402
    },
    "1-10": {
        "mde": 0.004477611940298505,
        "count": 402
    },
    "1-11": {
        "mde": 0.001492537313432835,
        "count": 402
    },
    "1-2": {
        "mde": 0.02955073115406467,
        "count": 402
    },
    "1-3": {
        "mde": 0.023880597014925373,
        "count": 402
    },
    "1-4": {
        "mde": 0.04780262145868648,
        "count": 402
    },
    "1-5": {
        "mde": 0.0,
        "count": 402
    },
    "1-6": {
        "mde": 0.0,
        "count": 402
    },
    "1-7": {
        "mde": 0.010762839628250713,
        "count": 402
    },
    "1-8": {
        "mde": 0.016075118827267178,
        "count": 402
    },
    "1-9": {
        "mde": 0.006322489518656404,
        "count": 402
    },
    "10-1": {
        "mde": 0.06875625284309196,
        "count": 402
    },
    "10-11": {
        "mde": 0.026175103265657838,
        "count": 402
    },
    "11-1": {
        "mde": 0.043283582089552235,
        "count": 402
    },
    "11-10": {
        "mde": 0.06647179530508249,
        "count": 402
    },
    "11-11": {
        "mde": 0.043283582089552235,
        "count": 402
    },
    "11-2": {
        "mde": 0.01168421958917342,
        "count": 402
    },
    "11-3": {
        "mde": 0.0033374148917907306,
        "count": 402
    },
    "11-4": {
        "mde": 0.023880597014925377,
        "count": 402
    },
    "11-5": {
        "mde": 0.039290381075129485,
        "count": 402
    },
    "11-6": {
        "mde": 0.0,
        "count": 402
    },
    "11-7": {
        "mde": 0.038805970149253737,
        "count": 402
    },
    "11-8": {
        "mde": 0.019402985074626868,
        "count": 402
    },
    "11-9": {
        "mde": 0.06079698188928505,
        "count": 402
    },
    "2-1": {
        "mde": 0.017837081521818888,
        "count": 402
    },
    "2-11": {
        "mde": 0.025165949817287044,
        "count": 402
    },
    "3-1": {
        "mde": 0.03385557985959337,
        "count": 402
    },
    "3-11": {
        "mde": 0.008955223880597015,
        "count": 402
    },
    "4-1": {
        "mde": 0.03957539676839897,
        "count": 402
    },
    "4-11": {
        "mde": 0.026780295295691137,
        "count": 402
    },
    "5-1": {
        "mde": 0.035820895522388055,
        "count": 402
    },
    "5-11": {
        "mde": 0.08905318128357456,
        "count": 402
    },
    "6-1": {
        "mde": 0.03283582089552239,
        "count": 402
    },
    "6-10": {
        "mde": 0.02861452657187867,
        "count": 402
    },
    "6-11": {
        "mde": 0.028358208955223868,
        "count": 402
    },
    "6-2": {
        "mde": 0.01415945220970916,
        "count": 402
    },
    "6-3": {
        "mde": 0.021214316316239844,
        "count": 402
    },
    "6-4": {
        "mde": 0.08571105503163114,
        "count": 402
    },
    "6-5": {
        "mde": 0.0460163461117094,
        "count": 402
    },
    "6-6": {
        "mde": 0.061105099910040706,
        "count": 402
    },
    "6-7": {
        "mde": 0.04559583932515036,
        "count": 402
    },
    "6-8": {
        "mde": 0.14877116747416735,
        "count": 402
    },
    "6-9": {
        "mde": 0.052766411020312376,
        "count": 402
    },
    "7-1": {
        "mde": 0.051450949186566536,
        "count": 402
    },
    "7-11": {
        "mde": 0.0208955223880597,
        "count": 402
    },
    "8-1": {
        "mde": 0.02216148054116906,
        "count": 402
    },
    "8-11": {
        "mde": 0.014673062529619849,
        "count": 402
    },
    "9-1": {
        "mde": 0.023624518096636102,
        "count": 402
    },
    "9-11": {
        "mde": 0.050746268656716394,
        "count": 402
    }
}