{
    "1-1": {
        "mde": 0.0028846153846153843,
        "count": 416
    },
    "1-10": {
        "mde": 0.0381005882668251,
        "count": 416
    },
    "1-11": {
        "mde": 0.027403846153846154,
        "count": 416
    },
    "1-2": {
        "mde": 0.03899926710438192,
        "count": 416
    },
    "1-3": {
        "mde": 0.025961538461538463,
        "count": 416
    },
    "1-4": {
        "mde": 0.023310977394473627,
        "count": 416
    },
    "1-5": {
        "mde": 0.012980769230769231,
        "count": 416
    },
    "1-6": {
        "mde": 0.040527431990758825,
        "count": 416
    },
    "1-7": {
        "mde": 0.023362556289209954,
        "count": 416
    },
    "1-8": {
        "mde": 0.024896101692924756,
        "count": 416
    },
    "1-9": {
        "mde": 0.017450508913835747,
        "count": 416
    },
    "10-1": {
        "mde": 0.023281926380381176,
        "count": 416
    },
    "10-11": {
        "mde": 0.0,
        "count": 416
    },
    "11-1": {
        "mde": 0.011538461538461536,
        "count": 416
    },
    "11-10": {
        "mde": 0.01044611637565281,
        "count": 416
    },
    "11-11": {
        "mde": 0.030288461538461542,
        "count": 416
    },
    "11-2": {
        "mde": 0.011468556851486324,
        "count": 416
    },
    "11-3": {
        "mde": 0.04759615384615386,
        "count": 416
    },
    "11-4": {
        "mde": 0.002884615384615384,
        "count": 416
    },
    "11-5": {
        "mde": 0.004326923076923077,
        "count": 416
    },
    "11-6": {
        "mde": 0.04471153846153846,
        "count": 416
    },
    "11-7": {
        "mde": 0.018749999999999996,
        "count": 416
    },
    "11-8": {
        "mde": 0.020282102521584442,
        "count": 416
    },
    "11-9": {
        "mde": 0.02019230769230769,
        "count": 416
    },
    "2-1": {
        "mde": 0.002884615384615385,
        "count": 416
    },
    "2-11": {
        "mde": 0.007211538461538462,
        "count": 416
    },
    "3-1": {
        "mde": 0.0014423076923076926,
        "count": 416
    },
    "3-11": {
        "mde": 0.008406385276076237,
        "count": 416
    },
    "4-1": {
        "mde": 0.004667405736778542,
        "count": 416
    },
    "4-11": {
        "mde": 0.05145583294544795,
        "count": 416
    },
    "5-1": {
        "mde": 0.022575686311295952,
        "count": 416
    },
    "5-11": {
        "mde": 0.010777119165864777,
        "count": 416
    },
    "6-1": {
        "mde": 0.01730769230769231,
        "count": 416
    },
    "6-10": {
        "mde": 0.013357640154463215,
        "count": 416
    },
    "6-11": {
        "mde": 0.012980769230769231,
        "count": 416
    },
    "6-2": {
        "mde": 0.009251269561115041,
        "count": 416
    },
    "6-3": {
        "mde": 0.08072052555355079,
        "count": 416
    },
    "6-4": {
        "mde": 0.04903846153846155,
        "count": 416
    },
    "6-5": {
        "mde": 0.040447054937873,
        "count": 416
    },
    "6-6": {
        "mde": 0.11610817381388974,
        "count": 416
    },
    "6-7": {
        "mde": 0.19491565920633433,
        "count": 416
    },
    "6-8": {
        "mde": 0.007354355067681901,
        "count": 416
    },
    "6-9": {
        "mde": 0.07044446736873647,
        "count": 416
    },
    "7-1": {
        "mde": 0.06642413780855014,
        "count": 416
    },
    "7-11": {
        "mde": 0.046392584222014095,
        "count": 416
    },
    "8-1": {
        "mde": 0.030468190092545346,
        "count": 416
    },
    "8-11": {
        "mde": 0.04937894419831701,
        "count": 416
    },
    "9-1": {
        "mde": 0.007211538461538465,
        "count": 416
    },
    "9-11": {
        "mde": 0.02884615384615384,
        "count": 416
    }
}