{
    "1-1": {
        "mde": 0.007211538461538462,
        "count": 416
    },
    "1-10": {
        "mde": 0.011538461538461536,
        "count": 416
    },
    "1-11": {
        "mde": 0.025074756933367075,
        "count": 416
    },
    "1-2": {
        "mde": 0.025731175631370926,
        "count": 416
    },
    "1-3": {
        "mde": 0.022508006647303833,
        "count": 416
    },
    "1-4": {
        "mde": 0.010330208163704394,
        "count": 416
    },
    "1-5": {
        "mde": 0.010096153846153847,
        "count": 416
    },
    "1-6": {
        "mde": 0.04052743199075882,
        "count": 416
    },
    "1-7": {
        "mde": 0.05393665103995837,
        "count": 416
    },
    "1-8": {
        "mde": 0.03687576347229237,
        "count": 416
    },
    "1-9": {
        "mde": 0.013804551156623601,
        "count": 416
    },
    "10-1": {
        "mde": 0.02377684813592101,
        "count": 416
    },
    "10-11": {
        "mde": 0.0014423076923076937,
        "count": 416
    },
    "11-1": {
        "mde": 0.023076923076923075,
        "count": 416
    },
    "11-10": {
        "mde": 0.006119193298729735,
        "count": 416
    },
    "11-11": {
        "mde": 0.012980769230769228,
        "count": 416
    },
    "11-2": {
        "mde": 0.02097577466374767,
        "count": 416
    },
    "11-3": {
        "mde": 0.029957206174426456,
        "count": 416
    },
    "11-4": {
        "mde": 0.001442307692307692,
        "count": 416
    },
    "11-5": {
        "mde": 0.004326923076923077,
        "count": 416
    },
    "11-6": {
        "mde": 0.004326923076923077,
        "count": 416
    },
    "11-7": {
        "mde": 0.007211538461538463,
        "count": 416
    },
    "11-8": {
        "mde": 0.01739748713696906,
        "count": 416
    },
    "11-9": {
        "mde": 0.04846954510884228,
        "count": 416
    },
    "2-1": {
        "mde": 0.0020397310995765795,
        "count": 416
    },
    "2-11": {
        "mde": 0.004326923076923076,
        "count": 416
    },
    "3-1": {
        "mde": 0.0014423076923076926,
        "count": 416
    },
    "3-11": {
        "mde": 0.004326923076923077,
        "count": 416
    },
    "4-1": {
        "mde": 0.001442307692307692,
        "count": 416
    },
    "4-11": {
        "mde": 0.026629097221030025,
        "count": 416
    },
    "5-1": {
        "mde": 0.03776933290279002,
        "count": 416
    },
    "5-11": {
        "mde": 0.02121375567187409,
        "count": 416
    },
    "6-1": {
        "mde": 0.010096153846153847,
        "count": 416
    },
    "6-10": {
        "mde": 0.010330208163704389,
        "count": 416
    },
    "6-11": {
        "mde": 0.004326923076923077,
        "count": 416
    },
    "6-2": {
        "mde": 0.021480176288931015,
        "count": 416
    },
    "6-3": {
        "mde": 0.09108310001676156,
        "count": 416
    },
    "6-4": {
        "mde": 0.027546662759989595,
        "count": 416
    },
    "6-5": {
        "mde": 0.08428369386413914,
        "count": 416
    },
    "6-6": {
        "mde": 0.07453489179354064,
        "count": 416
    },
    "6-7": {
        "mde": 0.08487130891203133,
        "count": 416
    },
    "6-8": {
        "mde": 0.007354355067681901,
        "count": 416
    },
    "6-9": {
        "mde": 0.026977746330370346,
        "count": 416
    },
    "7-1": {
        "mde": 0.0522221745112447,
        "count": 416
    },
    "7-11": {
        "mde": 0.0651425842220141,
        "count": 416
    },
    "8-1": {
        "mde": 0.013606699615687758,
        "count": 416
    },
    "8-11": {
        "mde": 0.027323469100960326,
        "count": 416
    },
    "9-1": {
        "mde": 0.0014423076923076937,
        "count": 416
    },
    "9-11": {
        "mde": 0.020192307692307693,
        "count": 416
    }
}