{
    "1-1": {
        "mde": 0.11794401495346815,
        "count": 386
    },
    "1-10": {
        "mde": 0.019019794783678438,
        "count": 386
    },
    "1-11": {
        "mde": 0.0062176165803108805,
        "count": 386
    },
    "1-2": {
        "mde": 0.020851109164310513,
        "count": 386
    },
    "1-3": {
        "mde": 0.05167526019398733,
        "count": 386
    },
    "1-4": {
        "mde": 0.009578669938085564,
        "count": 386
    },
    "1-5": {
        "mde": 0.017252361938227125,
        "count": 386
    },
    "1-6": {
        "mde": 0.010880829015544045,
        "count": 386
    },
    "1-7": {
        "mde": 0.030286296871596816,
        "count": 386
    },
    "1-8": {
        "mde": 0.0031088082901554407,
        "count": 386
    },
    "1-9": {
        "mde": 0.059067357512953354,
        "count": 386
    },
    "10-1": {
        "mde": 0.009326424870466315,
        "count": 386
    },
    "10-11": {
        "mde": 0.0031088082901554385,
        "count": 386
    },
    "11-1": {
        "mde": 0.029008140605736685,
        "count": 386
    },
    "11-10": {
        "mde": 0.017098445595854925,
        "count": 386
    },
    "11-11": {
        "mde": 0.01088082901554404,
        "count": 386
    },
    "11-2": {
        "mde": 0.0,
        "count": 386
    },
    "11-3": {
        "mde": 0.018652849740932644,
        "count": 386
    },
    "11-4": {
        "mde": 0.02860868136884093,
        "count": 386
    },
    "11-5": {
        "mde": 0.010880829015544042,
        "count": 386
    },
    "11-6": {
        "mde": 0.0031088082901554407,
        "count": 386
    },
    "11-7": {
        "mde": 0.010880829015544042,
        "count": 386
    },
    "11-8": {
        "mde": 0.0031088082901554385,
        "count": 386
    },
    "11-9": {
        "mde": 0.006951506665802455,
        "count": 386
    },
    "2-1": {
        "mde": 0.1042578613438346,
        "count": 386
    },
    "2-11": {
        "mde": 0.027979274611398965,
        "count": 386
    },
    "3-1": {
        "mde": 0.016298364830422647,
        "count": 386
    },
    "3-11": {
        "mde": 0.042518059404617926,
        "count": 386
    },
    "4-1": {
        "mde": 0.00310880829015544,
        "count": 386
    },
    "4-11": {
        "mde": 0.012435233160621763,
        "count": 386
    },
    "5-1": {
        "mde": 0.012322455914516542,
        "count": 386
    },
    "5-11": {
        "mde": 0.022782674999210956,
        "count": 386
    },
    "6-1": {
        "mde": 0.06158626842250774,
        "count": 386
    },
    "6-10": {
        "mde": 0.013903013331604907,
        "count": 386
    },
    "6-11": {
        "mde": 0.01865284974093264,
        "count": 386
    },
    "6-2": {
        "mde": 0.018476190959646643,
        "count": 386
    },
    "6-3": {
        "mde": 0.0015544041450777204,
        "count": 386
    },
    "6-4": {
        "mde": 0.043041344935218384,
        "count": 386
    },
    "6-5": {
        "mde": 0.00906365579509632,
        "count": 386
    },
    "6-6": {
        "mde": 0.040057507172438875,
        "count": 386
    },
    "6-7": {
        "mde": 0.12309869767615864,
        "count": 386
    },
    "6-8": {
        "mde": 0.05780015830871232,
        "count": 386
    },
    "6-9": {
        "mde": 0.01740627828059933,
        "count": 386
    },
    "7-1": {
        "mde": 0.029785923824095926,
        "count": 386
    },
    "7-11": {
        "mde": 0.013989637305699482,
        "count": 386
    },
    "8-1": {
        "mde": 0.02702357223906918,
        "count": 386
    },
    "8-11": {
        "mde": 0.06501828050478684,
        "count": 386
    },
    "9-1": {
        "mde": 0.029508686341165342,
        "count": 386
    },
    "9-11": {
        "mde": 0.041968911917098436,
        "count": 386
    }
}