{
    "1-1": {
        "mde": 0.08093948364538675,
        "count": 386
    },
    "1-10": {
        "mde": 0.011901845983666906,
        "count": 386
    },
    "1-11": {
        "mde": 0.015544041450777202,
        "count": 386
    },
    "1-2": {
        "mde": 0.0230532931007958,
        "count": 386
    },
    "1-3": {
        "mde": 0.037613532166609696,
        "count": 386
    },
    "1-4": {
        "mde": 0.007772020725388601,
        "count": 386
    },
    "1-5": {
        "mde": 0.052064918499425794,
        "count": 386
    },
    "1-6": {
        "mde": 0.017098445595854925,
        "count": 386
    },
    "1-7": {
        "mde": 0.03339510516175226,
        "count": 386
    },
    "1-8": {
        "mde": 0.01088082901554404,
        "count": 386
    },
    "1-9": {
        "mde": 0.06636573088858332,
        "count": 386
    },
    "10-1": {
        "mde": 0.016124425198595378,
        "count": 386
    },
    "10-11": {
        "mde": 0.0031088082901554385,
        "count": 386
    },
    "11-1": {
        "mde": 0.00466321243523316,
        "count": 386
    },
    "11-10": {
        "mde": 0.0015544041450777193,
        "count": 386
    },
    "11-11": {
        "mde": 0.006217616580310881,
        "count": 386
    },
    "11-2": {
        "mde": 0.0,
        "count": 386
    },
    "11-3": {
        "mde": 0.006217616580310881,
        "count": 386
    },
    "11-4": {
        "mde": 0.03041533058153789,
        "count": 386
    },
    "11-5": {
        "mde": 0.024870466321243526,
        "count": 386
    },
    "11-6": {
        "mde": 0.007772020725388601,
        "count": 386
    },
    "11-7": {
        "mde": 0.0031088082901554407,
        "count": 386
    },
    "11-8": {
        "mde": 0.012435233160621763,
        "count": 386
    },
    "11-9": {
        "mde": 0.0062176165803108805,
        "count": 386
    },
    "2-1": {
        "mde": 0.09580443933294948,
        "count": 386
    },
    "2-11": {
        "mde": 0.005950922991833455,
        "count": 386
    },
    "3-1": {
        "mde": 0.016298364830422647,
        "count": 386
    },
    "3-11": {
        "mde": 0.016852257906161315,
        "count": 386
    },
    "4-1": {
        "mde": 0.0,
        "count": 386
    },
    "4-11": {
        "mde": 0.02561041378466073,
        "count": 386
    },
    "5-1": {
        "mde": 0.007925937067760805,
        "count": 386
    },
    "5-11": {
        "mde": 0.019157339876171128,
        "count": 386
    },
    "6-1": {
        "mde": 0.07129735066960602,
        "count": 386
    },
    "6-10": {
        "mde": 0.015457417476682627,
        "count": 386
    },
    "6-11": {
        "mde": 0.046632124352331605,
        "count": 386
    },
    "6-2": {
        "mde": 0.03457746371462943,
        "count": 386
    },
    "6-3": {
        "mde": 0.0015544041450777204,
        "count": 386
    },
    "6-4": {
        "mde": 0.006217616580310881,
        "count": 386
    },
    "6-5": {
        "mde": 0.02005495291198566,
        "count": 386
    },
    "6-6": {
        "mde": 0.026843171252410952,
        "count": 386
    },
    "6-7": {
        "mde": 0.021890304451240752,
        "count": 386
    },
    "6-8": {
        "mde": 0.03654118304410311,
        "count": 386
    },
    "6-9": {
        "mde": 0.023900332989222273,
        "count": 386
    },
    "7-1": {
        "mde": 0.009480341212838526,
        "count": 386
    },
    "7-11": {
        "mde": 0.030102196341041883,
        "count": 386
    },
    "8-1": {
        "mde": 0.02407279737902353,
        "count": 386
    },
    "8-11": {
        "mde": 0.021148525298648694,
        "count": 386
    },
    "9-1": {
        "mde": 0.0663985440834212,
        "count": 386
    },
    "9-11": {
        "mde": 0.028231519679018203,
        "count": 386
    }
}