{
    "1-1": {
        "mde": 0.8044282834038158,
        "count": 365
    },
    "1-10": {
        "mde": 1.4054883477230087,
        "count": 365
    },
    "1-11": {
        "mde": 2.4380104324592757,
        "count": 365
    },
    "1-2": {
        "mde": 0.21604090838119752,
        "count": 365
    },
    "1-3": {
        "mde": 0.0684811709911093,
        "count": 365
    },
    "1-4": {
        "mde": 1.2445601561521833,
        "count": 365
    },
    "1-5": {
        "mde": 0.9388463452233509,
        "count": 365
    },
    "1-6": {
        "mde": 0.44857729815570624,
        "count": 365
    },
    "1-7": {
        "mde": 0.7393344333661193,
        "count": 365
    },
    "1-8": {
        "mde": 2.606353175614274,
        "count": 365
    },
    "1-9": {
        "mde": 0.8238307470021178,
        "count": 365
    },
    "10-1": {
        "mde": 0.11835006089115271,
        "count": 365
    },
    "10-11": {
        "mde": 0.8701585518856637,
        "count": 365
    },
    "11-1": {
        "mde": 0.44219178082191773,
        "count": 365
    },
    "11-10": {
        "mde": 0.5264508772884408,
        "count": 365
    },
    "11-11": {
        "mde": 0.8701775925834134,
        "count": 365
    },
    "11-2": {
        "mde": 0.32000448903616335,
        "count": 365
    },
    "11-3": {
        "mde": 0.3549814053952793,
        "count": 365
    },
    "11-4": {
        "mde": 0.11013698630136987,
        "count": 365
    },
    "11-5": {
        "mde": 0.6887671232876712,
        "count": 365
    },
    "11-6": {
        "mde": 1.17713838801573,
        "count": 365
    },
    "11-7": {
        "mde": 0.0,
        "count": 365
    },
    "11-8": {
        "mde": 0.3279419574242835,
        "count": 365
    },
    "11-9": {
        "mde": 0.22029044285376817,
        "count": 365
    },
    "2-1": {
        "mde": 1.1416782992424255,
        "count": 365
    },
    "2-11": {
        "mde": 0.601044772192933,
        "count": 365
    },
    "3-1": {
        "mde": 0.5869498164583277,
        "count": 365
    },
    "3-11": {
        "mde": 0.4399235775324439,
        "count": 365
    },
    "4-1": {
        "mde": 0.5568247261930334,
        "count": 365
    },
    "4-11": {
        "mde": 0.17896964284904382,
        "count": 365
    },
    "5-1": {
        "mde": 0.3110212029455252,
        "count": 365
    },
    "5-11": {
        "mde": 0.43870101124034216,
        "count": 365
    },
    "6-1": {
        "mde": 1.884693611949578,
        "count": 365
    },
    "6-10": {
        "mde": 0.35971496713974055,
        "count": 365
    },
    "6-11": {
        "mde": 0.7574056070630669,
        "count": 365
    },
    "6-2": {
        "mde": 0.5387684646722334,
        "count": 365
    },
    "6-3": {
        "mde": 1.0169392899742054,
        "count": 365
    },
    "6-4": {
        "mde": 1.5514074277307166,
        "count": 365
    },
    "6-5": {
        "mde": 0.5310848992512647,
        "count": 365
    },
    "6-6": {
        "mde": 1.2805964748696914,
        "count": 365
    },
    "6-7": {
        "mde": 0.9273041619737094,
        "count": 365
    },
    "6-8": {
        "mde": 1.465253906369476,
        "count": 365
    },
    "6-9": {
        "mde": 0.4827951549810039,
        "count": 365
    },
    "7-1": {
        "mde": 0.16612136037116898,
        "count": 365
    },
    "7-11": {
        "mde": 0.1872772136956692,
        "count": 365
    },
    "8-1": {
        "mde": 0.29184486929710524,
        "count": 365
    },
    "8-11": {
        "mde": 0.019267971537104155,
        "count": 365
    },
    "9-1": {
        "mde": 1.4047719853529925,
        "count": 365
    },
    "9-11": {
        "mde": 0.6792061189441311,
        "count": 365
    }
}