{
    "1-1": {
        "mde": 0.23791217101460824,
        "count": 416
    },
    "1-10": {
        "mde": 0.9744399748314602,
        "count": 416
    },
    "1-11": {
        "mde": 0.8957372714250671,
        "count": 416
    },
    "1-2": {
        "mde": 0.39679558162209144,
        "count": 416
    },
    "1-3": {
        "mde": 1.330387547881288,
        "count": 416
    },
    "1-4": {
        "mde": 0.4213476804805201,
        "count": 416
    },
    "1-5": {
        "mde": 0.675450138257207,
        "count": 416
    },
    "1-6": {
        "mde": 0.7839656700649085,
        "count": 416
    },
    "1-7": {
        "mde": 0.7585775593262165,
        "count": 416
    },
    "1-8": {
        "mde": 0.43724804458131056,
        "count": 416
    },
    "1-9": {
        "mde": 0.7007290989655938,
        "count": 416
    },
    "10-1": {
        "mde": 0.7045048938105709,
        "count": 416
    },
    "10-11": {
        "mde": 0.9898083995350818,
        "count": 416
    },
    "11-1": {
        "mde": 0.7399038461538462,
        "count": 416
    },
    "11-10": {
        "mde": 0.5641818124961223,
        "count": 416
    },
    "11-11": {
        "mde": 0.7407033572636659,
        "count": 416
    },
    "11-2": {
        "mde": 0.47927311211682866,
        "count": 416
    },
    "11-3": {
        "mde": 0.13990384615384616,
        "count": 416
    },
    "11-4": {
        "mde": 0.041826923076923074,
        "count": 416
    },
    "11-5": {
        "mde": 0.3467889036186209,
        "count": 416
    },
    "11-6": {
        "mde": 0.6114389576376082,
        "count": 416
    },
    "11-7": {
        "mde": 0.3865110841732561,
        "count": 416
    },
    "11-8": {
        "mde": 0.9653960813500377,
        "count": 416
    },
    "11-9": {
        "mde": 0.2798076923076923,
        "count": 416
    },
    "2-1": {
        "mde": 1.278002426292074,
        "count": 416
    },
    "2-11": {
        "mde": 0.40411863607886167,
        "count": 416
    },
    "3-1": {
        "mde": 0.0032250980444708506,
        "count": 416
    },
    "3-11": {
        "mde": 0.8692782506681138,
        "count": 416
    },
    "4-1": {
        "mde": 0.5938676288268607,
        "count": 416
    },
    "4-11": {
        "mde": 0.31508278230141673,
        "count": 416
    },
    "5-1": {
        "mde": 1.1662627616536854,
        "count": 416
    },
    "5-11": {
        "mde": 0.23506384600043737,
        "count": 416
    },
    "6-1": {
        "mde": 1.380834439862992,
        "count": 416
    },
    "6-10": {
        "mde": 0.4051358960955132,
        "count": 416
    },
    "6-11": {
        "mde": 0.6924041051543739,
        "count": 416
    },
    "6-2": {
        "mde": 0.5951882287359685,
        "count": 416
    },
    "6-3": {
        "mde": 0.5593736748026105,
        "count": 416
    },
    "6-4": {
        "mde": 0.9266020473367582,
        "count": 416
    },
    "6-5": {
        "mde": 1.4493734687744004,
        "count": 416
    },
    "6-6": {
        "mde": 1.2655991192450848,
        "count": 416
    },
    "6-7": {
        "mde": 0.607299534649915,
        "count": 416
    },
    "6-8": {
        "mde": 0.9298900800772447,
        "count": 416
    },
    "6-9": {
        "mde": 0.29425849057108733,
        "count": 416
    },
    "7-1": {
        "mde": 1.2378259915896652,
        "count": 416
    },
    "7-11": {
        "mde": 0.3001219508462727,
        "count": 416
    },
    "8-1": {
        "mde": 0.10445886408153736,
        "count": 416
    },
    "8-11": {
        "mde": 0.753915435820233,
        "count": 416
    },
    "9-1": {
        "mde": 0.7592093896599437,
        "count": 416
    },
    "9-11": {
        "mde": 0.720398754517727,
        "count": 416
    }
}