{
    "1-1": {
        "mde": 0.9080974705372519,
        "count": 386
    },
    "1-10": {
        "mde": 0.22927670324267724,
        "count": 386
    },
    "1-11": {
        "mde": 0.47936222093132447,
        "count": 386
    },
    "1-2": {
        "mde": 0.6413092511111411,
        "count": 386
    },
    "1-3": {
        "mde": 0.30892334508107955,
        "count": 386
    },
    "1-4": {
        "mde": 0.1448877241724269,
        "count": 386
    },
    "1-5": {
        "mde": 0.8009853547517097,
        "count": 386
    },
    "1-6": {
        "mde": 0.4669831821294966,
        "count": 386
    },
    "1-7": {
        "mde": 0.7310154835342328,
        "count": 386
    },
    "1-8": {
        "mde": 0.8876543235166909,
        "count": 386
    },
    "1-9": {
        "mde": 0.33895687732896146,
        "count": 386
    },
    "10-1": {
        "mde": 0.4737986268302086,
        "count": 386
    },
    "10-11": {
        "mde": 0.5060999676015525,
        "count": 386
    },
    "11-1": {
        "mde": 0.6749192316484749,
        "count": 386
    },
    "11-10": {
        "mde": 0.06016819264119074,
        "count": 386
    },
    "11-11": {
        "mde": 0.13940146866771616,
        "count": 386
    },
    "11-2": {
        "mde": 0.06885915882986486,
        "count": 386
    },
    "11-3": {
        "mde": 0.2461312498189726,
        "count": 386
    },
    "11-4": {
        "mde": 0.510441187835286,
        "count": 386
    },
    "11-5": {
        "mde": 0.24248704663212434,
        "count": 386
    },
    "11-6": {
        "mde": 0.45206883714224655,
        "count": 386
    },
    "11-7": {
        "mde": 0.4608175841220266,
        "count": 386
    },
    "11-8": {
        "mde": 1.0467371704727937,
        "count": 386
    },
    "11-9": {
        "mde": 0.19777627146761623,
        "count": 386
    },
    "2-1": {
        "mde": 0.2520405513458377,
        "count": 386
    },
    "2-11": {
        "mde": 0.6945024450323605,
        "count": 386
    },
    "3-1": {
        "mde": 0.005604483847871485,
        "count": 386
    },
    "3-11": {
        "mde": 0.40344681959715756,
        "count": 386
    },
    "4-1": {
        "mde": 0.19317392459394517,
        "count": 386
    },
    "4-11": {
        "mde": 0.34463589475439965,
        "count": 386
    },
    "5-1": {
        "mde": 0.12891791785830506,
        "count": 386
    },
    "5-11": {
        "mde": 0.42191706014629465,
        "count": 386
    },
    "6-1": {
        "mde": 0.0994818652849741,
        "count": 386
    },
    "6-10": {
        "mde": 0.527501518908804,
        "count": 386
    },
    "6-11": {
        "mde": 0.1132087335153036,
        "count": 386
    },
    "6-2": {
        "mde": 0.5919978938063862,
        "count": 386
    },
    "6-3": {
        "mde": 0.012435233160621763,
        "count": 386
    },
    "6-4": {
        "mde": 0.3028236109796899,
        "count": 386
    },
    "6-5": {
        "mde": 0.6064450784234265,
        "count": 386
    },
    "6-6": {
        "mde": 0.47066554922705495,
        "count": 386
    },
    "6-7": {
        "mde": 0.2483990945506076,
        "count": 386
    },
    "6-8": {
        "mde": 0.3999382818967228,
        "count": 386
    },
    "6-9": {
        "mde": 0.28767048184070093,
        "count": 386
    },
    "7-1": {
        "mde": 0.32777817529072756,
        "count": 386
    },
    "7-11": {
        "mde": 0.6425600050438915,
        "count": 386
    },
    "8-1": {
        "mde": 0.3188629901643951,
        "count": 386
    },
    "8-11": {
        "mde": 0.35310683162658113,
        "count": 386
    },
    "9-1": {
        "mde": 0.5350672189339053,
        "count": 386
    },
    "9-11": {
        "mde": 0.1446097622964697,
        "count": 386
    }
}