{
    "1-1": {
        "mde": 0.7482618368010385,
        "count": 402
    },
    "1-10": {
        "mde": 0.7818699318311185,
        "count": 402
    },
    "1-11": {
        "mde": 1.0149773577647825,
        "count": 402
    },
    "1-2": {
        "mde": 0.12149987813028008,
        "count": 402
    },
    "1-3": {
        "mde": 0.32673701084330337,
        "count": 402
    },
    "1-4": {
        "mde": 1.0792673139966231,
        "count": 402
    },
    "1-5": {
        "mde": 0.6122334092021914,
        "count": 402
    },
    "1-6": {
        "mde": 0.22880157991160952,
        "count": 402
    },
    "1-7": {
        "mde": 0.7944780491733754,
        "count": 402
    },
    "1-8": {
        "mde": 0.11966722750136952,
        "count": 402
    },
    "1-9": {
        "mde": 0.44452659064178723,
        "count": 402
    },
    "10-1": {
        "mde": 0.8661659233993069,
        "count": 402
    },
    "10-11": {
        "mde": 0.896996829466758,
        "count": 402
    },
    "11-1": {
        "mde": 0.19164645408572067,
        "count": 402
    },
    "11-10": {
        "mde": 0.6496871752220725,
        "count": 402
    },
    "11-11": {
        "mde": 0.38694703572387507,
        "count": 402
    },
    "11-2": {
        "mde": 0.9545975731938556,
        "count": 402
    },
    "11-3": {
        "mde": 0.05671641791044777,
        "count": 402
    },
    "11-4": {
        "mde": 0.05544720427367562,
        "count": 402
    },
    "11-5": {
        "mde": 0.7557360228573224,
        "count": 402
    },
    "11-6": {
        "mde": 0.1711371698353591,
        "count": 402
    },
    "11-7": {
        "mde": 0.6422183567160703,
        "count": 402
    },
    "11-8": {
        "mde": 0.028358208955223882,
        "count": 402
    },
    "11-9": {
        "mde": 1.593169942047012,
        "count": 402
    },
    "2-1": {
        "mde": 0.4671688779271261,
        "count": 402
    },
    "2-11": {
        "mde": 0.3249199827583652,
        "count": 402
    },
    "3-1": {
        "mde": 0.30285451405888864,
        "count": 402
    },
    "3-11": {
        "mde": 0.2849783921173724,
        "count": 402
    },
    "4-1": {
        "mde": 0.7419717539349542,
        "count": 402
    },
    "4-11": {
        "mde": 0.12493988438285317,
        "count": 402
    },
    "5-1": {
        "mde": 1.1891023702932426,
        "count": 402
    },
    "5-11": {
        "mde": 0.4990566617994343,
        "count": 402
    },
    "6-1": {
        "mde": 1.0086944386153156,
        "count": 402
    },
    "6-10": {
        "mde": 0.2635366104599257,
        "count": 402
    },
    "6-11": {
        "mde": 0.26089646715563064,
        "count": 402
    },
    "6-2": {
        "mde": 0.8215996507216753,
        "count": 402
    },
    "6-3": {
        "mde": 0.2408863493582291,
        "count": 402
    },
    "6-4": {
        "mde": 0.928076093151757,
        "count": 402
    },
    "6-5": {
        "mde": 0.5776787119237434,
        "count": 402
    },
    "6-6": {
        "mde": 0.30968953644104763,
        "count": 402
    },
    "6-7": {
        "mde": 0.412940240112131,
        "count": 402
    },
    "6-8": {
        "mde": 0.38358551662348384,
        "count": 402
    },
    "6-9": {
        "mde": 0.9044052617491054,
        "count": 402
    },
    "7-1": {
        "mde": 0.8607640975570746,
        "count": 402
    },
    "7-11": {
        "mde": 0.8642016055853592,
        "count": 402
    },
    "8-1": {
        "mde": 0.4373505837741218,
        "count": 402
    },
    "8-11": {
        "mde": 0.24087279239088433,
        "count": 402
    },
    "9-1": {
        "mde": 0.9698098654864866,
        "count": 402
    },
    "9-11": {
        "mde": 0.442555003183566,
        "count": 402
    }
}