{
    "1-1": {
        "mde": 0.46914747279267516,
        "count": 398
    },
    "1-10": {
        "mde": 0.27790722901003867,
        "count": 398
    },
    "1-11": {
        "mde": 1.0315545776048802,
        "count": 398
    },
    "1-2": {
        "mde": 0.06813774727716417,
        "count": 398
    },
    "1-3": {
        "mde": 0.7741777498961934,
        "count": 398
    },
    "1-4": {
        "mde": 1.357029257458568,
        "count": 398
    },
    "1-5": {
        "mde": 1.2372123469425547,
        "count": 398
    },
    "1-6": {
        "mde": 0.33618090452261307,
        "count": 398
    },
    "1-7": {
        "mde": 0.43918624588866306,
        "count": 398
    },
    "1-8": {
        "mde": 0.9902419468317386,
        "count": 398
    },
    "1-9": {
        "mde": 0.3328898176793938,
        "count": 398
    },
    "10-1": {
        "mde": 0.23380670640213652,
        "count": 398
    },
    "10-11": {
        "mde": 0.7315077232823303,
        "count": 398
    },
    "11-1": {
        "mde": 0.37964465109775664,
        "count": 398
    },
    "11-10": {
        "mde": 0.5336387793043053,
        "count": 398
    },
    "11-11": {
        "mde": 0.3093888365813769,
        "count": 398
    },
    "11-2": {
        "mde": 0.2928725867813806,
        "count": 398
    },
    "11-3": {
        "mde": 0.05879396984924624,
        "count": 398
    },
    "11-4": {
        "mde": 0.016827554261560372,
        "count": 398
    },
    "11-5": {
        "mde": 1.3354855297949,
        "count": 398
    },
    "11-6": {
        "mde": 0.2194231267624775,
        "count": 398
    },
    "11-7": {
        "mde": 0.6956945548857751,
        "count": 398
    },
    "11-8": {
        "mde": 0.11758793969849249,
        "count": 398
    },
    "11-9": {
        "mde": 0.15933598549692787,
        "count": 398
    },
    "2-1": {
        "mde": 0.37523660129425934,
        "count": 398
    },
    "2-11": {
        "mde": 1.195092846732087,
        "count": 398
    },
    "3-1": {
        "mde": 0.427299271796532,
        "count": 398
    },
    "3-11": {
        "mde": 0.7158126518635438,
        "count": 398
    },
    "4-1": {
        "mde": 0.4556276589260828,
        "count": 398
    },
    "4-11": {
        "mde": 0.19584459058090006,
        "count": 398
    },
    "5-1": {
        "mde": 0.328357820109087,
        "count": 398
    },
    "5-11": {
        "mde": 0.7044307704667095,
        "count": 398
    },
    "6-1": {
        "mde": 0.7536836144077961,
        "count": 398
    },
    "6-10": {
        "mde": 0.6899370229541363,
        "count": 398
    },
    "6-11": {
        "mde": 0.21755530085199876,
        "count": 398
    },
    "6-2": {
        "mde": 0.3079873663762506,
        "count": 398
    },
    "6-3": {
        "mde": 1.0406709216404275,
        "count": 398
    },
    "6-4": {
        "mde": 0.8669959764433235,
        "count": 398
    },
    "6-5": {
        "mde": 0.47976761650303373,
        "count": 398
    },
    "6-6": {
        "mde": 0.4273236047906988,
        "count": 398
    },
    "6-7": {
        "mde": 0.7946306917888414,
        "count": 398
    },
    "6-8": {
        "mde": 1.283118984217117,
        "count": 398
    },
    "6-9": {
        "mde": 0.6454575266750397,
        "count": 398
    },
    "7-1": {
        "mde": 0.9038871292614398,
        "count": 398
    },
    "7-11": {
        "mde": 0.06753616563802511,
        "count": 398
    },
    "8-1": {
        "mde": 0.5828520341483998,
        "count": 398
    },
    "8-11": {
        "mde": 0.47386462843518784,
        "count": 398
    },
    "9-1": {
        "mde": 0.521868843524433,
        "count": 398
    },
    "9-11": {
        "mde": 0.39831020491298436,
        "count": 398
    }
}