{
    "1-1": {
        "mde": 0.9512562814070352,
        "count": 398
    },
    "1-10": {
        "mde": 0.0819489618724462,
        "count": 398
    },
    "1-11": {
        "mde": 0.07092522904043985,
        "count": 398
    },
    "1-2": {
        "mde": 0.6241206030150754,
        "count": 398
    },
    "1-3": {
        "mde": 0.07860623460863962,
        "count": 398
    },
    "1-4": {
        "mde": 1.3869346733668348,
        "count": 398
    },
    "1-5": {
        "mde": 0.024120603015075376,
        "count": 398
    },
    "1-6": {
        "mde": 0.0708542713567839,
        "count": 398
    },
    "1-7": {
        "mde": 3.4562328080617846,
        "count": 398
    },
    "1-8": {
        "mde": 0.2474411210369527,
        "count": 398
    },
    "1-9": {
        "mde": 0.015936415279284973,
        "count": 398
    },
    "10-1": {
        "mde": 0.10954789212253388,
        "count": 398
    },
    "10-11": {
        "mde": 0.037760761178953384,
        "count": 398
    },
    "11-1": {
        "mde": 0.20502512562814068,
        "count": 398
    },
    "11-10": {
        "mde": 0.015075376884422113,
        "count": 398
    },
    "11-11": {
        "mde": 0.11457286432160806,
        "count": 398
    },
    "11-2": {
        "mde": 0.37035624758665026,
        "count": 398
    },
    "11-3": {
        "mde": 0.541561911523869,
        "count": 398
    },
    "11-4": {
        "mde": 0.11361848471495524,
        "count": 398
    },
    "11-5": {
        "mde": 0.14080873000618016,
        "count": 398
    },
    "11-6": {
        "mde": 0.7039795289224767,
        "count": 398
    },
    "11-7": {
        "mde": 0.03165829145728643,
        "count": 398
    },
    "11-8": {
        "mde": 0.13718592964824122,
        "count": 398
    },
    "11-9": {
        "mde": 0.048241206030150745,
        "count": 398
    },
    "2-1": {
        "mde": 0.34769821420942926,
        "count": 398
    },
    "2-11": {
        "mde": 0.09577293866685328,
        "count": 398
    },
    "3-1": {
        "mde": 0.5734006228460576,
        "count": 398
    },
    "3-11": {
        "mde": 0.44076388976547193,
        "count": 398
    },
    "4-1": {
        "mde": 0.030193696192618524,
        "count": 398
    },
    "4-11": {
        "mde": 0.25411569987223814,
        "count": 398
    },
    "5-1": {
        "mde": 0.6222826033758841,
        "count": 398
    },
    "5-11": {
        "mde": 0.045507908437867,
        "count": 398
    },
    "6-1": {
        "mde": 0.9482412060301507,
        "count": 398
    },
    "6-10": {
        "mde": 0.10645351888486643,
        "count": 398
    },
    "6-11": {
        "mde": 0.4145728643216081,
        "count": 398
    },
    "6-2": {
        "mde": 0.06492134940037084,
        "count": 398
    },
    "6-3": {
        "mde": 0.07688442211055276,
        "count": 398
    },
    "6-4": {
        "mde": 0.22842176728985297,
        "count": 398
    },
    "6-5": {
        "mde": 0.4019814629899805,
        "count": 398
    },
    "6-6": {
        "mde": 0.14876702874565761,
        "count": 398
    },
    "6-7": {
        "mde": 1.1818777854780345,
        "count": 398
    },
    "6-8": {
        "mde": 1.4154934813421194,
        "count": 398
    },
    "6-9": {
        "mde": 0.28976802300782667,
        "count": 398
    },
    "7-1": {
        "mde": 0.1345275269434099,
        "count": 398
    },
    "7-11": {
        "mde": 0.1586810118995805,
        "count": 398
    },
    "8-1": {
        "mde": 0.9478714155465762,
        "count": 398
    },
    "8-11": {
        "mde": 0.1372116369808471,
        "count": 398
    },
    "9-1": {
        "mde": 0.34851307520728486,
        "count": 398
    },
    "9-11": {
        "mde": 0.10787061599998984,
        "count": 398
    }
}