{
    "1-1": {
        "mde": 0.007211538461538462,
        "count": 416
    },
    "1-10": {
        "mde": 0.023253486771450664,
        "count": 416
    },
    "1-11": {
        "mde": 0.020192307692307693,
        "count": 416
    },
    "1-2": {
        "mde": 0.025698125076674547,
        "count": 416
    },
    "1-3": {
        "mde": 0.03693108357038076,
        "count": 416
    },
    "1-4": {
        "mde": 0.01633349325048571,
        "count": 416
    },
    "1-5": {
        "mde": 0.007211538461538463,
        "count": 416
    },
    "1-6": {
        "mde": 0.07400801386902289,
        "count": 416
    },
    "1-7": {
        "mde": 0.01312358583691267,
        "count": 416
    },
    "1-8": {
        "mde": 0.02186866970216593,
        "count": 416
    },
    "1-9": {
        "mde": 0.024581670322488376,
        "count": 416
    },
    "10-1": {
        "mde": 0.015617923737614699,
        "count": 416
    },
    "10-11": {
        "mde": 0.0,
        "count": 416
    },
    "11-1": {
        "mde": 0.010096153846153845,
        "count": 416
    },
    "11-10": {
        "mde": 0.009848692968383923,
        "count": 416
    },
    "11-11": {
        "mde": 0.010096153846153847,
        "count": 416
    },
    "11-2": {
        "mde": 0.015720425389343748,
        "count": 416
    },
    "11-3": {
        "mde": 0.0,
        "count": 416
    },
    "11-4": {
        "mde": 0.001442307692307692,
        "count": 416
    },
    "11-5": {
        "mde": 0.001442307692307692,
        "count": 416
    },
    "11-6": {
        "mde": 0.036057692307692304,
        "count": 416
    },
    "11-7": {
        "mde": 0.012980769230769228,
        "count": 416
    },
    "11-8": {
        "mde": 0.014423076923076924,
        "count": 416
    },
    "11-9": {
        "mde": 0.02307692307692307,
        "count": 416
    },
    "2-1": {
        "mde": 0.0,
        "count": 416
    },
    "2-11": {
        "mde": 0.004326923076923076,
        "count": 416
    },
    "3-1": {
        "mde": 0.005200314339611522,
        "count": 416
    },
    "3-11": {
        "mde": 0.002884615384615385,
        "count": 416
    },
    "4-1": {
        "mde": 0.004667405736778542,
        "count": 416
    },
    "4-11": {
        "mde": 0.03709417333596984,
        "count": 416
    },
    "5-1": {
        "mde": 0.0032250980444708506,
        "count": 416
    },
    "5-11": {
        "mde": 0.004326923076923076,
        "count": 416
    },
    "6-1": {
        "mde": 0.008653846153846154,
        "count": 416
    },
    "6-10": {
        "mde": 0.004560977394473623,
        "count": 416
    },
    "6-11": {
        "mde": 0.004326923076923077,
        "count": 416
    },
    "6-2": {
        "mde": 0.004924346484191965,
        "count": 416
    },
    "6-3": {
        "mde": 0.05320463050961296,
        "count": 416
    },
    "6-4": {
        "mde": 0.025961538461538463,
        "count": 416
    },
    "6-5": {
        "mde": 0.02840518427049523,
        "count": 416
    },
    "6-6": {
        "mde": 0.06125214268926389,
        "count": 416
    },
    "6-7": {
        "mde": 0.14280526362348459,
        "count": 416
    },
    "6-8": {
        "mde": 0.008410026771411491,
        "count": 416
    },
    "6-9": {
        "mde": 0.044922418996156746,
        "count": 416
    },
    "7-1": {
        "mde": 0.03499485925643822,
        "count": 416
    },
    "7-11": {
        "mde": 0.031969507298937175,
        "count": 416
    },
    "8-1": {
        "mde": 0.011117601825720243,
        "count": 416
    },
    "8-11": {
        "mde": 0.02307692307692308,
        "count": 416
    },
    "9-1": {
        "mde": 0.0028846153846153874,
        "count": 416
    },
    "9-11": {
        "mde": 0.010096153846153848,
        "count": 416
    }
}