{
    "1-1": {
        "mde": 0.01507537688442211,
        "count": 398
    },
    "1-10": {
        "mde": 0.0030150753768844224,
        "count": 398
    },
    "1-11": {
        "mde": 0.03692390304201392,
        "count": 398
    },
    "1-2": {
        "mde": 0.005771498178009331,
        "count": 398
    },
    "1-3": {
        "mde": 0.08478470001633268,
        "count": 398
    },
    "1-4": {
        "mde": 0.012060301507537688,
        "count": 398
    },
    "1-5": {
        "mde": 0.0,
        "count": 398
    },
    "1-6": {
        "mde": 0.01507537688442211,
        "count": 398
    },
    "1-7": {
        "mde": 0.032613026612237084,
        "count": 398
    },
    "1-8": {
        "mde": 0.017740445631606584,
        "count": 398
    },
    "1-9": {
        "mde": 0.012209577156170028,
        "count": 398
    },
    "10-1": {
        "mde": 0.01117720637543682,
        "count": 398
    },
    "10-11": {
        "mde": 0.018090452261306532,
        "count": 398
    },
    "11-1": {
        "mde": 0.025628140703517585,
        "count": 398
    },
    "11-10": {
        "mde": 0.015172605681777859,
        "count": 398
    },
    "11-11": {
        "mde": 0.0,
        "count": 398
    },
    "11-2": {
        "mde": 0.06179883852514625,
        "count": 398
    },
    "11-3": {
        "mde": 0.030422622945978313,
        "count": 398
    },
    "11-4": {
        "mde": 0.13436781034802248,
        "count": 398
    },
    "11-5": {
        "mde": 0.004522613065326634,
        "count": 398
    },
    "11-6": {
        "mde": 0.02272020273145549,
        "count": 398
    },
    "11-7": {
        "mde": 0.006030150753768843,
        "count": 398
    },
    "11-8": {
        "mde": 0.006030150753768845,
        "count": 398
    },
    "11-9": {
        "mde": 0.009045226130653266,
        "count": 398
    },
    "2-1": {
        "mde": 0.001507537688442211,
        "count": 398
    },
    "2-11": {
        "mde": 0.025872780392213638,
        "count": 398
    },
    "3-1": {
        "mde": 0.0015075376884422112,
        "count": 398
    },
    "3-11": {
        "mde": 0.021423772689841174,
        "count": 398
    },
    "4-1": {
        "mde": 0.010918553799677315,
        "count": 398
    },
    "4-11": {
        "mde": 0.019233970432985335,
        "count": 398
    },
    "5-1": {
        "mde": 0.08521756086880322,
        "count": 398
    },
    "5-11": {
        "mde": 0.029270966630651363,
        "count": 398
    },
    "6-1": {
        "mde": 0.0015075376884422112,
        "count": 398
    },
    "6-10": {
        "mde": 0.024573713185546388,
        "count": 398
    },
    "6-11": {
        "mde": 0.006030150753768845,
        "count": 398
    },
    "6-2": {
        "mde": 0.013998065254953831,
        "count": 398
    },
    "6-3": {
        "mde": 0.0,
        "count": 398
    },
    "6-4": {
        "mde": 0.02936458934058128,
        "count": 398
    },
    "6-5": {
        "mde": 0.015075376884422113,
        "count": 398
    },
    "6-6": {
        "mde": 0.007537688442211055,
        "count": 398
    },
    "6-7": {
        "mde": 0.07195127571523056,
        "count": 398
    },
    "6-8": {
        "mde": 0.021471317618772794,
        "count": 398
    },
    "6-9": {
        "mde": 0.038937327323737975,
        "count": 398
    },
    "7-1": {
        "mde": 0.0030150753768844224,
        "count": 398
    },
    "7-11": {
        "mde": 0.0036395179332257715,
        "count": 398
    },
    "8-1": {
        "mde": 0.020080896358165106,
        "count": 398
    },
    "8-11": {
        "mde": 0.007279035866451541,
        "count": 398
    },
    "9-1": {
        "mde": 0.0271356783919598,
        "count": 398
    },
    "9-11": {
        "mde": 0.003370956749999683,
        "count": 398
    }
}