{
    "1-1": {
        "mde": 0.0,
        "count": 402
    },
    "1-10": {
        "mde": 0.008955223880597014,
        "count": 402
    },
    "1-11": {
        "mde": 0.001492537313432835,
        "count": 402
    },
    "1-2": {
        "mde": 0.021107665110046192,
        "count": 402
    },
    "1-3": {
        "mde": 0.023880597014925373,
        "count": 402
    },
    "1-4": {
        "mde": 0.0338046427472739,
        "count": 402
    },
    "1-5": {
        "mde": 0.001492537313432836,
        "count": 402
    },
    "1-6": {
        "mde": 0.0,
        "count": 402
    },
    "1-7": {
        "mde": 0.010762839628250713,
        "count": 402
    },
    "1-8": {
        "mde": 0.01102263404049926,
        "count": 402
    },
    "1-9": {
        "mde": 0.003337414891790731,
        "count": 402
    },
    "10-1": {
        "mde": 0.049087378835818374,
        "count": 402
    },
    "10-11": {
        "mde": 0.014051065018467307,
        "count": 402
    },
    "11-1": {
        "mde": 0.0462686567164179,
        "count": 402
    },
    "11-10": {
        "mde": 0.0604779625816423,
        "count": 402
    },
    "11-11": {
        "mde": 0.026865671641791048,
        "count": 402
    },
    "11-2": {
        "mde": 0.009935603357451311,
        "count": 402
    },
    "11-3": {
        "mde": 0.0,
        "count": 402
    },
    "11-4": {
        "mde": 0.014925373134328358,
        "count": 402
    },
    "11-5": {
        "mde": 0.01343283582089552,
        "count": 402
    },
    "11-6": {
        "mde": 0.0,
        "count": 402
    },
    "11-7": {
        "mde": 0.008955223880597015,
        "count": 402
    },
    "11-8": {
        "mde": 0.00746268656716418,
        "count": 402
    },
    "11-9": {
        "mde": 0.01598239392910353,
        "count": 402
    },
    "2-1": {
        "mde": 0.014842196880595758,
        "count": 402
    },
    "2-11": {
        "mde": 0.0108963628055907,
        "count": 402
    },
    "3-1": {
        "mde": 0.03384570013034248,
        "count": 402
    },
    "3-11": {
        "mde": 0.01343283582089552,
        "count": 402
    },
    "4-1": {
        "mde": 0.026910797702371248,
        "count": 402
    },
    "4-11": {
        "mde": 0.011780480935809209,
        "count": 402
    },
    "5-1": {
        "mde": 0.0,
        "count": 402
    },
    "5-11": {
        "mde": 0.04452659064178728,
        "count": 402
    },
    "6-1": {
        "mde": 0.037030223396875596,
        "count": 402
    },
    "6-10": {
        "mde": 0.01912322268662875,
        "count": 402
    },
    "6-11": {
        "mde": 0.019402985074626858,
        "count": 402
    },
    "6-2": {
        "mde": 0.018528676958765814,
        "count": 402
    },
    "6-3": {
        "mde": 0.010447761194029851,
        "count": 402
    },
    "6-4": {
        "mde": 0.013432835820895524,
        "count": 402
    },
    "6-5": {
        "mde": 0.0208955223880597,
        "count": 402
    },
    "6-6": {
        "mde": 0.07249201515010281,
        "count": 402
    },
    "6-7": {
        "mde": 0.02422996437653455,
        "count": 402
    },
    "6-8": {
        "mde": 0.07445745911589931,
        "count": 402
    },
    "6-9": {
        "mde": 0.04336258552815451,
        "count": 402
    },
    "7-1": {
        "mde": 0.011940298507462683,
        "count": 402
    },
    "7-11": {
        "mde": 0.014925373134328354,
        "count": 402
    },
    "8-1": {
        "mde": 0.032731502381792156,
        "count": 402
    },
    "8-11": {
        "mde": 0.013180525216187015,
        "count": 402
    },
    "9-1": {
        "mde": 0.017654368842904763,
        "count": 402
    },
    "9-11": {
        "mde": 0.014925373134328354,
        "count": 402
    }
}