{
    "1-1": {
        "mde": 0.0028846153846153843,
        "count": 416
    },
    "1-10": {
        "mde": 0.04574761616283878,
        "count": 416
    },
    "1-11": {
        "mde": 0.0193055261641363,
        "count": 416
    },
    "1-2": {
        "mde": 0.024312315511122697,
        "count": 416
    },
    "1-3": {
        "mde": 0.02307692307692308,
        "count": 416
    },
    "1-4": {
        "mde": 0.017541746625242858,
        "count": 416
    },
    "1-5": {
        "mde": 0.007211538461538463,
        "count": 416
    },
    "1-6": {
        "mde": 0.04038461538461539,
        "count": 416
    },
    "1-7": {
        "mde": 0.049609727963035304,
        "count": 416
    },
    "1-8": {
        "mde": 0.025961538461538463,
        "count": 416
    },
    "1-9": {
        "mde": 0.042843130945754954,
        "count": 416
    },
    "10-1": {
        "mde": 0.04089409352114268,
        "count": 416
    },
    "10-11": {
        "mde": 0.046751269561115076,
        "count": 416
    },
    "11-1": {
        "mde": 0.05068577253422733,
        "count": 416
    },
    "11-10": {
        "mde": 0.005769230769230766,
        "count": 416
    },
    "11-11": {
        "mde": 0.06634615384615385,
        "count": 416
    },
    "11-2": {
        "mde": 0.05561427637424262,
        "count": 416
    },
    "11-3": {
        "mde": 0.02451923076923077,
        "count": 416
    },
    "11-4": {
        "mde": 0.002884615384615384,
        "count": 416
    },
    "11-5": {
        "mde": 0.03461538461538461,
        "count": 416
    },
    "11-6": {
        "mde": 0.1110576923076923,
        "count": 416
    },
    "11-7": {
        "mde": 0.007211538461538462,
        "count": 416
    },
    "11-8": {
        "mde": 0.008653846153846153,
        "count": 416
    },
    "11-9": {
        "mde": 0.03173076923076922,
        "count": 416
    },
    "2-1": {
        "mde": 0.0020397310995765795,
        "count": 416
    },
    "2-11": {
        "mde": 0.11932546278586526,
        "count": 416
    },
    "3-1": {
        "mde": 0.0014423076923076926,
        "count": 416
    },
    "3-11": {
        "mde": 0.0328831584709952,
        "count": 416
    },
    "4-1": {
        "mde": 0.0032250980444708506,
        "count": 416
    },
    "4-11": {
        "mde": 0.04335832586074045,
        "count": 416
    },
    "5-1": {
        "mde": 0.05389482312514427,
        "count": 416
    },
    "5-11": {
        "mde": 0.03639817496754777,
        "count": 416
    },
    "6-1": {
        "mde": 0.027160026771411494,
        "count": 416
    },
    "6-10": {
        "mde": 0.019218108635101087,
        "count": 416
    },
    "6-11": {
        "mde": 0.041826923076923074,
        "count": 416
    },
    "6-2": {
        "mde": 0.02093254770572002,
        "count": 416
    },
    "6-3": {
        "mde": 0.08861648781788348,
        "count": 416
    },
    "6-4": {
        "mde": 0.03894230769230769,
        "count": 416
    },
    "6-5": {
        "mde": 0.11575818235784555,
        "count": 416
    },
    "6-6": {
        "mde": 0.11058276242709363,
        "count": 416
    },
    "6-7": {
        "mde": 0.1473374428598087,
        "count": 416
    },
    "6-8": {
        "mde": 0.029417420270727603,
        "count": 416
    },
    "6-9": {
        "mde": 0.05145135494785291,
        "count": 416
    },
    "7-1": {
        "mde": 0.05811077431455944,
        "count": 416
    },
    "7-11": {
        "mde": 0.028846153846153848,
        "count": 416
    },
    "8-1": {
        "mde": 0.020452413299277328,
        "count": 416
    },
    "8-11": {
        "mde": 0.01818108357038075,
        "count": 416
    },
    "9-1": {
        "mde": 0.0,
        "count": 416
    },
    "9-11": {
        "mde": 0.021634615384615384,
        "count": 416
    }
}