{
    "1-1": {
        "mde": 0.031658291457286436,
        "count": 398
    },
    "1-10": {
        "mde": 0.0258126896907625,
        "count": 398
    },
    "1-11": {
        "mde": 0.03666905665233347,
        "count": 398
    },
    "1-2": {
        "mde": 0.044090998933221964,
        "count": 398
    },
    "1-3": {
        "mde": 0.09408730019514873,
        "count": 398
    },
    "1-4": {
        "mde": 0.016582914572864323,
        "count": 398
    },
    "1-5": {
        "mde": 0.021105527638190957,
        "count": 398
    },
    "1-6": {
        "mde": 0.04974874371859296,
        "count": 398
    },
    "1-7": {
        "mde": 0.04044965110966023,
        "count": 398
    },
    "1-8": {
        "mde": 0.17908302833024994,
        "count": 398
    },
    "1-9": {
        "mde": 0.01838900355857121,
        "count": 398
    },
    "10-1": {
        "mde": 0.089300627976487,
        "count": 398
    },
    "10-11": {
        "mde": 0.025628140703517585,
        "count": 398
    },
    "11-1": {
        "mde": 0.06331658291457286,
        "count": 398
    },
    "11-10": {
        "mde": 0.021471317618772787,
        "count": 398
    },
    "11-11": {
        "mde": 0.007537688442211054,
        "count": 398
    },
    "11-2": {
        "mde": 0.1768469693370829,
        "count": 398
    },
    "11-3": {
        "mde": 0.4048328982321779,
        "count": 398
    },
    "11-4": {
        "mde": 0.06086329881604769,
        "count": 398
    },
    "11-5": {
        "mde": 0.030275521402459624,
        "count": 398
    },
    "11-6": {
        "mde": 0.08743718592964825,
        "count": 398
    },
    "11-7": {
        "mde": 0.040703517587939685,
        "count": 398
    },
    "11-8": {
        "mde": 0.015075376884422113,
        "count": 398
    },
    "11-9": {
        "mde": 0.0015075376884422123,
        "count": 398
    },
    "2-1": {
        "mde": 0.02713567839195979,
        "count": 398
    },
    "2-11": {
        "mde": 0.11209413039974435,
        "count": 398
    },
    "3-1": {
        "mde": 0.006395940734350681,
        "count": 398
    },
    "3-11": {
        "mde": 0.029206100820748277,
        "count": 398
    },
    "4-1": {
        "mde": 0.01845624224188837,
        "count": 398
    },
    "4-11": {
        "mde": 0.06732402976787298,
        "count": 398
    },
    "5-1": {
        "mde": 0.5269987422651549,
        "count": 398
    },
    "5-11": {
        "mde": 0.031490267065324096,
        "count": 398
    },
    "6-1": {
        "mde": 0.015075376884422113,
        "count": 398
    },
    "6-10": {
        "mde": 0.02564135730489217,
        "count": 398
    },
    "6-11": {
        "mde": 0.024701253478092218,
        "count": 398
    },
    "6-2": {
        "mde": 0.036521007833992446,
        "count": 398
    },
    "6-3": {
        "mde": 0.0030150753768844224,
        "count": 398
    },
    "6-4": {
        "mde": 0.22678996460991008,
        "count": 398
    },
    "6-5": {
        "mde": 0.06101327028391897,
        "count": 398
    },
    "6-6": {
        "mde": 0.007537688442211055,
        "count": 398
    },
    "6-7": {
        "mde": 0.3361436882132819,
        "count": 398
    },
    "6-8": {
        "mde": 0.09049401248588664,
        "count": 398
    },
    "6-9": {
        "mde": 0.09987907780033398,
        "count": 398
    },
    "7-1": {
        "mde": 0.015075376884422108,
        "count": 398
    },
    "7-11": {
        "mde": 0.03889833231759703,
        "count": 398
    },
    "8-1": {
        "mde": 0.12400467182590583,
        "count": 398
    },
    "8-11": {
        "mde": 0.04094815727663574,
        "count": 398
    },
    "9-1": {
        "mde": 0.17141940291331564,
        "count": 398
    },
    "9-11": {
        "mde": 0.003370956749999683,
        "count": 398
    }
}