{
    "1-1": {
        "mde": 0.035820895522388055,
        "count": 402
    },
    "1-10": {
        "mde": 0.05057991614925121,
        "count": 402
    },
    "1-11": {
        "mde": 0.007462686567164177,
        "count": 402
    },
    "1-2": {
        "mde": 0.05699069579712472,
        "count": 402
    },
    "1-3": {
        "mde": 0.020895522388059702,
        "count": 402
    },
    "1-4": {
        "mde": 0.060500981897410044,
        "count": 402
    },
    "1-5": {
        "mde": 0.06629875248715825,
        "count": 402
    },
    "1-6": {
        "mde": 0.007462686567164179,
        "count": 402
    },
    "1-7": {
        "mde": 0.03943612701769546,
        "count": 402
    },
    "1-8": {
        "mde": 0.02299241544371293,
        "count": 402
    },
    "1-9": {
        "mde": 0.009659904410447135,
        "count": 402
    },
    "10-1": {
        "mde": 0.15493248498242151,
        "count": 402
    },
    "10-11": {
        "mde": 0.10394283470810994,
        "count": 402
    },
    "11-1": {
        "mde": 0.06865671641791045,
        "count": 402
    },
    "11-10": {
        "mde": 0.0826510816381854,
        "count": 402
    },
    "11-11": {
        "mde": 0.026865671641791038,
        "count": 402
    },
    "11-2": {
        "mde": 0.06440286117575161,
        "count": 402
    },
    "11-3": {
        "mde": 0.007462686567164179,
        "count": 402
    },
    "11-4": {
        "mde": 0.06096745069042281,
        "count": 402
    },
    "11-5": {
        "mde": 0.03146680974671376,
        "count": 402
    },
    "11-6": {
        "mde": 0.12740047983368907,
        "count": 402
    },
    "11-7": {
        "mde": 0.01791044776119403,
        "count": 402
    },
    "11-8": {
        "mde": 0.022388059701492536,
        "count": 402
    },
    "11-9": {
        "mde": 0.0929419788480939,
        "count": 402
    },
    "2-1": {
        "mde": 0.01613814805976308,
        "count": 402
    },
    "2-11": {
        "mde": 0.18012725367104218,
        "count": 402
    },
    "3-1": {
        "mde": 0.08527233314932114,
        "count": 402
    },
    "3-11": {
        "mde": 0.18838025704524056,
        "count": 402
    },
    "4-1": {
        "mde": 0.147380677484437,
        "count": 402
    },
    "4-11": {
        "mde": 0.34603412795146077,
        "count": 402
    },
    "5-1": {
        "mde": 0.1024112360120721,
        "count": 402
    },
    "5-11": {
        "mde": 0.12313201073133198,
        "count": 402
    },
    "6-1": {
        "mde": 0.062403357725233824,
        "count": 402
    },
    "6-10": {
        "mde": 0.052118072791356405,
        "count": 402
    },
    "6-11": {
        "mde": 0.16268656716417912,
        "count": 402
    },
    "6-2": {
        "mde": 0.03119327602479353,
        "count": 402
    },
    "6-3": {
        "mde": 0.0255852770503447,
        "count": 402
    },
    "6-4": {
        "mde": 0.008955223880597015,
        "count": 402
    },
    "6-5": {
        "mde": 0.14121838652750043,
        "count": 402
    },
    "6-6": {
        "mde": 0.11377843871680521,
        "count": 402
    },
    "6-7": {
        "mde": 0.3365501535239597,
        "count": 402
    },
    "6-8": {
        "mde": 0.14109464060753146,
        "count": 402
    },
    "6-9": {
        "mde": 0.06347229907425056,
        "count": 402
    },
    "7-1": {
        "mde": 0.25183804869473714,
        "count": 402
    },
    "7-11": {
        "mde": 0.02686567164179104,
        "count": 402
    },
    "8-1": {
        "mde": 0.014925373134328358,
        "count": 402
    },
    "8-11": {
        "mde": 0.014673062529619849,
        "count": 402
    },
    "9-1": {
        "mde": 0.06359037503800595,
        "count": 402
    },
    "9-11": {
        "mde": 0.17112963320819755,
        "count": 402
    }
}