{
    "1-1": {
        "mde": 0.6607457176742579,
        "count": 416
    },
    "1-10": {
        "mde": 0.9589296481897424,
        "count": 416
    },
    "1-11": {
        "mde": 0.0923076923076923,
        "count": 416
    },
    "1-2": {
        "mde": 0.8133878981136774,
        "count": 416
    },
    "1-3": {
        "mde": 0.2511435320370723,
        "count": 416
    },
    "1-4": {
        "mde": 0.25240384615384615,
        "count": 416
    },
    "1-5": {
        "mde": 1.1549840095996293,
        "count": 416
    },
    "1-6": {
        "mde": 0.8432047755080971,
        "count": 416
    },
    "1-7": {
        "mde": 2.1612051855626784,
        "count": 416
    },
    "1-8": {
        "mde": 1.7673169822085166,
        "count": 416
    },
    "1-9": {
        "mde": 0.6586447645934318,
        "count": 416
    },
    "10-1": {
        "mde": 2.4046339656865103,
        "count": 416
    },
    "10-11": {
        "mde": 0.6461579850681313,
        "count": 416
    },
    "11-1": {
        "mde": 0.8184863318555444,
        "count": 416
    },
    "11-10": {
        "mde": 0.3617341941821955,
        "count": 416
    },
    "11-11": {
        "mde": 0.5861492696513502,
        "count": 416
    },
    "11-2": {
        "mde": 0.8254104814680848,
        "count": 416
    },
    "11-3": {
        "mde": 0.23662825636773827,
        "count": 416
    },
    "11-4": {
        "mde": 0.47060231429922383,
        "count": 416
    },
    "11-5": {
        "mde": 0.35638518335045977,
        "count": 416
    },
    "11-6": {
        "mde": 0.08076923076923077,
        "count": 416
    },
    "11-7": {
        "mde": 1.9116611324101707,
        "count": 416
    },
    "11-8": {
        "mde": 1.3533527240197167,
        "count": 416
    },
    "11-9": {
        "mde": 0.3346153846153846,
        "count": 416
    },
    "2-1": {
        "mde": 0.6342209447888723,
        "count": 416
    },
    "2-11": {
        "mde": 1.1690970393478202,
        "count": 416
    },
    "3-1": {
        "mde": 0.09835165243359931,
        "count": 416
    },
    "3-11": {
        "mde": 1.9234723992649494,
        "count": 416
    },
    "4-1": {
        "mde": 2.9186463443320614,
        "count": 416
    },
    "4-11": {
        "mde": 0.2460614194746331,
        "count": 416
    },
    "5-1": {
        "mde": 0.20050085750527885,
        "count": 416
    },
    "5-11": {
        "mde": 0.2134951426315845,
        "count": 416
    },
    "6-1": {
        "mde": 0.9636534355699301,
        "count": 416
    },
    "6-10": {
        "mde": 0.06593139640921171,
        "count": 416
    },
    "6-11": {
        "mde": 0.6739269531796835,
        "count": 416
    },
    "6-2": {
        "mde": 0.34271195431466983,
        "count": 416
    },
    "6-3": {
        "mde": 1.7088678767274457,
        "count": 416
    },
    "6-4": {
        "mde": 2.648572693568366,
        "count": 416
    },
    "6-5": {
        "mde": 1.1649852380625745,
        "count": 416
    },
    "6-6": {
        "mde": 0.30282867363799854,
        "count": 416
    },
    "6-7": {
        "mde": 0.24395465100074182,
        "count": 416
    },
    "6-8": {
        "mde": 0.18894230769230771,
        "count": 416
    },
    "6-9": {
        "mde": 0.4550218796643517,
        "count": 416
    },
    "7-1": {
        "mde": 2.0551677876655323,
        "count": 416
    },
    "7-11": {
        "mde": 0.15702228885967495,
        "count": 416
    },
    "8-1": {
        "mde": 0.043269230769230775,
        "count": 416
    },
    "8-11": {
        "mde": 0.04616326393023708,
        "count": 416
    },
    "9-1": {
        "mde": 0.448640768584727,
        "count": 416
    },
    "9-11": {
        "mde": 1.0579973919518477,
        "count": 416
    }
}