{
    "1-1": {
        "mde": 0.23726547122317548,
        "count": 365
    },
    "1-10": {
        "mde": 0.6292347328104805,
        "count": 365
    },
    "1-11": {
        "mde": 0.8446195885083395,
        "count": 365
    },
    "1-2": {
        "mde": 0.42982897753915217,
        "count": 365
    },
    "1-3": {
        "mde": 0.23711289847795539,
        "count": 365
    },
    "1-4": {
        "mde": 1.5124940416236867,
        "count": 365
    },
    "1-5": {
        "mde": 0.45292100699760135,
        "count": 365
    },
    "1-6": {
        "mde": 0.631542302733885,
        "count": 365
    },
    "1-7": {
        "mde": 2.7303948292095277,
        "count": 365
    },
    "1-8": {
        "mde": 1.9701634510697186,
        "count": 365
    },
    "1-9": {
        "mde": 0.09532634816864852,
        "count": 365
    },
    "10-1": {
        "mde": 0.5384284875130843,
        "count": 365
    },
    "10-11": {
        "mde": 1.059310433774894,
        "count": 365
    },
    "11-1": {
        "mde": 0.6657534246575343,
        "count": 365
    },
    "11-10": {
        "mde": 0.20294881843689794,
        "count": 365
    },
    "11-11": {
        "mde": 0.5399368999465293,
        "count": 365
    },
    "11-2": {
        "mde": 0.3575052880041158,
        "count": 365
    },
    "11-3": {
        "mde": 0.6547042004448033,
        "count": 365
    },
    "11-4": {
        "mde": 1.0175342465753423,
        "count": 365
    },
    "11-5": {
        "mde": 0.3813698630136986,
        "count": 365
    },
    "11-6": {
        "mde": 1.0140261913263158,
        "count": 365
    },
    "11-7": {
        "mde": 0.40075239219377634,
        "count": 365
    },
    "11-8": {
        "mde": 1.9135091341761001,
        "count": 365
    },
    "11-9": {
        "mde": 0.7539876717474499,
        "count": 365
    },
    "2-1": {
        "mde": 1.3116798218349186,
        "count": 365
    },
    "2-11": {
        "mde": 0.257181261981673,
        "count": 365
    },
    "3-1": {
        "mde": 0.8355357592770922,
        "count": 365
    },
    "3-11": {
        "mde": 0.350183887972738,
        "count": 365
    },
    "4-1": {
        "mde": 0.34914690350397587,
        "count": 365
    },
    "4-11": {
        "mde": 0.7668707469888634,
        "count": 365
    },
    "5-1": {
        "mde": 0.028081253474462827,
        "count": 365
    },
    "5-11": {
        "mde": 0.549307853687948,
        "count": 365
    },
    "6-1": {
        "mde": 2.8461758469835385,
        "count": 365
    },
    "6-10": {
        "mde": 0.15085074882585964,
        "count": 365
    },
    "6-11": {
        "mde": 0.17194731206977693,
        "count": 365
    },
    "6-2": {
        "mde": 1.390971973113626,
        "count": 365
    },
    "6-3": {
        "mde": 0.7240488648669025,
        "count": 365
    },
    "6-4": {
        "mde": 0.8296902668776486,
        "count": 365
    },
    "6-5": {
        "mde": 0.8115490902591767,
        "count": 365
    },
    "6-6": {
        "mde": 0.36560922203087176,
        "count": 365
    },
    "6-7": {
        "mde": 0.2834338093486867,
        "count": 365
    },
    "6-8": {
        "mde": 0.6096672007065208,
        "count": 365
    },
    "6-9": {
        "mde": 0.9139178599815903,
        "count": 365
    },
    "7-1": {
        "mde": 0.14374476467762104,
        "count": 365
    },
    "7-11": {
        "mde": 0.2301369863013699,
        "count": 365
    },
    "8-1": {
        "mde": 0.09891944035795881,
        "count": 365
    },
    "8-11": {
        "mde": 0.0032876712328767104,
        "count": 365
    },
    "9-1": {
        "mde": 1.961196970249169,
        "count": 365
    },
    "9-11": {
        "mde": 0.079323014787845,
        "count": 365
    }
}