{
    "1-1": {
        "mde": 0.29659837372831144,
        "count": 402
    },
    "1-10": {
        "mde": 0.033601498425792756,
        "count": 402
    },
    "1-11": {
        "mde": 0.5237208548016536,
        "count": 402
    },
    "1-2": {
        "mde": 0.0324297344199371,
        "count": 402
    },
    "1-3": {
        "mde": 0.19056711646094018,
        "count": 402
    },
    "1-4": {
        "mde": 0.17118994333299406,
        "count": 402
    },
    "1-5": {
        "mde": 0.07252853295754733,
        "count": 402
    },
    "1-6": {
        "mde": 0.07761194029850747,
        "count": 402
    },
    "1-7": {
        "mde": 0.40590405221418185,
        "count": 402
    },
    "1-8": {
        "mde": 0.4162872615492536,
        "count": 402
    },
    "1-9": {
        "mde": 1.6431397629600557,
        "count": 402
    },
    "10-1": {
        "mde": 0.8774824739102822,
        "count": 402
    },
    "10-11": {
        "mde": 0.8135111752279469,
        "count": 402
    },
    "11-1": {
        "mde": 0.09253731343283583,
        "count": 402
    },
    "11-10": {
        "mde": 0.4471066560786492,
        "count": 402
    },
    "11-11": {
        "mde": 0.04029850746268657,
        "count": 402
    },
    "11-2": {
        "mde": 0.5754345872663752,
        "count": 402
    },
    "11-3": {
        "mde": 0.052238805970149266,
        "count": 402
    },
    "11-4": {
        "mde": 0.25844624440500064,
        "count": 402
    },
    "11-5": {
        "mde": 0.7442945611705032,
        "count": 402
    },
    "11-6": {
        "mde": 0.25874617583861287,
        "count": 402
    },
    "11-7": {
        "mde": 0.9165136255768258,
        "count": 402
    },
    "11-8": {
        "mde": 0.36892882262888416,
        "count": 402
    },
    "11-9": {
        "mde": 0.9334418602789164,
        "count": 402
    },
    "2-1": {
        "mde": 0.14936821441487907,
        "count": 402
    },
    "2-11": {
        "mde": 0.3710156515149046,
        "count": 402
    },
    "3-1": {
        "mde": 1.3768211176783416,
        "count": 402
    },
    "3-11": {
        "mde": 0.4800940967373277,
        "count": 402
    },
    "4-1": {
        "mde": 0.41248640068409215,
        "count": 402
    },
    "4-11": {
        "mde": 0.4861836746566452,
        "count": 402
    },
    "5-1": {
        "mde": 0.1313739117134756,
        "count": 402
    },
    "5-11": {
        "mde": 1.9993460489476047,
        "count": 402
    },
    "6-1": {
        "mde": 1.178069979878252,
        "count": 402
    },
    "6-10": {
        "mde": 0.17111592951800095,
        "count": 402
    },
    "6-11": {
        "mde": 0.052238805970149245,
        "count": 402
    },
    "6-2": {
        "mde": 0.6722648977196538,
        "count": 402
    },
    "6-3": {
        "mde": 0.4216569326780697,
        "count": 402
    },
    "6-4": {
        "mde": 0.43774537903464467,
        "count": 402
    },
    "6-5": {
        "mde": 0.5666877161224467,
        "count": 402
    },
    "6-6": {
        "mde": 2.9031191087840753,
        "count": 402
    },
    "6-7": {
        "mde": 0.9481494443836124,
        "count": 402
    },
    "6-8": {
        "mde": 0.11420200975568025,
        "count": 402
    },
    "6-9": {
        "mde": 0.27824630182551724,
        "count": 402
    },
    "7-1": {
        "mde": 0.3432835820895523,
        "count": 402
    },
    "7-11": {
        "mde": 0.04302750317126298,
        "count": 402
    },
    "8-1": {
        "mde": 0.07258150940387337,
        "count": 402
    },
    "8-11": {
        "mde": 0.15259114623507433,
        "count": 402
    },
    "9-1": {
        "mde": 0.18017028102909052,
        "count": 402
    },
    "9-11": {
        "mde": 0.05109860892164148,
        "count": 402
    }
}