{
    "1-1": {
        "mde": 0.7550033901900789,
        "count": 386
    },
    "1-10": {
        "mde": 0.43108202598518214,
        "count": 386
    },
    "1-11": {
        "mde": 1.505702174696262,
        "count": 386
    },
    "1-2": {
        "mde": 0.35384479820273995,
        "count": 386
    },
    "1-3": {
        "mde": 0.29583879803605834,
        "count": 386
    },
    "1-4": {
        "mde": 1.2679275177452354,
        "count": 386
    },
    "1-5": {
        "mde": 0.16336635157553278,
        "count": 386
    },
    "1-6": {
        "mde": 0.2178582814840469,
        "count": 386
    },
    "1-7": {
        "mde": 2.366605976473924,
        "count": 386
    },
    "1-8": {
        "mde": 0.9380071903545145,
        "count": 386
    },
    "1-9": {
        "mde": 0.07233361747715765,
        "count": 386
    },
    "10-1": {
        "mde": 0.1346604304879724,
        "count": 386
    },
    "10-11": {
        "mde": 1.1890411718223777,
        "count": 386
    },
    "11-1": {
        "mde": 1.5668241375169862,
        "count": 386
    },
    "11-10": {
        "mde": 0.0344076107473235,
        "count": 386
    },
    "11-11": {
        "mde": 0.2564766839378237,
        "count": 386
    },
    "11-2": {
        "mde": 0.9189050948085519,
        "count": 386
    },
    "11-3": {
        "mde": 0.16386871259355848,
        "count": 386
    },
    "11-4": {
        "mde": 0.41195202286215116,
        "count": 386
    },
    "11-5": {
        "mde": 0.8937823834196893,
        "count": 386
    },
    "11-6": {
        "mde": 0.018390080665562643,
        "count": 386
    },
    "11-7": {
        "mde": 2.435332860251476,
        "count": 386
    },
    "11-8": {
        "mde": 1.564813803196284,
        "count": 386
    },
    "11-9": {
        "mde": 0.3948999969455775,
        "count": 386
    },
    "2-1": {
        "mde": 1.1719758613494684,
        "count": 386
    },
    "2-11": {
        "mde": 0.9064012391789071,
        "count": 386
    },
    "3-1": {
        "mde": 0.06227406357124046,
        "count": 386
    },
    "3-11": {
        "mde": 0.2783932327009217,
        "count": 386
    },
    "4-1": {
        "mde": 0.1367875647668394,
        "count": 386
    },
    "4-11": {
        "mde": 0.21062509301322177,
        "count": 386
    },
    "5-1": {
        "mde": 0.1547821107086137,
        "count": 386
    },
    "5-11": {
        "mde": 0.758659009650087,
        "count": 386
    },
    "6-1": {
        "mde": 0.587785703042069,
        "count": 386
    },
    "6-10": {
        "mde": 2.4597690740500004,
        "count": 386
    },
    "6-11": {
        "mde": 0.04921539449174705,
        "count": 386
    },
    "6-2": {
        "mde": 0.5583450451239089,
        "count": 386
    },
    "6-3": {
        "mde": 0.5429661908543545,
        "count": 386
    },
    "6-4": {
        "mde": 0.07248700671417191,
        "count": 386
    },
    "6-5": {
        "mde": 0.47103164406058595,
        "count": 386
    },
    "6-6": {
        "mde": 0.6562072143152773,
        "count": 386
    },
    "6-7": {
        "mde": 1.1469942370676574,
        "count": 386
    },
    "6-8": {
        "mde": 0.470547147446726,
        "count": 386
    },
    "6-9": {
        "mde": 0.9056125547123915,
        "count": 386
    },
    "7-1": {
        "mde": 0.38860103626943004,
        "count": 386
    },
    "7-11": {
        "mde": 2.4388916002370657,
        "count": 386
    },
    "8-1": {
        "mde": 0.392885026994865,
        "count": 386
    },
    "8-11": {
        "mde": 2.122422671078328,
        "count": 386
    },
    "9-1": {
        "mde": 3.6204545895943916,
        "count": 386
    },
    "9-11": {
        "mde": 0.6837050419365385,
        "count": 386
    }
}