{
    "1-1": {
        "mde": 0.6780026362416807,
        "count": 398
    },
    "1-10": {
        "mde": 0.10204722738286408,
        "count": 398
    },
    "1-11": {
        "mde": 0.1529890076139714,
        "count": 398
    },
    "1-2": {
        "mde": 0.5354205190856809,
        "count": 398
    },
    "1-3": {
        "mde": 0.5758396974286587,
        "count": 398
    },
    "1-4": {
        "mde": 0.8999187012804073,
        "count": 398
    },
    "1-5": {
        "mde": 0.5474520223779414,
        "count": 398
    },
    "1-6": {
        "mde": 0.23726406754844398,
        "count": 398
    },
    "1-7": {
        "mde": 0.25907166600280646,
        "count": 398
    },
    "1-8": {
        "mde": 1.0109605851921604,
        "count": 398
    },
    "1-9": {
        "mde": 0.4032996951983391,
        "count": 398
    },
    "10-1": {
        "mde": 0.669975425057357,
        "count": 398
    },
    "10-11": {
        "mde": 0.8047451757462746,
        "count": 398
    },
    "11-1": {
        "mde": 0.28829257708383643,
        "count": 398
    },
    "11-10": {
        "mde": 0.08743718592964819,
        "count": 398
    },
    "11-11": {
        "mde": 0.09318629486189,
        "count": 398
    },
    "11-2": {
        "mde": 0.2060084809299229,
        "count": 398
    },
    "11-3": {
        "mde": 0.10286844418718562,
        "count": 398
    },
    "11-4": {
        "mde": 0.4616315483212545,
        "count": 398
    },
    "11-5": {
        "mde": 0.3290877076333681,
        "count": 398
    },
    "11-6": {
        "mde": 0.36862991295658964,
        "count": 398
    },
    "11-7": {
        "mde": 0.06331658291457286,
        "count": 398
    },
    "11-8": {
        "mde": 0.6814070351758794,
        "count": 398
    },
    "11-9": {
        "mde": 0.41405555917008907,
        "count": 398
    },
    "2-1": {
        "mde": 1.1987293300229567,
        "count": 398
    },
    "2-11": {
        "mde": 0.6997580587872851,
        "count": 398
    },
    "3-1": {
        "mde": 0.6354968561582974,
        "count": 398
    },
    "3-11": {
        "mde": 0.2795053547145713,
        "count": 398
    },
    "4-1": {
        "mde": 1.4506196200655352,
        "count": 398
    },
    "4-11": {
        "mde": 0.46034296417863213,
        "count": 398
    },
    "5-1": {
        "mde": 1.9791310129149067,
        "count": 398
    },
    "5-11": {
        "mde": 1.4939661625449032,
        "count": 398
    },
    "6-1": {
        "mde": 0.2758793969849247,
        "count": 398
    },
    "6-10": {
        "mde": 1.0130290336200067,
        "count": 398
    },
    "6-11": {
        "mde": 0.1257062786037203,
        "count": 398
    },
    "6-2": {
        "mde": 0.5100308013850158,
        "count": 398
    },
    "6-3": {
        "mde": 2.0573182020601206,
        "count": 398
    },
    "6-4": {
        "mde": 1.069187251152296,
        "count": 398
    },
    "6-5": {
        "mde": 0.7458820673957104,
        "count": 398
    },
    "6-6": {
        "mde": 0.6004450708304393,
        "count": 398
    },
    "6-7": {
        "mde": 1.9625654586711663,
        "count": 398
    },
    "6-8": {
        "mde": 2.335320479830916,
        "count": 398
    },
    "6-9": {
        "mde": 2.1966027797259233,
        "count": 398
    },
    "7-1": {
        "mde": 0.024365242703771425,
        "count": 398
    },
    "7-11": {
        "mde": 0.24271356783919595,
        "count": 398
    },
    "8-1": {
        "mde": 0.8478627038013822,
        "count": 398
    },
    "8-11": {
        "mde": 0.31462572830752644,
        "count": 398
    },
    "9-1": {
        "mde": 1.2065109687379145,
        "count": 398
    },
    "9-11": {
        "mde": 0.08520654154516841,
        "count": 398
    }
}