{
    "1-1": {
        "mde": 0.01658291457286432,
        "count": 398
    },
    "1-10": {
        "mde": 0.01614302100376789,
        "count": 398
    },
    "1-11": {
        "mde": 0.05802943068020488,
        "count": 398
    },
    "1-2": {
        "mde": 0.01783179968554702,
        "count": 398
    },
    "1-3": {
        "mde": 0.07510500435422214,
        "count": 398
    },
    "1-4": {
        "mde": 0.012060301507537688,
        "count": 398
    },
    "1-5": {
        "mde": 0.02110552763819095,
        "count": 398
    },
    "1-6": {
        "mde": 0.05125628140703517,
        "count": 398
    },
    "1-7": {
        "mde": 0.05673362962731247,
        "count": 398
    },
    "1-8": {
        "mde": 0.18745206480133683,
        "count": 398
    },
    "1-9": {
        "mde": 0.02663845474701279,
        "count": 398
    },
    "10-1": {
        "mde": 0.04342650523849099,
        "count": 398
    },
    "10-11": {
        "mde": 0.0271356783919598,
        "count": 398
    },
    "11-1": {
        "mde": 0.02864321608040201,
        "count": 398
    },
    "11-10": {
        "mde": 0.010908645192210742,
        "count": 398
    },
    "11-11": {
        "mde": 0.009045226130653266,
        "count": 398
    },
    "11-2": {
        "mde": 0.18489962382588856,
        "count": 398
    },
    "11-3": {
        "mde": 0.07109606323413914,
        "count": 398
    },
    "11-4": {
        "mde": 0.05330298132188763,
        "count": 398
    },
    "11-5": {
        "mde": 0.004522613065326634,
        "count": 398
    },
    "11-6": {
        "mde": 0.02412060301507538,
        "count": 398
    },
    "11-7": {
        "mde": 0.004522613065326633,
        "count": 398
    },
    "11-8": {
        "mde": 0.01055276381909548,
        "count": 398
    },
    "11-9": {
        "mde": 0.004522613065326634,
        "count": 398
    },
    "2-1": {
        "mde": 0.010552763819095479,
        "count": 398
    },
    "2-11": {
        "mde": 0.028559203884420844,
        "count": 398
    },
    "3-1": {
        "mde": 0.015806956845585782,
        "count": 398
    },
    "3-11": {
        "mde": 0.027698563132306068,
        "count": 398
    },
    "4-1": {
        "mde": 0.007903478422792891,
        "count": 398
    },
    "4-11": {
        "mde": 0.013329074250699164,
        "count": 398
    },
    "5-1": {
        "mde": 0.11737687426697577,
        "count": 398
    },
    "5-11": {
        "mde": 0.025077005450001945,
        "count": 398
    },
    "6-1": {
        "mde": 0.009045226130653268,
        "count": 398
    },
    "6-10": {
        "mde": 0.02901231405489185,
        "count": 398
    },
    "6-11": {
        "mde": 0.015075376884422113,
        "count": 398
    },
    "6-2": {
        "mde": 0.015564656261814209,
        "count": 398
    },
    "6-3": {
        "mde": 0.006030150753768845,
        "count": 398
    },
    "6-4": {
        "mde": 0.12040579582148277,
        "count": 398
    },
    "6-5": {
        "mde": 0.021105527638190957,
        "count": 398
    },
    "6-6": {
        "mde": 0.007537688442211055,
        "count": 398
    },
    "6-7": {
        "mde": 0.19625179449667027,
        "count": 398
    },
    "6-8": {
        "mde": 0.10728980516939726,
        "count": 398
    },
    "6-9": {
        "mde": 0.07477556707461036,
        "count": 398
    },
    "7-1": {
        "mde": 0.01658291457286432,
        "count": 398
    },
    "7-11": {
        "mde": 0.02823304833370531,
        "count": 398
    },
    "8-1": {
        "mde": 0.13812730537443982,
        "count": 398
    },
    "8-11": {
        "mde": 0.07386934673366834,
        "count": 398
    },
    "9-1": {
        "mde": 0.0734294531645719,
        "count": 398
    },
    "9-11": {
        "mde": 0.003370956749999683,
        "count": 398
    }
}