{
    "1-1": {
        "mde": 0.18093749881466248,
        "count": 386
    },
    "1-10": {
        "mde": 0.9273008621085306,
        "count": 386
    },
    "1-11": {
        "mde": 0.02549708430689044,
        "count": 386
    },
    "1-2": {
        "mde": 0.27608631315246884,
        "count": 386
    },
    "1-3": {
        "mde": 0.10303254598051073,
        "count": 386
    },
    "1-4": {
        "mde": 0.42820735109148006,
        "count": 386
    },
    "1-5": {
        "mde": 0.038860103626943,
        "count": 386
    },
    "1-6": {
        "mde": 0.0761658031088083,
        "count": 386
    },
    "1-7": {
        "mde": 0.017098445595854925,
        "count": 386
    },
    "1-8": {
        "mde": 0.027979274611398965,
        "count": 386
    },
    "1-9": {
        "mde": 0.7139335480964636,
        "count": 386
    },
    "10-1": {
        "mde": 0.1223918687296008,
        "count": 386
    },
    "10-11": {
        "mde": 0.023316062176165803,
        "count": 386
    },
    "11-1": {
        "mde": 0.3044736429217513,
        "count": 386
    },
    "11-10": {
        "mde": 0.08559640394665041,
        "count": 386
    },
    "11-11": {
        "mde": 0.05751295336787565,
        "count": 386
    },
    "11-2": {
        "mde": 0.29370282749087,
        "count": 386
    },
    "11-3": {
        "mde": 0.4184985639361836,
        "count": 386
    },
    "11-4": {
        "mde": 0.21703803962837379,
        "count": 386
    },
    "11-5": {
        "mde": 0.023316062176165803,
        "count": 386
    },
    "11-6": {
        "mde": 0.082999085058608,
        "count": 386
    },
    "11-7": {
        "mde": 0.3699481865284974,
        "count": 386
    },
    "11-8": {
        "mde": 0.40141343111987465,
        "count": 386
    },
    "11-9": {
        "mde": 0.04256761368984637,
        "count": 386
    },
    "2-1": {
        "mde": 0.1348215004430318,
        "count": 386
    },
    "2-11": {
        "mde": 0.050727067795597866,
        "count": 386
    },
    "3-1": {
        "mde": 0.22613246093184294,
        "count": 386
    },
    "3-11": {
        "mde": 1.5157877835244062,
        "count": 386
    },
    "4-1": {
        "mde": 0.03143211043729725,
        "count": 386
    },
    "4-11": {
        "mde": 0.6360538025991072,
        "count": 386
    },
    "5-1": {
        "mde": 0.08649523805992182,
        "count": 386
    },
    "5-11": {
        "mde": 0.9540517982999781,
        "count": 386
    },
    "6-1": {
        "mde": 0.7735293269995508,
        "count": 386
    },
    "6-10": {
        "mde": 0.066681897036892,
        "count": 386
    },
    "6-11": {
        "mde": 0.11347150259067358,
        "count": 386
    },
    "6-2": {
        "mde": 0.1803381357893631,
        "count": 386
    },
    "6-3": {
        "mde": 0.0015544041450777204,
        "count": 386
    },
    "6-4": {
        "mde": 0.03129457058338682,
        "count": 386
    },
    "6-5": {
        "mde": 0.1617308760023203,
        "count": 386
    },
    "6-6": {
        "mde": 0.7535998691636963,
        "count": 386
    },
    "6-7": {
        "mde": 0.8382743151237851,
        "count": 386
    },
    "6-8": {
        "mde": 0.14988341529366803,
        "count": 386
    },
    "6-9": {
        "mde": 0.26425770850317015,
        "count": 386
    },
    "7-1": {
        "mde": 0.023316062176165803,
        "count": 386
    },
    "7-11": {
        "mde": 0.1317307603318551,
        "count": 386
    },
    "8-1": {
        "mde": 0.04963617711052444,
        "count": 386
    },
    "8-11": {
        "mde": 0.10140321447279761,
        "count": 386
    },
    "9-1": {
        "mde": 0.08275470299727655,
        "count": 386
    },
    "9-11": {
        "mde": 0.14888310784506292,
        "count": 386
    }
}