{
    "1-1": {
        "mde": 0.3484931506849315,
        "count": 365
    },
    "1-10": {
        "mde": 0.12128784927576797,
        "count": 365
    },
    "1-11": {
        "mde": 0.1124139695459745,
        "count": 365
    },
    "1-2": {
        "mde": 0.019726027397260273,
        "count": 365
    },
    "1-3": {
        "mde": 0.2782901373031123,
        "count": 365
    },
    "1-4": {
        "mde": 0.0709870129053264,
        "count": 365
    },
    "1-5": {
        "mde": 0.01808219178082192,
        "count": 365
    },
    "1-6": {
        "mde": 0.3746767316303474,
        "count": 365
    },
    "1-7": {
        "mde": 0.190546312339701,
        "count": 365
    },
    "1-8": {
        "mde": 0.10865433689167753,
        "count": 365
    },
    "1-9": {
        "mde": 0.041780396490408885,
        "count": 365
    },
    "10-1": {
        "mde": 0.045016070647972986,
        "count": 365
    },
    "10-11": {
        "mde": 0.05067686650643208,
        "count": 365
    },
    "11-1": {
        "mde": 0.034520547945205475,
        "count": 365
    },
    "11-10": {
        "mde": 0.009298938492316236,
        "count": 365
    },
    "11-11": {
        "mde": 0.06098468961138541,
        "count": 365
    },
    "11-2": {
        "mde": 0.021888098803152865,
        "count": 365
    },
    "11-3": {
        "mde": 0.12428309798706409,
        "count": 365
    },
    "11-4": {
        "mde": 0.12594373661237906,
        "count": 365
    },
    "11-5": {
        "mde": 0.02136986301369863,
        "count": 365
    },
    "11-6": {
        "mde": 0.047671232876712336,
        "count": 365
    },
    "11-7": {
        "mde": 0.1657495099641293,
        "count": 365
    },
    "11-8": {
        "mde": 0.0,
        "count": 365
    },
    "11-9": {
        "mde": 0.06516689083577593,
        "count": 365
    },
    "2-1": {
        "mde": 0.5858522033232486,
        "count": 365
    },
    "2-11": {
        "mde": 0.030540304972877453,
        "count": 365
    },
    "3-1": {
        "mde": 0.0069742038692371805,
        "count": 365
    },
    "3-11": {
        "mde": 0.08653985909776137,
        "count": 365
    },
    "4-1": {
        "mde": 0.09030946740457149,
        "count": 365
    },
    "4-11": {
        "mde": 0.03964474011967847,
        "count": 365
    },
    "5-1": {
        "mde": 0.06471476024561795,
        "count": 365
    },
    "5-11": {
        "mde": 0.02543364814520479,
        "count": 365
    },
    "6-1": {
        "mde": 1.2697498634644988,
        "count": 365
    },
    "6-10": {
        "mde": 0.8043425424966459,
        "count": 365
    },
    "6-11": {
        "mde": 0.08848923599152654,
        "count": 365
    },
    "6-2": {
        "mde": 0.040521010750475976,
        "count": 365
    },
    "6-3": {
        "mde": 0.17203611284344872,
        "count": 365
    },
    "6-4": {
        "mde": 0.04706845093608318,
        "count": 365
    },
    "6-5": {
        "mde": 0.07970002902037363,
        "count": 365
    },
    "6-6": {
        "mde": 0.14380894266036254,
        "count": 365
    },
    "6-7": {
        "mde": 0.08360794200894234,
        "count": 365
    },
    "6-8": {
        "mde": 0.14486458179917283,
        "count": 365
    },
    "6-9": {
        "mde": 0.06590000873762682,
        "count": 365
    },
    "7-1": {
        "mde": 0.23599909259418314,
        "count": 365
    },
    "7-11": {
        "mde": 1.6737511348757672,
        "count": 365
    },
    "8-1": {
        "mde": 0.06322273798605273,
        "count": 365
    },
    "8-11": {
        "mde": 0.015570634446574652,
        "count": 365
    },
    "9-1": {
        "mde": 0.08560715709117299,
        "count": 365
    },
    "9-11": {
        "mde": 0.023280456427674047,
        "count": 365
    }
}