{
    "1-1": {
        "mde": 0.02864321608040201,
        "count": 398
    },
    "1-10": {
        "mde": 0.06079199690140813,
        "count": 398
    },
    "1-11": {
        "mde": 0.162760598109709,
        "count": 398
    },
    "1-2": {
        "mde": 0.3063860321268841,
        "count": 398
    },
    "1-3": {
        "mde": 0.08183558479516868,
        "count": 398
    },
    "1-4": {
        "mde": 0.41608040201005025,
        "count": 398
    },
    "1-5": {
        "mde": 0.0271356783919598,
        "count": 398
    },
    "1-6": {
        "mde": 0.3060301507537689,
        "count": 398
    },
    "1-7": {
        "mde": 1.4146459365624589,
        "count": 398
    },
    "1-8": {
        "mde": 0.08049628803447169,
        "count": 398
    },
    "1-9": {
        "mde": 0.6507900837937699,
        "count": 398
    },
    "10-1": {
        "mde": 0.1952913079306606,
        "count": 398
    },
    "10-11": {
        "mde": 0.05804762976343557,
        "count": 398
    },
    "11-1": {
        "mde": 0.08894472361809044,
        "count": 398
    },
    "11-10": {
        "mde": 0.02359669724999778,
        "count": 398
    },
    "11-11": {
        "mde": 0.13249925973216342,
        "count": 398
    },
    "11-2": {
        "mde": 0.8102775852187724,
        "count": 398
    },
    "11-3": {
        "mde": 0.7611555310588077,
        "count": 398
    },
    "11-4": {
        "mde": 1.2779041573639505,
        "count": 398
    },
    "11-5": {
        "mde": 0.06858780178159193,
        "count": 398
    },
    "11-6": {
        "mde": 0.22311557788944728,
        "count": 398
    },
    "11-7": {
        "mde": 0.07688442211055276,
        "count": 398
    },
    "11-8": {
        "mde": 0.4733668341708543,
        "count": 398
    },
    "11-9": {
        "mde": 0.5894472361809044,
        "count": 398
    },
    "2-1": {
        "mde": 0.10814889781313042,
        "count": 398
    },
    "2-11": {
        "mde": 0.1763837388153899,
        "count": 398
    },
    "3-1": {
        "mde": 0.7043224429335634,
        "count": 398
    },
    "3-11": {
        "mde": 0.10156790986597442,
        "count": 398
    },
    "4-1": {
        "mde": 1.1406391923230896,
        "count": 398
    },
    "4-11": {
        "mde": 0.03226468726251305,
        "count": 398
    },
    "5-1": {
        "mde": 0.5049212121802678,
        "count": 398
    },
    "5-11": {
        "mde": 0.4374218943243865,
        "count": 398
    },
    "6-1": {
        "mde": 0.1673366834170854,
        "count": 398
    },
    "6-10": {
        "mde": 0.15725132610336387,
        "count": 398
    },
    "6-11": {
        "mde": 0.10402010050251258,
        "count": 398
    },
    "6-2": {
        "mde": 0.29168635383051045,
        "count": 398
    },
    "6-3": {
        "mde": 0.009045226130653268,
        "count": 398
    },
    "6-4": {
        "mde": 0.1769794280613358,
        "count": 398
    },
    "6-5": {
        "mde": 0.31292463046096686,
        "count": 398
    },
    "6-6": {
        "mde": 0.7505909555407789,
        "count": 398
    },
    "6-7": {
        "mde": 0.7295858433309524,
        "count": 398
    },
    "6-8": {
        "mde": 1.185857554172239,
        "count": 398
    },
    "6-9": {
        "mde": 0.3508590059908679,
        "count": 398
    },
    "7-1": {
        "mde": 0.4519766798058649,
        "count": 398
    },
    "7-11": {
        "mde": 0.30253453397055063,
        "count": 398
    },
    "8-1": {
        "mde": 0.6046860942252121,
        "count": 398
    },
    "8-11": {
        "mde": 0.28446239372459525,
        "count": 398
    },
    "9-1": {
        "mde": 0.11138976455276133,
        "count": 398
    },
    "9-11": {
        "mde": 0.0,
        "count": 398
    }
}