{
    "1-1": {
        "mde": 0.050746268656716415,
        "count": 402
    },
    "1-10": {
        "mde": 0.0335732065469906,
        "count": 402
    },
    "1-11": {
        "mde": 0.11495466028090329,
        "count": 402
    },
    "1-2": {
        "mde": 0.03799379719808314,
        "count": 402
    },
    "1-3": {
        "mde": 0.04776119402985075,
        "count": 402
    },
    "1-4": {
        "mde": 0.21826344951145607,
        "count": 402
    },
    "1-5": {
        "mde": 0.34458909341867217,
        "count": 402
    },
    "1-6": {
        "mde": 0.00761047688595938,
        "count": 402
    },
    "1-7": {
        "mde": 0.024195675449146234,
        "count": 402
    },
    "1-8": {
        "mde": 0.04039142947507247,
        "count": 402
    },
    "1-9": {
        "mde": 0.02572547459328327,
        "count": 402
    },
    "10-1": {
        "mde": 0.33131338156421086,
        "count": 402
    },
    "10-11": {
        "mde": 0.201295378504829,
        "count": 402
    },
    "11-1": {
        "mde": 0.04776119402985075,
        "count": 402
    },
    "11-10": {
        "mde": 0.15607161026983404,
        "count": 402
    },
    "11-11": {
        "mde": 0.16716417910447762,
        "count": 402
    },
    "11-2": {
        "mde": 0.18925104579305893,
        "count": 402
    },
    "11-3": {
        "mde": 0.20124022670872432,
        "count": 402
    },
    "11-4": {
        "mde": 0.0960972609061709,
        "count": 402
    },
    "11-5": {
        "mde": 0.12663530475514623,
        "count": 402
    },
    "11-6": {
        "mde": 0.0731407276150019,
        "count": 402
    },
    "11-7": {
        "mde": 0.11791044776119404,
        "count": 402
    },
    "11-8": {
        "mde": 0.42238805970149257,
        "count": 402
    },
    "11-9": {
        "mde": 0.4877822070723639,
        "count": 402
    },
    "2-1": {
        "mde": 0.010553832555023096,
        "count": 402
    },
    "2-11": {
        "mde": 0.6357631873612564,
        "count": 402
    },
    "3-1": {
        "mde": 0.061008878119258536,
        "count": 402
    },
    "3-11": {
        "mde": 0.10605750059244877,
        "count": 402
    },
    "4-1": {
        "mde": 0.28170866054792104,
        "count": 402
    },
    "4-11": {
        "mde": 0.401713953916094,
        "count": 402
    },
    "5-1": {
        "mde": 0.145099662686138,
        "count": 402
    },
    "5-11": {
        "mde": 0.45167405890635925,
        "count": 402
    },
    "6-1": {
        "mde": 0.11030104393655932,
        "count": 402
    },
    "6-10": {
        "mde": 0.17481060541136964,
        "count": 402
    },
    "6-11": {
        "mde": 0.07164179104477611,
        "count": 402
    },
    "6-2": {
        "mde": 0.07760706548480971,
        "count": 402
    },
    "6-3": {
        "mde": 0.04543686373653241,
        "count": 402
    },
    "6-4": {
        "mde": 0.1801507547835358,
        "count": 402
    },
    "6-5": {
        "mde": 0.2652129720509983,
        "count": 402
    },
    "6-6": {
        "mde": 0.08656716417910448,
        "count": 402
    },
    "6-7": {
        "mde": 0.2972269806336436,
        "count": 402
    },
    "6-8": {
        "mde": 0.04242324602079037,
        "count": 402
    },
    "6-9": {
        "mde": 0.10273385937972604,
        "count": 402
    },
    "7-1": {
        "mde": 0.8703757808635874,
        "count": 402
    },
    "7-11": {
        "mde": 0.012558527705034468,
        "count": 402
    },
    "8-1": {
        "mde": 0.008955223880597014,
        "count": 402
    },
    "8-11": {
        "mde": 0.15970149253731347,
        "count": 402
    },
    "9-1": {
        "mde": 0.491410201477231,
        "count": 402
    },
    "9-11": {
        "mde": 0.3325847001881484,
        "count": 402
    }
}