{
    "1-1": {
        "mde": 0.0389423076923077,
        "count": 416
    },
    "1-10": {
        "mde": 0.10255954417869076,
        "count": 416
    },
    "1-11": {
        "mde": 0.23942307692307685,
        "count": 416
    },
    "1-2": {
        "mde": 0.21595223301855718,
        "count": 416
    },
    "1-3": {
        "mde": 0.1153846153846154,
        "count": 416
    },
    "1-4": {
        "mde": 0.13148405431755056,
        "count": 416
    },
    "1-5": {
        "mde": 0.10528846153846157,
        "count": 416
    },
    "1-6": {
        "mde": 0.13465104438408482,
        "count": 416
    },
    "1-7": {
        "mde": 0.09588294315096542,
        "count": 416
    },
    "1-8": {
        "mde": 0.05480769230769232,
        "count": 416
    },
    "1-9": {
        "mde": 0.10611224346431589,
        "count": 416
    },
    "10-1": {
        "mde": 0.11759005707289448,
        "count": 416
    },
    "10-11": {
        "mde": 0.2175113995611621,
        "count": 416
    },
    "11-1": {
        "mde": 0.18605769230769229,
        "count": 416
    },
    "11-10": {
        "mde": 0.08711101387452398,
        "count": 416
    },
    "11-11": {
        "mde": 0.07644230769230767,
        "count": 416
    },
    "11-2": {
        "mde": 0.3209766687392701,
        "count": 416
    },
    "11-3": {
        "mde": 1.1596153846153845,
        "count": 416
    },
    "11-4": {
        "mde": 0.1012954993438382,
        "count": 416
    },
    "11-5": {
        "mde": 0.3158609053557473,
        "count": 416
    },
    "11-6": {
        "mde": 0.1745192307692308,
        "count": 416
    },
    "11-7": {
        "mde": 1.0227737100369487,
        "count": 416
    },
    "11-8": {
        "mde": 0.04997244091501003,
        "count": 416
    },
    "11-9": {
        "mde": 0.11599356505075376,
        "count": 416
    },
    "2-1": {
        "mde": 0.08054252125412249,
        "count": 416
    },
    "2-11": {
        "mde": 0.7890092469662817,
        "count": 416
    },
    "3-1": {
        "mde": 0.024017994003603646,
        "count": 416
    },
    "3-11": {
        "mde": 0.40902097857501923,
        "count": 416
    },
    "4-1": {
        "mde": 0.45257208853158887,
        "count": 416
    },
    "4-11": {
        "mde": 0.1716497158020456,
        "count": 416
    },
    "5-1": {
        "mde": 0.23483438212887484,
        "count": 416
    },
    "5-11": {
        "mde": 0.3976706930859156,
        "count": 416
    },
    "6-1": {
        "mde": 1.6974859041597625,
        "count": 416
    },
    "6-10": {
        "mde": 0.10465947418072799,
        "count": 416
    },
    "6-11": {
        "mde": 0.42403846153846153,
        "count": 416
    },
    "6-2": {
        "mde": 0.1607749928868133,
        "count": 416
    },
    "6-3": {
        "mde": 0.723917363442311,
        "count": 416
    },
    "6-4": {
        "mde": 0.732257517593258,
        "count": 416
    },
    "6-5": {
        "mde": 0.2498107681829574,
        "count": 416
    },
    "6-6": {
        "mde": 0.5729745443648259,
        "count": 416
    },
    "6-7": {
        "mde": 0.4109769377881516,
        "count": 416
    },
    "6-8": {
        "mde": 0.07684087561942726,
        "count": 416
    },
    "6-9": {
        "mde": 2.355206972087065,
        "count": 416
    },
    "7-1": {
        "mde": 0.28138683362682443,
        "count": 416
    },
    "7-11": {
        "mde": 0.12348992424145236,
        "count": 416
    },
    "8-1": {
        "mde": 0.13494660404273012,
        "count": 416
    },
    "8-11": {
        "mde": 0.11013528524947637,
        "count": 416
    },
    "9-1": {
        "mde": 0.04312310638519305,
        "count": 416
    },
    "9-11": {
        "mde": 1.0303569713826048,
        "count": 416
    }
}