{
    "1-1": {
        "mde": 0.7338537214995924,
        "count": 386
    },
    "1-10": {
        "mde": 0.20990678983406305,
        "count": 386
    },
    "1-11": {
        "mde": 0.012435233160621763,
        "count": 386
    },
    "1-2": {
        "mde": 0.2704663212435233,
        "count": 386
    },
    "1-3": {
        "mde": 0.054275356282323856,
        "count": 386
    },
    "1-4": {
        "mde": 0.10438563648843498,
        "count": 386
    },
    "1-5": {
        "mde": 0.009326424870466322,
        "count": 386
    },
    "1-6": {
        "mde": 0.010880829015544045,
        "count": 386
    },
    "1-7": {
        "mde": 0.0363499971095355,
        "count": 386
    },
    "1-8": {
        "mde": 0.2455958549222798,
        "count": 386
    },
    "1-9": {
        "mde": 0.6622969231561607,
        "count": 386
    },
    "10-1": {
        "mde": 0.16875451072165998,
        "count": 386
    },
    "10-11": {
        "mde": 0.0364792793633872,
        "count": 386
    },
    "11-1": {
        "mde": 0.3468530605550222,
        "count": 386
    },
    "11-10": {
        "mde": 0.1506005432912529,
        "count": 386
    },
    "11-11": {
        "mde": 0.08082901554404145,
        "count": 386
    },
    "11-2": {
        "mde": 0.0015544041450777201,
        "count": 386
    },
    "11-3": {
        "mde": 0.10602762054548392,
        "count": 386
    },
    "11-4": {
        "mde": 0.22660859621590776,
        "count": 386
    },
    "11-5": {
        "mde": 0.03297062572683106,
        "count": 386
    },
    "11-6": {
        "mde": 0.5570753857105718,
        "count": 386
    },
    "11-7": {
        "mde": 1.1937823834196892,
        "count": 386
    },
    "11-8": {
        "mde": 0.09326424870466321,
        "count": 386
    },
    "11-9": {
        "mde": 0.2684583480816052,
        "count": 386
    },
    "2-1": {
        "mde": 0.15373790177024488,
        "count": 386
    },
    "2-11": {
        "mde": 0.20258937033254748,
        "count": 386
    },
    "3-1": {
        "mde": 0.01785276897550037,
        "count": 386
    },
    "3-11": {
        "mde": 0.40033135061671565,
        "count": 386
    },
    "4-1": {
        "mde": 0.0763896551032038,
        "count": 386
    },
    "4-11": {
        "mde": 0.4758274699224947,
        "count": 386
    },
    "5-1": {
        "mde": 0.09759673199025724,
        "count": 386
    },
    "5-11": {
        "mde": 0.1853031722206841,
        "count": 386
    },
    "6-1": {
        "mde": 1.7380447703995818,
        "count": 386
    },
    "6-10": {
        "mde": 0.5033148142331347,
        "count": 386
    },
    "6-11": {
        "mde": 0.1581922221983456,
        "count": 386
    },
    "6-2": {
        "mde": 0.04682582144688825,
        "count": 386
    },
    "6-3": {
        "mde": 0.0015544041450777204,
        "count": 386
    },
    "6-4": {
        "mde": 0.02407279737902353,
        "count": 386
    },
    "6-5": {
        "mde": 3.3360176383867346,
        "count": 386
    },
    "6-6": {
        "mde": 0.3975874241370554,
        "count": 386
    },
    "6-7": {
        "mde": 0.7430675922847091,
        "count": 386
    },
    "6-8": {
        "mde": 0.16175256911132738,
        "count": 386
    },
    "6-9": {
        "mde": 0.1854778422724373,
        "count": 386
    },
    "7-1": {
        "mde": 0.0610835106851477,
        "count": 386
    },
    "7-11": {
        "mde": 0.34767525534509164,
        "count": 386
    },
    "8-1": {
        "mde": 0.15418098943400754,
        "count": 386
    },
    "8-11": {
        "mde": 0.0467425924536769,
        "count": 386
    },
    "9-1": {
        "mde": 0.08897231957758746,
        "count": 386
    },
    "9-11": {
        "mde": 0.16719634010822734,
        "count": 386
    }
}