{
    "1-1": {
        "mde": 0.028846153846153848,
        "count": 416
    },
    "1-10": {
        "mde": 0.17819679316650155,
        "count": 416
    },
    "1-11": {
        "mde": 1.2301799163483345,
        "count": 416
    },
    "1-2": {
        "mde": 0.5874176884843826,
        "count": 416
    },
    "1-3": {
        "mde": 0.0389423076923077,
        "count": 416
    },
    "1-4": {
        "mde": 0.18955330880796087,
        "count": 416
    },
    "1-5": {
        "mde": 0.17292322390368275,
        "count": 416
    },
    "1-6": {
        "mde": 0.6646209296067447,
        "count": 416
    },
    "1-7": {
        "mde": 0.559820327717554,
        "count": 416
    },
    "1-8": {
        "mde": 0.5201456356885336,
        "count": 416
    },
    "1-9": {
        "mde": 0.08015070500277742,
        "count": 416
    },
    "10-1": {
        "mde": 0.8648446072546014,
        "count": 416
    },
    "10-11": {
        "mde": 0.14514437412512157,
        "count": 416
    },
    "11-1": {
        "mde": 0.4197115384615385,
        "count": 416
    },
    "11-10": {
        "mde": 0.07979697376125648,
        "count": 416
    },
    "11-11": {
        "mde": 0.10096153846153846,
        "count": 416
    },
    "11-2": {
        "mde": 0.7172493486414134,
        "count": 416
    },
    "11-3": {
        "mde": 1.5389518881974524,
        "count": 416
    },
    "11-4": {
        "mde": 0.06778846153846153,
        "count": 416
    },
    "11-5": {
        "mde": 0.06634615384615383,
        "count": 416
    },
    "11-6": {
        "mde": 0.12980769230769232,
        "count": 416
    },
    "11-7": {
        "mde": 0.3116356406763703,
        "count": 416
    },
    "11-8": {
        "mde": 0.04822945516526795,
        "count": 416
    },
    "11-9": {
        "mde": 0.04133200132138323,
        "count": 416
    },
    "2-1": {
        "mde": 0.3609196010383211,
        "count": 416
    },
    "2-11": {
        "mde": 0.22014838644950044,
        "count": 416
    },
    "3-1": {
        "mde": 0.016205867275240086,
        "count": 416
    },
    "3-11": {
        "mde": 0.345299858747239,
        "count": 416
    },
    "4-1": {
        "mde": 0.4127753493158797,
        "count": 416
    },
    "4-11": {
        "mde": 0.23989661460153705,
        "count": 416
    },
    "5-1": {
        "mde": 0.12006964556379034,
        "count": 416
    },
    "5-11": {
        "mde": 0.19370689256699508,
        "count": 416
    },
    "6-1": {
        "mde": 0.09663461538461537,
        "count": 416
    },
    "6-10": {
        "mde": 0.2549865076882529,
        "count": 416
    },
    "6-11": {
        "mde": 0.4173824492410594,
        "count": 416
    },
    "6-2": {
        "mde": 0.4127993257323577,
        "count": 416
    },
    "6-3": {
        "mde": 0.9602202561657927,
        "count": 416
    },
    "6-4": {
        "mde": 0.8816258510305338,
        "count": 416
    },
    "6-5": {
        "mde": 0.5794774363694594,
        "count": 416
    },
    "6-6": {
        "mde": 0.60625061469721,
        "count": 416
    },
    "6-7": {
        "mde": 0.354056766191372,
        "count": 416
    },
    "6-8": {
        "mde": 0.04860603285318924,
        "count": 416
    },
    "6-9": {
        "mde": 0.1488623354282795,
        "count": 416
    },
    "7-1": {
        "mde": 0.24914656063306143,
        "count": 416
    },
    "7-11": {
        "mde": 0.8439887380681678,
        "count": 416
    },
    "8-1": {
        "mde": 0.2734041631421553,
        "count": 416
    },
    "8-11": {
        "mde": 0.08515949752056555,
        "count": 416
    },
    "9-1": {
        "mde": 0.26860971342908646,
        "count": 416
    },
    "9-11": {
        "mde": 1.3342537241272927,
        "count": 416
    }
}