{
    "1-1": {
        "mde": 0.029589041095890414,
        "count": 365
    },
    "1-10": {
        "mde": 0.640479970619288,
        "count": 365
    },
    "1-11": {
        "mde": 0.5356862186974307,
        "count": 365
    },
    "1-2": {
        "mde": 0.1292726648273071,
        "count": 365
    },
    "1-3": {
        "mde": 0.062465753424657544,
        "count": 365
    },
    "1-4": {
        "mde": 0.31529301185250314,
        "count": 365
    },
    "1-5": {
        "mde": 0.08649127911466571,
        "count": 365
    },
    "1-6": {
        "mde": 1.6560383989192895,
        "count": 365
    },
    "1-7": {
        "mde": 0.39855266798321853,
        "count": 365
    },
    "1-8": {
        "mde": 0.06234224224936791,
        "count": 365
    },
    "1-9": {
        "mde": 0.07515839926026704,
        "count": 365
    },
    "10-1": {
        "mde": 0.043654272634691564,
        "count": 365
    },
    "10-11": {
        "mde": 0.2781812849600264,
        "count": 365
    },
    "11-1": {
        "mde": 0.08876712328767122,
        "count": 365
    },
    "11-10": {
        "mde": 0.019726027397260273,
        "count": 365
    },
    "11-11": {
        "mde": 0.2465753424657534,
        "count": 365
    },
    "11-2": {
        "mde": 0.22335128632344958,
        "count": 365
    },
    "11-3": {
        "mde": 0.1513821906570453,
        "count": 365
    },
    "11-4": {
        "mde": 0.2903272982562146,
        "count": 365
    },
    "11-5": {
        "mde": 0.12,
        "count": 365
    },
    "11-6": {
        "mde": 0.04602739726027399,
        "count": 365
    },
    "11-7": {
        "mde": 0.2304107689091481,
        "count": 365
    },
    "11-8": {
        "mde": 0.0,
        "count": 365
    },
    "11-9": {
        "mde": 0.36149436169257165,
        "count": 365
    },
    "2-1": {
        "mde": 0.18874067317611146,
        "count": 365
    },
    "2-11": {
        "mde": 0.017238629556994744,
        "count": 365
    },
    "3-1": {
        "mde": 0.044630346021721334,
        "count": 365
    },
    "3-11": {
        "mde": 0.22225387410576675,
        "count": 365
    },
    "4-1": {
        "mde": 0.06484925174659052,
        "count": 365
    },
    "4-11": {
        "mde": 0.0190776185350093,
        "count": 365
    },
    "5-1": {
        "mde": 0.03568471879314964,
        "count": 365
    },
    "5-11": {
        "mde": 0.09690874555954032,
        "count": 365
    },
    "6-1": {
        "mde": 0.5655614393771851,
        "count": 365
    },
    "6-10": {
        "mde": 0.3875041627148054,
        "count": 365
    },
    "6-11": {
        "mde": 0.18345416138484538,
        "count": 365
    },
    "6-2": {
        "mde": 0.11962635457766357,
        "count": 365
    },
    "6-3": {
        "mde": 0.03919170288158429,
        "count": 365
    },
    "6-4": {
        "mde": 0.023013698630136987,
        "count": 365
    },
    "6-5": {
        "mde": 0.050958904109589045,
        "count": 365
    },
    "6-6": {
        "mde": 0.2720287961436613,
        "count": 365
    },
    "6-7": {
        "mde": 0.5481947965748222,
        "count": 365
    },
    "6-8": {
        "mde": 0.12639622091913558,
        "count": 365
    },
    "6-9": {
        "mde": 0.44794750253332677,
        "count": 365
    },
    "7-1": {
        "mde": 0.19396529536482174,
        "count": 365
    },
    "7-11": {
        "mde": 0.10959539960868646,
        "count": 365
    },
    "8-1": {
        "mde": 0.09560922355096167,
        "count": 365
    },
    "8-11": {
        "mde": 0.020241789382953464,
        "count": 365
    },
    "9-1": {
        "mde": 0.030931485742014198,
        "count": 365
    },
    "9-11": {
        "mde": 0.029987902499374164,
        "count": 365
    }
}