{
    "1-1": {
        "mde": 0.04477611940298507,
        "count": 402
    },
    "1-10": {
        "mde": 0.03306864715098711,
        "count": 402
    },
    "1-11": {
        "mde": 0.08747469758744086,
        "count": 402
    },
    "1-2": {
        "mde": 0.05724677471541399,
        "count": 402
    },
    "1-3": {
        "mde": 0.04662099698134296,
        "count": 402
    },
    "1-4": {
        "mde": 0.231727419274063,
        "count": 402
    },
    "1-5": {
        "mde": 0.4623425069160685,
        "count": 402
    },
    "1-6": {
        "mde": 0.022831430657878137,
        "count": 402
    },
    "1-7": {
        "mde": 0.7755721009743043,
        "count": 402
    },
    "1-8": {
        "mde": 0.09477891975554259,
        "count": 402
    },
    "1-9": {
        "mde": 0.022657223712685005,
        "count": 402
    },
    "10-1": {
        "mde": 0.11878416747635982,
        "count": 402
    },
    "10-11": {
        "mde": 0.5500179416704425,
        "count": 402
    },
    "11-1": {
        "mde": 2.7343283582089555,
        "count": 402
    },
    "11-10": {
        "mde": 0.9186555187720029,
        "count": 402
    },
    "11-11": {
        "mde": 0.2462686567164179,
        "count": 402
    },
    "11-2": {
        "mde": 0.0628174932587979,
        "count": 402
    },
    "11-3": {
        "mde": 0.017658137156485523,
        "count": 402
    },
    "11-4": {
        "mde": 0.052963106528714284,
        "count": 402
    },
    "11-5": {
        "mde": 0.06659776022658702,
        "count": 402
    },
    "11-6": {
        "mde": 0.32535805780930344,
        "count": 402
    },
    "11-7": {
        "mde": 0.05671641791044777,
        "count": 402
    },
    "11-8": {
        "mde": 0.15049395805200794,
        "count": 402
    },
    "11-9": {
        "mde": 0.2373861465943152,
        "count": 402
    },
    "2-1": {
        "mde": 1.4679970306782124,
        "count": 402
    },
    "2-11": {
        "mde": 0.15253161941523435,
        "count": 402
    },
    "3-1": {
        "mde": 0.11560260184783173,
        "count": 402
    },
    "3-11": {
        "mde": 0.1841334381891512,
        "count": 402
    },
    "4-1": {
        "mde": 0.11862463739445837,
        "count": 402
    },
    "4-11": {
        "mde": 0.32273008375717094,
        "count": 402
    },
    "5-1": {
        "mde": 0.001492537313432836,
        "count": 402
    },
    "5-11": {
        "mde": 0.3157314897714178,
        "count": 402
    },
    "6-1": {
        "mde": 0.7233601954603494,
        "count": 402
    },
    "6-10": {
        "mde": 0.08074319774004073,
        "count": 402
    },
    "6-11": {
        "mde": 0.08656716417910447,
        "count": 402
    },
    "6-2": {
        "mde": 0.15957153796662363,
        "count": 402
    },
    "6-3": {
        "mde": 0.023893682107828565,
        "count": 402
    },
    "6-4": {
        "mde": 0.20185121801069958,
        "count": 402
    },
    "6-5": {
        "mde": 0.9022925518972676,
        "count": 402
    },
    "6-6": {
        "mde": 0.5210397988611501,
        "count": 402
    },
    "6-7": {
        "mde": 0.5422710874424033,
        "count": 402
    },
    "6-8": {
        "mde": 0.32692132836612303,
        "count": 402
    },
    "6-9": {
        "mde": 0.07430443170873442,
        "count": 402
    },
    "7-1": {
        "mde": 0.218034718090575,
        "count": 402
    },
    "7-11": {
        "mde": 0.018272598040476543,
        "count": 402
    },
    "8-1": {
        "mde": 0.07851574817233428,
        "count": 402
    },
    "8-11": {
        "mde": 0.02733396299696024,
        "count": 402
    },
    "9-1": {
        "mde": 0.06427536582424775,
        "count": 402
    },
    "9-11": {
        "mde": 0.2211377278509975,
        "count": 402
    }
}