{
    "1-1": {
        "mde": 0.035820895522388055,
        "count": 402
    },
    "1-10": {
        "mde": 0.007815026832089235,
        "count": 402
    },
    "1-11": {
        "mde": 0.00298507462686567,
        "count": 402
    },
    "1-2": {
        "mde": 0.040360642627377034,
        "count": 402
    },
    "1-3": {
        "mde": 0.008955223880597014,
        "count": 402
    },
    "1-4": {
        "mde": 0.07855717560117005,
        "count": 402
    },
    "1-5": {
        "mde": 0.04820456498623635,
        "count": 402
    },
    "1-6": {
        "mde": 0.020895522388059702,
        "count": 402
    },
    "1-7": {
        "mde": 0.024195675449146237,
        "count": 402
    },
    "1-8": {
        "mde": 0.03864208913660632,
        "count": 402
    },
    "1-9": {
        "mde": 0.02300956397761006,
        "count": 402
    },
    "10-1": {
        "mde": 0.10502902505558662,
        "count": 402
    },
    "10-11": {
        "mde": 0.11110505177420663,
        "count": 402
    },
    "11-1": {
        "mde": 0.03283582089552238,
        "count": 402
    },
    "11-10": {
        "mde": 0.13770902734207374,
        "count": 402
    },
    "11-11": {
        "mde": 0.05686420822924296,
        "count": 402
    },
    "11-2": {
        "mde": 0.10392296566532923,
        "count": 402
    },
    "11-3": {
        "mde": 0.04697333724626803,
        "count": 402
    },
    "11-4": {
        "mde": 0.05857110550316312,
        "count": 402
    },
    "11-5": {
        "mde": 0.012063824672086894,
        "count": 402
    },
    "11-6": {
        "mde": 0.11178427331997959,
        "count": 402
    },
    "11-7": {
        "mde": 0.07164179104477614,
        "count": 402
    },
    "11-8": {
        "mde": 0.049253731343283584,
        "count": 402
    },
    "11-9": {
        "mde": 0.21383103601523534,
        "count": 402
    },
    "2-1": {
        "mde": 0.064593818605593,
        "count": 402
    },
    "2-11": {
        "mde": 0.12017731154228496,
        "count": 402
    },
    "3-1": {
        "mde": 0.10506696826119634,
        "count": 402
    },
    "3-11": {
        "mde": 0.08218118716146225,
        "count": 402
    },
    "4-1": {
        "mde": 0.11348571876505945,
        "count": 402
    },
    "4-11": {
        "mde": 0.07138413540159044,
        "count": 402
    },
    "5-1": {
        "mde": 0.023880597014925373,
        "count": 402
    },
    "5-11": {
        "mde": 0.17345912304083966,
        "count": 402
    },
    "6-1": {
        "mde": 0.07461282024388897,
        "count": 402
    },
    "6-10": {
        "mde": 0.07919899134783073,
        "count": 402
    },
    "6-11": {
        "mde": 0.06268656716417907,
        "count": 402
    },
    "6-2": {
        "mde": 0.029310841521375405,
        "count": 402
    },
    "6-3": {
        "mde": 0.07366526500837559,
        "count": 402
    },
    "6-4": {
        "mde": 0.08647929178649894,
        "count": 402
    },
    "6-5": {
        "mde": 0.056211796701030735,
        "count": 402
    },
    "6-6": {
        "mde": 0.05950649123561463,
        "count": 402
    },
    "6-7": {
        "mde": 0.16186175055717306,
        "count": 402
    },
    "6-8": {
        "mde": 0.3861141401695565,
        "count": 402
    },
    "6-9": {
        "mde": 0.06987142991082784,
        "count": 402
    },
    "7-1": {
        "mde": 0.2702835493997704,
        "count": 402
    },
    "7-11": {
        "mde": 0.021875901864913998,
        "count": 402
    },
    "8-1": {
        "mde": 0.046945885429921286,
        "count": 402
    },
    "8-11": {
        "mde": 0.029125657314586353,
        "count": 402
    },
    "9-1": {
        "mde": 0.0400424285443973,
        "count": 402
    },
    "9-11": {
        "mde": 0.1452443410432608,
        "count": 402
    }
}