{
    "1-1": {
        "mde": 0.004931506849315068,
        "count": 365
    },
    "1-10": {
        "mde": 0.09455381084334301,
        "count": 365
    },
    "1-11": {
        "mde": 0.08119040377986134,
        "count": 365
    },
    "1-2": {
        "mde": 0.0640663002098799,
        "count": 365
    },
    "1-3": {
        "mde": 0.04410152404067867,
        "count": 365
    },
    "1-4": {
        "mde": 0.08131703893435714,
        "count": 365
    },
    "1-5": {
        "mde": 0.014794520547945207,
        "count": 365
    },
    "1-6": {
        "mde": 0.0711882462977214,
        "count": 365
    },
    "1-7": {
        "mde": 0.04980338390264936,
        "count": 365
    },
    "1-8": {
        "mde": 0.04426185384418097,
        "count": 365
    },
    "1-9": {
        "mde": 0.03459171192919224,
        "count": 365
    },
    "10-1": {
        "mde": 0.028592595653173836,
        "count": 365
    },
    "10-11": {
        "mde": 0.08875184348205135,
        "count": 365
    },
    "11-1": {
        "mde": 0.0410958904109589,
        "count": 365
    },
    "11-10": {
        "mde": 0.006293304862596474,
        "count": 365
    },
    "11-11": {
        "mde": 0.03780821917808219,
        "count": 365
    },
    "11-2": {
        "mde": 0.029247809036061095,
        "count": 365
    },
    "11-3": {
        "mde": 0.0764141611631319,
        "count": 365
    },
    "11-4": {
        "mde": 0.09534246575342464,
        "count": 365
    },
    "11-5": {
        "mde": 0.009863013698630137,
        "count": 365
    },
    "11-6": {
        "mde": 0.027945205479452062,
        "count": 365
    },
    "11-7": {
        "mde": 0.018615707375896042,
        "count": 365
    },
    "11-8": {
        "mde": 0.004931506849315068,
        "count": 365
    },
    "11-9": {
        "mde": 0.02136986301369863,
        "count": 365
    },
    "2-1": {
        "mde": 0.025798785360345244,
        "count": 365
    },
    "2-11": {
        "mde": 0.02261510012183937,
        "count": 365
    },
    "3-1": {
        "mde": 0.01778080081050734,
        "count": 365
    },
    "3-11": {
        "mde": 0.05453255079380525,
        "count": 365
    },
    "4-1": {
        "mde": 0.030283076879763216,
        "count": 365
    },
    "4-11": {
        "mde": 0.015225872095818691,
        "count": 365
    },
    "5-1": {
        "mde": 0.0176241359206658,
        "count": 365
    },
    "5-11": {
        "mde": 0.04489238678254122,
        "count": 365
    },
    "6-1": {
        "mde": 0.04282171334978777,
        "count": 365
    },
    "6-10": {
        "mde": 0.01886911013362039,
        "count": 365
    },
    "6-11": {
        "mde": 0.09241005485256955,
        "count": 365
    },
    "6-2": {
        "mde": 0.005319563798629791,
        "count": 365
    },
    "6-3": {
        "mde": 0.050452458246929587,
        "count": 365
    },
    "6-4": {
        "mde": 0.03449002547703615,
        "count": 365
    },
    "6-5": {
        "mde": 0.011506849315068492,
        "count": 365
    },
    "6-6": {
        "mde": 0.04081800311481419,
        "count": 365
    },
    "6-7": {
        "mde": 0.2362975410164197,
        "count": 365
    },
    "6-8": {
        "mde": 0.08510224533713491,
        "count": 365
    },
    "6-9": {
        "mde": 0.051407484567767586,
        "count": 365
    },
    "7-1": {
        "mde": 0.06644642307513773,
        "count": 365
    },
    "7-11": {
        "mde": 0.09157959966589668,
        "count": 365
    },
    "8-1": {
        "mde": 0.031232876712328755,
        "count": 365
    },
    "8-11": {
        "mde": 0.019726027397260273,
        "count": 365
    },
    "9-1": {
        "mde": 0.03265965501438963,
        "count": 365
    },
    "9-11": {
        "mde": 0.02072145415144765,
        "count": 365
    }
}