{
    "1-1": {
        "mde": 0.007462686567164179,
        "count": 402
    },
    "1-10": {
        "mde": 0.01791044776119403,
        "count": 402
    },
    "1-11": {
        "mde": 0.007462686567164175,
        "count": 402
    },
    "1-2": {
        "mde": 0.045460065113526904,
        "count": 402
    },
    "1-3": {
        "mde": 0.002985074626865672,
        "count": 402
    },
    "1-4": {
        "mde": 0.03970977802308058,
        "count": 402
    },
    "1-5": {
        "mde": 0.03197039427820301,
        "count": 402
    },
    "1-6": {
        "mde": 0.009103014199392216,
        "count": 402
    },
    "1-7": {
        "mde": 0.010762839628250713,
        "count": 402
    },
    "1-8": {
        "mde": 0.052050217983791704,
        "count": 402
    },
    "1-9": {
        "mde": 0.05006122337686097,
        "count": 402
    },
    "10-1": {
        "mde": 0.09618048369325011,
        "count": 402
    },
    "10-11": {
        "mde": 0.023542368903717224,
        "count": 402
    },
    "11-1": {
        "mde": 0.019402985074626865,
        "count": 402
    },
    "11-10": {
        "mde": 0.03937045313616527,
        "count": 402
    },
    "11-11": {
        "mde": 0.029850746268656712,
        "count": 402
    },
    "11-2": {
        "mde": 0.03366850864532927,
        "count": 402
    },
    "11-3": {
        "mde": 0.05478836407835727,
        "count": 402
    },
    "11-4": {
        "mde": 0.03606310098532594,
        "count": 402
    },
    "11-5": {
        "mde": 0.0691411273437862,
        "count": 402
    },
    "11-6": {
        "mde": 0.07999761878150445,
        "count": 402
    },
    "11-7": {
        "mde": 0.016417910447761194,
        "count": 402
    },
    "11-8": {
        "mde": 0.026865671641791048,
        "count": 402
    },
    "11-9": {
        "mde": 0.06628851964318278,
        "count": 402
    },
    "2-1": {
        "mde": 0.01702226618998159,
        "count": 402
    },
    "2-11": {
        "mde": 0.03053980573241012,
        "count": 402
    },
    "3-1": {
        "mde": 0.04880057302263664,
        "count": 402
    },
    "3-11": {
        "mde": 0.005970149253731344,
        "count": 402
    },
    "4-1": {
        "mde": 0.11047379492053289,
        "count": 402
    },
    "4-11": {
        "mde": 0.05710389486512083,
        "count": 402
    },
    "5-1": {
        "mde": 0.001492537313432836,
        "count": 402
    },
    "5-11": {
        "mde": 0.04962243177965757,
        "count": 402
    },
    "6-1": {
        "mde": 0.04150783533717411,
        "count": 402
    },
    "6-10": {
        "mde": 0.09743984351498633,
        "count": 402
    },
    "6-11": {
        "mde": 0.026865671641791034,
        "count": 402
    },
    "6-2": {
        "mde": 0.02063944346977043,
        "count": 402
    },
    "6-3": {
        "mde": 0.002985074626865672,
        "count": 402
    },
    "6-4": {
        "mde": 0.0331979711748049,
        "count": 402
    },
    "6-5": {
        "mde": 0.01044776119402985,
        "count": 402
    },
    "6-6": {
        "mde": 0.04477611940298507,
        "count": 402
    },
    "6-7": {
        "mde": 0.07371468000970843,
        "count": 402
    },
    "6-8": {
        "mde": 0.04111305151388358,
        "count": 402
    },
    "6-9": {
        "mde": 0.05924348745544702,
        "count": 402
    },
    "7-1": {
        "mde": 0.07387608372040494,
        "count": 402
    },
    "7-11": {
        "mde": 0.020021214272198648,
        "count": 402
    },
    "8-1": {
        "mde": 0.0208955223880597,
        "count": 402
    },
    "8-11": {
        "mde": 0.011940298507462688,
        "count": 402
    },
    "9-1": {
        "mde": 0.014925373134328356,
        "count": 402
    },
    "9-11": {
        "mde": 0.16268656716417912,
        "count": 402
    }
}