{
    "1-1": {
        "mde": 0.012060301507537688,
        "count": 398
    },
    "1-10": {
        "mde": 0.015431258257537373,
        "count": 398
    },
    "1-11": {
        "mde": 0.05199927992643603,
        "count": 398
    },
    "1-2": {
        "mde": 0.005771498178009331,
        "count": 398
    },
    "1-3": {
        "mde": 0.0824320015773831,
        "count": 398
    },
    "1-4": {
        "mde": 0.055778894472361805,
        "count": 398
    },
    "1-5": {
        "mde": 0.027135678391959798,
        "count": 398
    },
    "1-6": {
        "mde": 0.021105527638190957,
        "count": 398
    },
    "1-7": {
        "mde": 0.06068413116270941,
        "count": 398
    },
    "1-8": {
        "mde": 0.11576196208211406,
        "count": 398
    },
    "1-9": {
        "mde": 0.027583505337856817,
        "count": 398
    },
    "10-1": {
        "mde": 0.0516981127467902,
        "count": 398
    },
    "10-11": {
        "mde": 0.0271356783919598,
        "count": 398
    },
    "11-1": {
        "mde": 0.0557788944723618,
        "count": 398
    },
    "11-10": {
        "mde": 0.011264526565326,
        "count": 398
    },
    "11-11": {
        "mde": 0.006030150753768843,
        "count": 398
    },
    "11-2": {
        "mde": 0.10536591631903318,
        "count": 398
    },
    "11-3": {
        "mde": 0.04790234744448914,
        "count": 398
    },
    "11-4": {
        "mde": 0.03698733548966836,
        "count": 398
    },
    "11-5": {
        "mde": 0.012209577156170028,
        "count": 398
    },
    "11-6": {
        "mde": 0.028388369690721556,
        "count": 398
    },
    "11-7": {
        "mde": 0.006030150753768843,
        "count": 398
    },
    "11-8": {
        "mde": 0.01055276381909548,
        "count": 398
    },
    "11-9": {
        "mde": 0.006030150753768845,
        "count": 398
    },
    "2-1": {
        "mde": 0.006030150753768845,
        "count": 398
    },
    "2-11": {
        "mde": 0.10525805836660297,
        "count": 398
    },
    "3-1": {
        "mde": 0.007903478422792891,
        "count": 398
    },
    "3-11": {
        "mde": 0.022931310378283387,
        "count": 398
    },
    "4-1": {
        "mde": 0.010918553799677315,
        "count": 398
    },
    "4-11": {
        "mde": 0.022796576596348185,
        "count": 398
    },
    "5-1": {
        "mde": 0.19819919993216017,
        "count": 398
    },
    "5-11": {
        "mde": 0.01984262963844479,
        "count": 398
    },
    "6-1": {
        "mde": 0.0,
        "count": 398
    },
    "6-10": {
        "mde": 0.007279035866451545,
        "count": 398
    },
    "6-11": {
        "mde": 0.015075376884422113,
        "count": 398
    },
    "6-2": {
        "mde": 0.009914308375690666,
        "count": 398
    },
    "6-3": {
        "mde": 0.004522613065326634,
        "count": 398
    },
    "6-4": {
        "mde": 0.056818512784191304,
        "count": 398
    },
    "6-5": {
        "mde": 0.019597989949748745,
        "count": 398
    },
    "6-6": {
        "mde": 0.007537688442211055,
        "count": 398
    },
    "6-7": {
        "mde": 0.06368104602635613,
        "count": 398
    },
    "6-8": {
        "mde": 0.13463621744336485,
        "count": 398
    },
    "6-9": {
        "mde": 0.030267870196678745,
        "count": 398
    },
    "7-1": {
        "mde": 0.007537688442211057,
        "count": 398
    },
    "7-11": {
        "mde": 0.025842415513162232,
        "count": 398
    },
    "8-1": {
        "mde": 0.03481030047693853,
        "count": 398
    },
    "8-11": {
        "mde": 0.0,
        "count": 398
    },
    "9-1": {
        "mde": 0.13301164259725115,
        "count": 398
    },
    "9-11": {
        "mde": 0.003370956749999683,
        "count": 398
    }
}