{
    "1-1": {
        "mde": 0.1226072273887013,
        "count": 386
    },
    "1-10": {
        "mde": 0.010337225191512254,
        "count": 386
    },
    "1-11": {
        "mde": 0.018652849740932644,
        "count": 386
    },
    "1-2": {
        "mde": 0.027716505536028963,
        "count": 386
    },
    "1-3": {
        "mde": 0.062063388557003586,
        "count": 386
    },
    "1-4": {
        "mde": 0.030038168891715167,
        "count": 386
    },
    "1-5": {
        "mde": 0.023316062176165803,
        "count": 386
    },
    "1-6": {
        "mde": 0.007772020725388602,
        "count": 386
    },
    "1-7": {
        "mde": 0.03279640338900433,
        "count": 386
    },
    "1-8": {
        "mde": 0.01865284974093264,
        "count": 386
    },
    "1-9": {
        "mde": 0.06790140700403247,
        "count": 386
    },
    "10-1": {
        "mde": 0.011133074083163285,
        "count": 386
    },
    "10-11": {
        "mde": 0.0031088082901554385,
        "count": 386
    },
    "11-1": {
        "mde": 0.062286633904454096,
        "count": 386
    },
    "11-10": {
        "mde": 0.027068725744621394,
        "count": 386
    },
    "11-11": {
        "mde": 0.02176165803108808,
        "count": 386
    },
    "11-2": {
        "mde": 0.0031088082901554403,
        "count": 386
    },
    "11-3": {
        "mde": 0.02860589259704588,
        "count": 386
    },
    "11-4": {
        "mde": 0.016173448208219168,
        "count": 386
    },
    "11-5": {
        "mde": 0.020207253886010364,
        "count": 386
    },
    "11-6": {
        "mde": 0.013989637305699482,
        "count": 386
    },
    "11-7": {
        "mde": 0.015544041450777207,
        "count": 386
    },
    "11-8": {
        "mde": 0.012435233160621761,
        "count": 386
    },
    "11-9": {
        "mde": 0.037547400655031364,
        "count": 386
    },
    "2-1": {
        "mde": 0.053457893355246186,
        "count": 386
    },
    "2-11": {
        "mde": 0.027158760551812815,
        "count": 386
    },
    "3-1": {
        "mde": 0.015010654273822352,
        "count": 386
    },
    "3-11": {
        "mde": 0.010880829015544045,
        "count": 386
    },
    "4-1": {
        "mde": 0.0071588879929492056,
        "count": 386
    },
    "4-11": {
        "mde": 0.08489878010493465,
        "count": 386
    },
    "5-1": {
        "mde": 0.03359417500967667,
        "count": 386
    },
    "5-11": {
        "mde": 0.04467166147571481,
        "count": 386
    },
    "6-1": {
        "mde": 0.1008310294260827,
        "count": 386
    },
    "6-10": {
        "mde": 0.02497519824189142,
        "count": 386
    },
    "6-11": {
        "mde": 0.032642487046632127,
        "count": 386
    },
    "6-2": {
        "mde": 0.04573520296572783,
        "count": 386
    },
    "6-3": {
        "mde": 0.0015544041450777204,
        "count": 386
    },
    "6-4": {
        "mde": 0.006217616580310881,
        "count": 386
    },
    "6-5": {
        "mde": 0.10796746637058179,
        "count": 386
    },
    "6-6": {
        "mde": 0.09927878102776445,
        "count": 386
    },
    "6-7": {
        "mde": 0.026316017733323448,
        "count": 386
    },
    "6-8": {
        "mde": 0.08133543386187668,
        "count": 386
    },
    "6-9": {
        "mde": 0.042961066965838395,
        "count": 386
    },
    "7-1": {
        "mde": 0.017098445595854925,
        "count": 386
    },
    "7-11": {
        "mde": 0.05897757129836025,
        "count": 386
    },
    "8-1": {
        "mde": 0.12127571342530304,
        "count": 386
    },
    "8-11": {
        "mde": 0.03419689119170985,
        "count": 386
    },
    "9-1": {
        "mde": 0.051846841054833295,
        "count": 386
    },
    "9-11": {
        "mde": 0.04828330219942779,
        "count": 386
    }
}