{
    "1-1": {
        "mde": 0.011506849315068493,
        "count": 365
    },
    "1-10": {
        "mde": 0.09604499043266222,
        "count": 365
    },
    "1-11": {
        "mde": 0.12235191620995062,
        "count": 365
    },
    "1-2": {
        "mde": 0.016251533453215356,
        "count": 365
    },
    "1-3": {
        "mde": 0.05360169677114143,
        "count": 365
    },
    "1-4": {
        "mde": 0.07820986130993046,
        "count": 365
    },
    "1-5": {
        "mde": 0.014794520547945207,
        "count": 365
    },
    "1-6": {
        "mde": 0.0700769657862728,
        "count": 365
    },
    "1-7": {
        "mde": 0.054734890751964416,
        "count": 365
    },
    "1-8": {
        "mde": 0.03963795101669977,
        "count": 365
    },
    "1-9": {
        "mde": 0.00821917808219178,
        "count": 365
    },
    "10-1": {
        "mde": 0.048966411860191364,
        "count": 365
    },
    "10-11": {
        "mde": 0.014512482944788256,
        "count": 365
    },
    "11-1": {
        "mde": 0.03123287671232876,
        "count": 365
    },
    "11-10": {
        "mde": 0.009298938492316236,
        "count": 365
    },
    "11-11": {
        "mde": 0.03616438356164384,
        "count": 365
    },
    "11-2": {
        "mde": 0.02611792703288452,
        "count": 365
    },
    "11-3": {
        "mde": 0.10163992092303338,
        "count": 365
    },
    "11-4": {
        "mde": 0.01251907907813245,
        "count": 365
    },
    "11-5": {
        "mde": 0.0016438356164383565,
        "count": 365
    },
    "11-6": {
        "mde": 0.019726027397260273,
        "count": 365
    },
    "11-7": {
        "mde": 0.10671944857484522,
        "count": 365
    },
    "11-8": {
        "mde": 0.0032876712328767104,
        "count": 365
    },
    "11-9": {
        "mde": 0.05618686008903937,
        "count": 365
    },
    "2-1": {
        "mde": 0.01635868397320085,
        "count": 365
    },
    "2-11": {
        "mde": 0.013150684931506848,
        "count": 365
    },
    "3-1": {
        "mde": 0.0,
        "count": 365
    },
    "3-11": {
        "mde": 0.04707667484104129,
        "count": 365
    },
    "4-1": {
        "mde": 0.08827036069319984,
        "count": 365
    },
    "4-11": {
        "mde": 0.012220238466098925,
        "count": 365
    },
    "5-1": {
        "mde": 0.02837041403791088,
        "count": 365
    },
    "5-11": {
        "mde": 0.054993523433275834,
        "count": 365
    },
    "6-1": {
        "mde": 0.019726027397260273,
        "count": 365
    },
    "6-10": {
        "mde": 0.027290653627786408,
        "count": 365
    },
    "6-11": {
        "mde": 0.08027005790933475,
        "count": 365
    },
    "6-2": {
        "mde": 0.006575342465753424,
        "count": 365
    },
    "6-3": {
        "mde": 0.021801214561572115,
        "count": 365
    },
    "6-4": {
        "mde": 0.020992322653592892,
        "count": 365
    },
    "6-5": {
        "mde": 0.04669006723961564,
        "count": 365
    },
    "6-6": {
        "mde": 0.04309498635941886,
        "count": 365
    },
    "6-7": {
        "mde": 0.016574404159394335,
        "count": 365
    },
    "6-8": {
        "mde": 0.06298691035790939,
        "count": 365
    },
    "6-9": {
        "mde": 0.14150581728957515,
        "count": 365
    },
    "7-1": {
        "mde": 0.06493389355530058,
        "count": 365
    },
    "7-11": {
        "mde": 0.031141268893149304,
        "count": 365
    },
    "8-1": {
        "mde": 0.045717350631520916,
        "count": 365
    },
    "8-11": {
        "mde": 0.013150684931506847,
        "count": 365
    },
    "9-1": {
        "mde": 0.05707852303824942,
        "count": 365
    },
    "9-11": {
        "mde": 0.026700231266497454,
        "count": 365
    }
}