{
    "1-1": {
        "mde": 0.01507537688442211,
        "count": 398
    },
    "1-10": {
        "mde": 0.0600893696712501,
        "count": 398
    },
    "1-11": {
        "mde": 0.06798111134721138,
        "count": 398
    },
    "1-2": {
        "mde": 0.005771498178009331,
        "count": 398
    },
    "1-3": {
        "mde": 0.08172844739034638,
        "count": 398
    },
    "1-4": {
        "mde": 0.09045226130653267,
        "count": 398
    },
    "1-5": {
        "mde": 0.01959798994974874,
        "count": 398
    },
    "1-6": {
        "mde": 0.04673366834170855,
        "count": 398
    },
    "1-7": {
        "mde": 0.04978093300527834,
        "count": 398
    },
    "1-8": {
        "mde": 0.17303700162004867,
        "count": 398
    },
    "1-9": {
        "mde": 0.023623379370128365,
        "count": 398
    },
    "10-1": {
        "mde": 0.07309572811131428,
        "count": 398
    },
    "10-11": {
        "mde": 0.03015075376884422,
        "count": 398
    },
    "11-1": {
        "mde": 0.09798994974874371,
        "count": 398
    },
    "11-10": {
        "mde": 0.015075376884422115,
        "count": 398
    },
    "11-11": {
        "mde": 0.007537688442211053,
        "count": 398
    },
    "11-2": {
        "mde": 0.1734520910925532,
        "count": 398
    },
    "11-3": {
        "mde": 0.041160433944489774,
        "count": 398
    },
    "11-4": {
        "mde": 0.070153164635397,
        "count": 398
    },
    "11-5": {
        "mde": 0.009045226130653266,
        "count": 398
    },
    "11-6": {
        "mde": 0.0798994974874372,
        "count": 398
    },
    "11-7": {
        "mde": 0.009045226130653266,
        "count": 398
    },
    "11-8": {
        "mde": 0.004522613065326634,
        "count": 398
    },
    "11-9": {
        "mde": 0.0015075376884422123,
        "count": 398
    },
    "2-1": {
        "mde": 0.05125628140703517,
        "count": 398
    },
    "2-11": {
        "mde": 0.022061930073117526,
        "count": 398
    },
    "3-1": {
        "mde": 0.014299419157143573,
        "count": 398
    },
    "3-11": {
        "mde": 0.028366814813656233,
        "count": 398
    },
    "4-1": {
        "mde": 0.013933629176561737,
        "count": 398
    },
    "4-11": {
        "mde": 0.02660669945830179,
        "count": 398
    },
    "5-1": {
        "mde": 0.09819479330283473,
        "count": 398
    },
    "5-11": {
        "mde": 0.03944061958819353,
        "count": 398
    },
    "6-1": {
        "mde": 0.05728643216080403,
        "count": 398
    },
    "6-10": {
        "mde": 0.03575091956098321,
        "count": 398
    },
    "6-11": {
        "mde": 0.0271356783919598,
        "count": 398
    },
    "6-2": {
        "mde": 0.021447396124242755,
        "count": 398
    },
    "6-3": {
        "mde": 0.003015075376884422,
        "count": 398
    },
    "6-4": {
        "mde": 0.1286436940002171,
        "count": 398
    },
    "6-5": {
        "mde": 0.032115207813836505,
        "count": 398
    },
    "6-6": {
        "mde": 0.0,
        "count": 398
    },
    "6-7": {
        "mde": 0.03919597989949748,
        "count": 398
    },
    "6-8": {
        "mde": 0.049838132432429016,
        "count": 398
    },
    "6-9": {
        "mde": 0.10225391023831083,
        "count": 398
    },
    "7-1": {
        "mde": 0.01507537688442211,
        "count": 398
    },
    "7-11": {
        "mde": 0.029926172392425395,
        "count": 398
    },
    "8-1": {
        "mde": 0.08989388638280676,
        "count": 398
    },
    "8-11": {
        "mde": 0.041904559711562324,
        "count": 398
    },
    "9-1": {
        "mde": 0.06287668934547642,
        "count": 398
    },
    "9-11": {
        "mde": 0.003370956749999683,
        "count": 398
    }
}