{
    "1-1": {
        "mde": 0.004326923076923076,
        "count": 416
    },
    "1-10": {
        "mde": 0.01043663650600931,
        "count": 416
    },
    "1-11": {
        "mde": 0.02510065995783584,
        "count": 416
    },
    "1-2": {
        "mde": 0.022456147371350994,
        "count": 416
    },
    "1-3": {
        "mde": 0.019623391262688448,
        "count": 416
    },
    "1-4": {
        "mde": 0.01465713124062747,
        "count": 416
    },
    "1-5": {
        "mde": 0.020192307692307697,
        "count": 416
    },
    "1-6": {
        "mde": 0.05206589352922036,
        "count": 416
    },
    "1-7": {
        "mde": 0.055826250171478714,
        "count": 416
    },
    "1-8": {
        "mde": 0.060677282108754706,
        "count": 416
    },
    "1-9": {
        "mde": 0.02966993577200823,
        "count": 416
    },
    "10-1": {
        "mde": 0.024476773194918946,
        "count": 416
    },
    "10-11": {
        "mde": 0.006119193298729735,
        "count": 416
    },
    "11-1": {
        "mde": 0.030493464841919633,
        "count": 416
    },
    "11-10": {
        "mde": 0.006366654176499653,
        "count": 416
    },
    "11-11": {
        "mde": 0.036057692307692304,
        "count": 416
    },
    "11-2": {
        "mde": 0.028071404913337712,
        "count": 416
    },
    "11-3": {
        "mde": 0.044505722253078014,
        "count": 416
    },
    "11-4": {
        "mde": 0.002884615384615384,
        "count": 416
    },
    "11-5": {
        "mde": 0.02740384615384615,
        "count": 416
    },
    "11-6": {
        "mde": 0.01875,
        "count": 416
    },
    "11-7": {
        "mde": 0.02613909465233316,
        "count": 416
    },
    "11-8": {
        "mde": 0.012980769230769231,
        "count": 416
    },
    "11-9": {
        "mde": 0.05568108357038075,
        "count": 416
    },
    "2-1": {
        "mde": 0.009251269561115041,
        "count": 416
    },
    "2-11": {
        "mde": 0.02053279035216316,
        "count": 416
    },
    "3-1": {
        "mde": 0.030803819095922433,
        "count": 416
    },
    "3-11": {
        "mde": 0.008406385276076237,
        "count": 416
    },
    "4-1": {
        "mde": 0.0032250980444708506,
        "count": 416
    },
    "4-11": {
        "mde": 0.04307849868346415,
        "count": 416
    },
    "5-1": {
        "mde": 0.021894720991585022,
        "count": 416
    },
    "5-11": {
        "mde": 0.04782733173988062,
        "count": 416
    },
    "6-1": {
        "mde": 0.021634615384615388,
        "count": 416
    },
    "6-10": {
        "mde": 0.007445592779089006,
        "count": 416
    },
    "6-11": {
        "mde": 0.04759615384615385,
        "count": 416
    },
    "6-2": {
        "mde": 0.011878944198317004,
        "count": 416
    },
    "6-3": {
        "mde": 0.09033606448669024,
        "count": 416
    },
    "6-4": {
        "mde": 0.04572774633037035,
        "count": 416
    },
    "6-5": {
        "mde": 0.07653508383010513,
        "count": 416
    },
    "6-6": {
        "mde": 0.1421571482570286,
        "count": 416
    },
    "6-7": {
        "mde": 0.04651113089872467,
        "count": 416
    },
    "6-8": {
        "mde": 0.03606387620488164,
        "count": 416
    },
    "6-9": {
        "mde": 0.050009047255545225,
        "count": 416
    },
    "7-1": {
        "mde": 0.06566279543595337,
        "count": 416
    },
    "7-11": {
        "mde": 0.06980203565534299,
        "count": 416
    },
    "8-1": {
        "mde": 0.029218308343215166,
        "count": 416
    },
    "8-11": {
        "mde": 0.020111930639421866,
        "count": 416
    },
    "9-1": {
        "mde": 0.0,
        "count": 416
    },
    "9-11": {
        "mde": 0.037500000000000006,
        "count": 416
    }
}