{
    "1-1": {
        "mde": 0.031578947368421054,
        "count": 342
    },
    "1-10": {
        "mde": 0.03210010270311992,
        "count": 342
    },
    "1-11": {
        "mde": 0.05792214243362148,
        "count": 342
    },
    "1-2": {
        "mde": 0.04393540730984067,
        "count": 342
    },
    "1-3": {
        "mde": 0.007017543859649124,
        "count": 342
    },
    "1-4": {
        "mde": 0.06062960343193537,
        "count": 342
    },
    "1-5": {
        "mde": 0.001754385964912281,
        "count": 342
    },
    "1-6": {
        "mde": 0.02045948033279053,
        "count": 342
    },
    "1-7": {
        "mde": 0.001754385964912281,
        "count": 342
    },
    "1-8": {
        "mde": 0.08773935807747006,
        "count": 342
    },
    "1-9": {
        "mde": 0.00784585255263084,
        "count": 342
    },
    "10-1": {
        "mde": 0.05512667561729116,
        "count": 342
    },
    "10-11": {
        "mde": 0.05412028934601962,
        "count": 342
    },
    "11-1": {
        "mde": 0.005263157894736841,
        "count": 342
    },
    "11-10": {
        "mde": 0.03406002379363702,
        "count": 342
    },
    "11-11": {
        "mde": 0.024561403508771926,
        "count": 342
    },
    "11-2": {
        "mde": 0.055588684466555884,
        "count": 342
    },
    "11-3": {
        "mde": 0.005263157894736842,
        "count": 342
    },
    "11-4": {
        "mde": 0.021052631578947368,
        "count": 342
    },
    "11-5": {
        "mde": 0.012496676536171331,
        "count": 342
    },
    "11-6": {
        "mde": 0.0,
        "count": 342
    },
    "11-7": {
        "mde": 0.04385964912280703,
        "count": 342
    },
    "11-8": {
        "mde": 0.05291627659678663,
        "count": 342
    },
    "11-9": {
        "mde": 0.03356406135893171,
        "count": 342
    },
    "2-1": {
        "mde": 0.03813819102229799,
        "count": 342
    },
    "2-11": {
        "mde": 0.03230948748245393,
        "count": 342
    },
    "3-1": {
        "mde": 0.06043852891083491,
        "count": 342
    },
    "3-11": {
        "mde": 0.05964912280701754,
        "count": 342
    },
    "4-1": {
        "mde": 0.053195910517024644,
        "count": 342
    },
    "4-11": {
        "mde": 0.02188094027192909,
        "count": 342
    },
    "5-1": {
        "mde": 0.020695949605853223,
        "count": 342
    },
    "5-11": {
        "mde": 0.022807017543859647,
        "count": 342
    },
    "6-1": {
        "mde": 0.0631578947368421,
        "count": 342
    },
    "6-10": {
        "mde": 0.030466221601292878,
        "count": 342
    },
    "6-11": {
        "mde": 0.008771929824561398,
        "count": 342
    },
    "6-2": {
        "mde": 0.011156444917749914,
        "count": 342
    },
    "6-3": {
        "mde": 0.048312511899307915,
        "count": 342
    },
    "6-4": {
        "mde": 0.07543859649122807,
        "count": 342
    },
    "6-5": {
        "mde": 0.046045984651290034,
        "count": 342
    },
    "6-6": {
        "mde": 0.04293717903385671,
        "count": 342
    },
    "6-7": {
        "mde": 0.003508771929824562,
        "count": 342
    },
    "6-8": {
        "mde": 0.09690344409609024,
        "count": 342
    },
    "6-9": {
        "mde": 0.07206912009788646,
        "count": 342
    },
    "7-1": {
        "mde": 0.03881246600985555,
        "count": 342
    },
    "7-11": {
        "mde": 0.01476177817960192,
        "count": 342
    },
    "8-1": {
        "mde": 0.03591602799122733,
        "count": 342
    },
    "8-11": {
        "mde": 0.008771929824561405,
        "count": 342
    },
    "9-1": {
        "mde": 0.039450584176324806,
        "count": 342
    },
    "9-11": {
        "mde": 0.007017543859649124,
        "count": 342
    }
}