{
    "1-1": {
        "mde": 0.034328358208955224,
        "count": 402
    },
    "1-10": {
        "mde": 0.19619035244491392,
        "count": 402
    },
    "1-11": {
        "mde": 0.04299440070875477,
        "count": 402
    },
    "1-2": {
        "mde": 0.006332299533013858,
        "count": 402
    },
    "1-3": {
        "mde": 0.005970149253731344,
        "count": 402
    },
    "1-4": {
        "mde": 0.02627694220218506,
        "count": 402
    },
    "1-5": {
        "mde": 0.085207783058986,
        "count": 402
    },
    "1-6": {
        "mde": 0.014925373134328358,
        "count": 402
    },
    "1-7": {
        "mde": 0.011940298507462688,
        "count": 402
    },
    "1-8": {
        "mde": 0.061047790607031006,
        "count": 402
    },
    "1-9": {
        "mde": 0.08266215132531676,
        "count": 402
    },
    "10-1": {
        "mde": 0.21719762303899517,
        "count": 402
    },
    "10-11": {
        "mde": 0.03162225760763946,
        "count": 402
    },
    "11-1": {
        "mde": 0.022388059701492533,
        "count": 402
    },
    "11-10": {
        "mde": 0.04812334430913328,
        "count": 402
    },
    "11-11": {
        "mde": 0.02835820895522388,
        "count": 402
    },
    "11-2": {
        "mde": 0.050930008396444265,
        "count": 402
    },
    "11-3": {
        "mde": 0.01093217211990561,
        "count": 402
    },
    "11-4": {
        "mde": 0.025857545254233973,
        "count": 402
    },
    "11-5": {
        "mde": 0.11654143661238539,
        "count": 402
    },
    "11-6": {
        "mde": 0.047761194029850754,
        "count": 402
    },
    "11-7": {
        "mde": 0.15334124440851638,
        "count": 402
    },
    "11-8": {
        "mde": 0.022388059701492543,
        "count": 402
    },
    "11-9": {
        "mde": 0.056902405667907635,
        "count": 402
    },
    "2-1": {
        "mde": 0.12762499315222278,
        "count": 402
    },
    "2-11": {
        "mde": 0.06414482263109744,
        "count": 402
    },
    "3-1": {
        "mde": 0.19077464792002716,
        "count": 402
    },
    "3-11": {
        "mde": 0.03821724070964774,
        "count": 402
    },
    "4-1": {
        "mde": 0.09531446577282657,
        "count": 402
    },
    "4-11": {
        "mde": 0.01168421958917342,
        "count": 402
    },
    "5-1": {
        "mde": 0.001492537313432836,
        "count": 402
    },
    "5-11": {
        "mde": 0.03428905367314967,
        "count": 402
    },
    "6-1": {
        "mde": 0.00746268656716418,
        "count": 402
    },
    "6-10": {
        "mde": 0.052620814976512206,
        "count": 402
    },
    "6-11": {
        "mde": 0.022388059701492533,
        "count": 402
    },
    "6-2": {
        "mde": 0.03076308870630906,
        "count": 402
    },
    "6-3": {
        "mde": 0.08527169905103053,
        "count": 402
    },
    "6-4": {
        "mde": 0.03731343283582089,
        "count": 402
    },
    "6-5": {
        "mde": 0.14842069203701586,
        "count": 402
    },
    "6-6": {
        "mde": 0.025120823723649707,
        "count": 402
    },
    "6-7": {
        "mde": 0.0963711183552676,
        "count": 402
    },
    "6-8": {
        "mde": 0.05830976962481622,
        "count": 402
    },
    "6-9": {
        "mde": 0.08945442842675674,
        "count": 402
    },
    "7-1": {
        "mde": 0.07160318404864655,
        "count": 402
    },
    "7-11": {
        "mde": 0.023880597014925377,
        "count": 402
    },
    "8-1": {
        "mde": 0.027769479515617892,
        "count": 402
    },
    "8-11": {
        "mde": 0.04477611940298507,
        "count": 402
    },
    "9-1": {
        "mde": 0.04328358208955224,
        "count": 402
    },
    "9-11": {
        "mde": 0.019146906156337608,
        "count": 402
    }
}