{
    "1-1": {
        "mde": 0.06282722513089005,
        "count": 382
    },
    "1-10": {
        "mde": 0.027818751994478717,
        "count": 382
    },
    "1-11": {
        "mde": 0.055414304488215736,
        "count": 382
    },
    "1-2": {
        "mde": 0.024958428881978377,
        "count": 382
    },
    "1-3": {
        "mde": 0.014522844897228254,
        "count": 382
    },
    "1-4": {
        "mde": 0.032556945646111814,
        "count": 382
    },
    "1-5": {
        "mde": 0.001570680628272251,
        "count": 382
    },
    "1-6": {
        "mde": 0.015441285698709896,
        "count": 382
    },
    "1-7": {
        "mde": 0.00942408376963351,
        "count": 382
    },
    "1-8": {
        "mde": 0.07910248223176299,
        "count": 382
    },
    "1-9": {
        "mde": 0.017378788118710964,
        "count": 382
    },
    "10-1": {
        "mde": 0.13658564024583256,
        "count": 382
    },
    "10-11": {
        "mde": 0.09277857638398426,
        "count": 382
    },
    "11-1": {
        "mde": 0.007853403141361256,
        "count": 382
    },
    "11-10": {
        "mde": 0.02984293193717278,
        "count": 382
    },
    "11-11": {
        "mde": 0.02356020942408377,
        "count": 382
    },
    "11-2": {
        "mde": 0.028125606384571317,
        "count": 382
    },
    "11-3": {
        "mde": 0.010994764397905763,
        "count": 382
    },
    "11-4": {
        "mde": 0.02356020942408377,
        "count": 382
    },
    "11-5": {
        "mde": 0.037889694699923024,
        "count": 382
    },
    "11-6": {
        "mde": 0.01758854297463702,
        "count": 382
    },
    "11-7": {
        "mde": 0.05026178010471205,
        "count": 382
    },
    "11-8": {
        "mde": 0.06936483402120688,
        "count": 382
    },
    "11-9": {
        "mde": 0.03596143507396537,
        "count": 382
    },
    "2-1": {
        "mde": 0.11606489437936199,
        "count": 382
    },
    "2-11": {
        "mde": 0.04562956253429325,
        "count": 382
    },
    "3-1": {
        "mde": 0.007233850170885846,
        "count": 382
    },
    "3-11": {
        "mde": 0.018848167539267015,
        "count": 382
    },
    "4-1": {
        "mde": 0.0832813992436176,
        "count": 382
    },
    "4-11": {
        "mde": 0.016332480059164663,
        "count": 382
    },
    "5-1": {
        "mde": 0.036339178462584276,
        "count": 382
    },
    "5-11": {
        "mde": 0.04266326334057861,
        "count": 382
    },
    "6-1": {
        "mde": 0.07225130890052356,
        "count": 382
    },
    "6-10": {
        "mde": 0.026813195516019062,
        "count": 382
    },
    "6-11": {
        "mde": 0.015706806282722505,
        "count": 382
    },
    "6-2": {
        "mde": 0.011630761802022509,
        "count": 382
    },
    "6-3": {
        "mde": 0.0729305856117189,
        "count": 382
    },
    "6-4": {
        "mde": 0.07850093950768641,
        "count": 382
    },
    "6-5": {
        "mde": 0.1308744100481402,
        "count": 382
    },
    "6-6": {
        "mde": 0.041415905265932716,
        "count": 382
    },
    "6-7": {
        "mde": 0.020114526400312614,
        "count": 382
    },
    "6-8": {
        "mde": 0.09069166383927162,
        "count": 382
    },
    "6-9": {
        "mde": 0.11158984543232593,
        "count": 382
    },
    "7-1": {
        "mde": 0.03494169306476752,
        "count": 382
    },
    "7-11": {
        "mde": 0.017389111746385563,
        "count": 382
    },
    "8-1": {
        "mde": 0.045717093565708175,
        "count": 382
    },
    "8-11": {
        "mde": 0.012565445026178013,
        "count": 382
    },
    "9-1": {
        "mde": 0.04211212822121763,
        "count": 382
    },
    "9-11": {
        "mde": 0.02670157068062827,
        "count": 382
    }
}