{
    "1-1": {
        "mde": 0.0301602967421236,
        "count": 386
    },
    "1-10": {
        "mde": 0.03127836916301419,
        "count": 386
    },
    "1-11": {
        "mde": 0.07904157611899347,
        "count": 386
    },
    "1-2": {
        "mde": 0.005950922991833456,
        "count": 386
    },
    "1-3": {
        "mde": 0.033589453467486416,
        "count": 386
    },
    "1-4": {
        "mde": 0.048153779512788104,
        "count": 386
    },
    "1-5": {
        "mde": 0.062284324759694185,
        "count": 386
    },
    "1-6": {
        "mde": 0.0,
        "count": 386
    },
    "1-7": {
        "mde": 0.042964936469909974,
        "count": 386
    },
    "1-8": {
        "mde": 0.023914763948913738,
        "count": 386
    },
    "1-9": {
        "mde": 0.07955023976561158,
        "count": 386
    },
    "10-1": {
        "mde": 0.015910986493522995,
        "count": 386
    },
    "10-11": {
        "mde": 0.01088082901554404,
        "count": 386
    },
    "11-1": {
        "mde": 0.16742442590880927,
        "count": 386
    },
    "11-10": {
        "mde": 0.0034757533329012277,
        "count": 386
    },
    "11-11": {
        "mde": 0.0031088082901554385,
        "count": 386
    },
    "11-2": {
        "mde": 0.023260088143302035,
        "count": 386
    },
    "11-3": {
        "mde": 0.00932642487046632,
        "count": 386
    },
    "11-4": {
        "mde": 0.04852275644786979,
        "count": 386
    },
    "11-5": {
        "mde": 0.023316062176165806,
        "count": 386
    },
    "11-6": {
        "mde": 0.023316062176165803,
        "count": 386
    },
    "11-7": {
        "mde": 0.03730569948186529,
        "count": 386
    },
    "11-8": {
        "mde": 0.006217616580310881,
        "count": 386
    },
    "11-9": {
        "mde": 0.02834621965414475,
        "count": 386
    },
    "2-1": {
        "mde": 0.05811421720513261,
        "count": 386
    },
    "2-11": {
        "mde": 0.012535484614890124,
        "count": 386
    },
    "3-1": {
        "mde": 0.0,
        "count": 386
    },
    "3-11": {
        "mde": 0.033091383079883234,
        "count": 386
    },
    "4-1": {
        "mde": 0.023806121351712825,
        "count": 386
    },
    "4-11": {
        "mde": 0.027005254214139417,
        "count": 386
    },
    "5-1": {
        "mde": 0.020207253886010367,
        "count": 386
    },
    "5-11": {
        "mde": 0.02705427722376321,
        "count": 386
    },
    "6-1": {
        "mde": 0.09030935675687997,
        "count": 386
    },
    "6-10": {
        "mde": 0.036716338272046664,
        "count": 386
    },
    "6-11": {
        "mde": 0.03383989059212799,
        "count": 386
    },
    "6-2": {
        "mde": 0.07017370582733223,
        "count": 386
    },
    "6-3": {
        "mde": 0.0015544041450777204,
        "count": 386
    },
    "6-4": {
        "mde": 0.013033934933369696,
        "count": 386
    },
    "6-5": {
        "mde": 0.04568327029069688,
        "count": 386
    },
    "6-6": {
        "mde": 0.03417582328950592,
        "count": 386
    },
    "6-7": {
        "mde": 0.02189030445124076,
        "count": 386
    },
    "6-8": {
        "mde": 0.04894210140862629,
        "count": 386
    },
    "6-9": {
        "mde": 0.017406278280599333,
        "count": 386
    },
    "7-1": {
        "mde": 0.036128457026610286,
        "count": 386
    },
    "7-11": {
        "mde": 0.02833177113328657,
        "count": 386
    },
    "8-1": {
        "mde": 0.0450777202072539,
        "count": 386
    },
    "8-11": {
        "mde": 0.04958470715535492,
        "count": 386
    },
    "9-1": {
        "mde": 0.05394583047266066,
        "count": 386
    },
    "9-11": {
        "mde": 0.02176165803108809,
        "count": 386
    }
}