{
    "1-1": {
        "mde": 0.0,
        "count": 396
    },
    "1-10": {
        "mde": 0.0681504271040776,
        "count": 396
    },
    "1-11": {
        "mde": 0.05874292365798335,
        "count": 396
    },
    "1-2": {
        "mde": 0.01739561843631271,
        "count": 396
    },
    "1-3": {
        "mde": 0.08053751435488864,
        "count": 396
    },
    "1-4": {
        "mde": 0.03718281701293639,
        "count": 396
    },
    "1-5": {
        "mde": 0.010606060606060607,
        "count": 396
    },
    "1-6": {
        "mde": 0.0030303030303030303,
        "count": 396
    },
    "1-7": {
        "mde": 0.05123103927177254,
        "count": 396
    },
    "1-8": {
        "mde": 0.009090909090909092,
        "count": 396
    },
    "1-9": {
        "mde": 0.015659223471352384,
        "count": 396
    },
    "10-1": {
        "mde": 0.030303030303030307,
        "count": 396
    },
    "10-11": {
        "mde": 0.004545454545454545,
        "count": 396
    },
    "11-1": {
        "mde": 0.03156204832552319,
        "count": 396
    },
    "11-10": {
        "mde": 0.028267960984079347,
        "count": 396
    },
    "11-11": {
        "mde": 0.034848484848484844,
        "count": 396
    },
    "11-2": {
        "mde": 0.0458025239624481,
        "count": 396
    },
    "11-3": {
        "mde": 0.015151515151515152,
        "count": 396
    },
    "11-4": {
        "mde": 0.010606060606060605,
        "count": 396
    },
    "11-5": {
        "mde": 0.004545454545454545,
        "count": 396
    },
    "11-6": {
        "mde": 0.012121212121212123,
        "count": 396
    },
    "11-7": {
        "mde": 0.030303030303030304,
        "count": 396
    },
    "11-8": {
        "mde": 0.0060606060606060615,
        "count": 396
    },
    "11-9": {
        "mde": 0.060606060606060594,
        "count": 396
    },
    "2-1": {
        "mde": 0.08181818181818182,
        "count": 396
    },
    "2-11": {
        "mde": 0.026361129754042683,
        "count": 396
    },
    "3-1": {
        "mde": 0.03545203884495177,
        "count": 396
    },
    "3-11": {
        "mde": 0.04795091775945041,
        "count": 396
    },
    "4-1": {
        "mde": 0.07413517705996234,
        "count": 396
    },
    "4-11": {
        "mde": 0.03536333552351851,
        "count": 396
    },
    "5-1": {
        "mde": 0.13022838019484828,
        "count": 396
    },
    "5-11": {
        "mde": 0.020327890704543543,
        "count": 396
    },
    "6-1": {
        "mde": 0.06457651416941411,
        "count": 396
    },
    "6-10": {
        "mde": 0.004903133299242105,
        "count": 396
    },
    "6-11": {
        "mde": 0.031818181818181815,
        "count": 396
    },
    "6-2": {
        "mde": 0.02155571630668842,
        "count": 396
    },
    "6-3": {
        "mde": 0.0942778540395858,
        "count": 396
    },
    "6-4": {
        "mde": 0.09501722483177587,
        "count": 396
    },
    "6-5": {
        "mde": 0.07649629139612632,
        "count": 396
    },
    "6-6": {
        "mde": 0.03470002985865269,
        "count": 396
    },
    "6-7": {
        "mde": 0.14504995697205467,
        "count": 396
    },
    "6-8": {
        "mde": 0.03150818702842323,
        "count": 396
    },
    "6-9": {
        "mde": 0.028176162663731037,
        "count": 396
    },
    "7-1": {
        "mde": 0.20164054928833064,
        "count": 396
    },
    "7-11": {
        "mde": 0.013636363636363637,
        "count": 396
    },
    "8-1": {
        "mde": 0.031040656031068387,
        "count": 396
    },
    "8-11": {
        "mde": 0.015509193905302714,
        "count": 396
    },
    "9-1": {
        "mde": 0.014128114121722357,
        "count": 396
    },
    "9-11": {
        "mde": 0.0030303030303030307,
        "count": 396
    }
}