{
    "1-1": {
        "mde": 0.0,
        "count": 305
    },
    "1-10": {
        "mde": 0.08334709913778222,
        "count": 305
    },
    "1-11": {
        "mde": 0.1679034273530059,
        "count": 305
    },
    "1-2": {
        "mde": 0.038163113298370924,
        "count": 305
    },
    "1-3": {
        "mde": 0.025573770491803278,
        "count": 305
    },
    "1-4": {
        "mde": 0.03233410459732976,
        "count": 305
    },
    "1-5": {
        "mde": 0.013770491803278693,
        "count": 305
    },
    "1-6": {
        "mde": 0.025713576023341917,
        "count": 305
    },
    "1-7": {
        "mde": 0.10406001171918011,
        "count": 305
    },
    "1-8": {
        "mde": 0.05901639344262295,
        "count": 305
    },
    "1-9": {
        "mde": 0.022762928790673504,
        "count": 305
    },
    "10-1": {
        "mde": 0.13664692159556494,
        "count": 305
    },
    "10-11": {
        "mde": 0.001967213114754097,
        "count": 305
    },
    "11-1": {
        "mde": 0.017704918032786884,
        "count": 305
    },
    "11-10": {
        "mde": 0.005901639344262292,
        "count": 305
    },
    "11-11": {
        "mde": 0.003934426229508194,
        "count": 305
    },
    "11-2": {
        "mde": 0.013196466752457775,
        "count": 305
    },
    "11-3": {
        "mde": 0.0324042018786877,
        "count": 305
    },
    "11-4": {
        "mde": 0.014089726544593532,
        "count": 305
    },
    "11-5": {
        "mde": 0.007868852459016395,
        "count": 305
    },
    "11-6": {
        "mde": 0.009836065573770493,
        "count": 305
    },
    "11-7": {
        "mde": 0.03965015296013806,
        "count": 305
    },
    "11-8": {
        "mde": 0.007868852459016395,
        "count": 305
    },
    "11-9": {
        "mde": 0.013095450982607964,
        "count": 305
    },
    "2-1": {
        "mde": 0.05897951187332967,
        "count": 305
    },
    "2-11": {
        "mde": 0.011465758278189223,
        "count": 305
    },
    "3-1": {
        "mde": 0.012657006688938056,
        "count": 305
    },
    "3-11": {
        "mde": 0.028013045686489078,
        "count": 305
    },
    "4-1": {
        "mde": 0.07643839377455634,
        "count": 305
    },
    "4-11": {
        "mde": 0.023149827414358757,
        "count": 305
    },
    "5-1": {
        "mde": 0.007868852459016393,
        "count": 305
    },
    "5-11": {
        "mde": 0.027317408886634774,
        "count": 305
    },
    "6-1": {
        "mde": 0.04327868852459016,
        "count": 305
    },
    "6-10": {
        "mde": 0.05233143794800668,
        "count": 305
    },
    "6-11": {
        "mde": 0.04927292182981987,
        "count": 305
    },
    "6-2": {
        "mde": 0.022762928790673504,
        "count": 305
    },
    "6-3": {
        "mde": 0.06887273083816124,
        "count": 305
    },
    "6-4": {
        "mde": 0.00622087408557714,
        "count": 305
    },
    "6-5": {
        "mde": 0.053907785385113795,
        "count": 305
    },
    "6-6": {
        "mde": 0.09008293004998481,
        "count": 305
    },
    "6-7": {
        "mde": 0.027735776092313674,
        "count": 305
    },
    "6-8": {
        "mde": 0.10021038342288975,
        "count": 305
    },
    "6-9": {
        "mde": 0.08475013466965778,
        "count": 305
    },
    "7-1": {
        "mde": 0.02006171611905358,
        "count": 305
    },
    "7-11": {
        "mde": 0.0,
        "count": 305
    },
    "8-1": {
        "mde": 0.0431690594950803,
        "count": 305
    },
    "8-11": {
        "mde": 0.003934426229508194,
        "count": 305
    },
    "9-1": {
        "mde": 0.0319215201883561,
        "count": 305
    },
    "9-11": {
        "mde": 0.007868852459016393,
        "count": 305
    }
}