{
    "1-1": {
        "mde": 0.037004531308081394,
        "count": 386
    },
    "1-10": {
        "mde": 0.03127836916301419,
        "count": 386
    },
    "1-11": {
        "mde": 0.08394736234608079,
        "count": 386
    },
    "1-2": {
        "mde": 0.013914299611964536,
        "count": 386
    },
    "1-3": {
        "mde": 0.04200115264085714,
        "count": 386
    },
    "1-4": {
        "mde": 0.03665981776480467,
        "count": 386
    },
    "1-5": {
        "mde": 0.06645990740375932,
        "count": 386
    },
    "1-6": {
        "mde": 0.0031088082901554407,
        "count": 386
    },
    "1-7": {
        "mde": 0.05358832452715098,
        "count": 386
    },
    "1-8": {
        "mde": 0.017697147368602853,
        "count": 386
    },
    "1-9": {
        "mde": 0.2886553757729821,
        "count": 386
    },
    "10-1": {
        "mde": 0.011247774058289832,
        "count": 386
    },
    "10-11": {
        "mde": 0.00932642487046632,
        "count": 386
    },
    "11-1": {
        "mde": 0.02813319095377116,
        "count": 386
    },
    "11-10": {
        "mde": 0.011614719101035616,
        "count": 386
    },
    "11-11": {
        "mde": 0.0031088082901554385,
        "count": 386
    },
    "11-2": {
        "mde": 0.017022038268837286,
        "count": 386
    },
    "11-3": {
        "mde": 0.007772020725388601,
        "count": 386
    },
    "11-4": {
        "mde": 0.03627205949702862,
        "count": 386
    },
    "11-5": {
        "mde": 0.012435233160621763,
        "count": 386
    },
    "11-6": {
        "mde": 0.015544041450777202,
        "count": 386
    },
    "11-7": {
        "mde": 0.010880829015544042,
        "count": 386
    },
    "11-8": {
        "mde": 0.010880829015544045,
        "count": 386
    },
    "11-9": {
        "mde": 0.03922704866968879,
        "count": 386
    },
    "2-1": {
        "mde": 0.048787792334666284,
        "count": 386
    },
    "2-11": {
        "mde": 0.004396518846755734,
        "count": 386
    },
    "3-1": {
        "mde": 0.0,
        "count": 386
    },
    "3-11": {
        "mde": 0.023170125940740555,
        "count": 386
    },
    "4-1": {
        "mde": 0.02176165803108809,
        "count": 386
    },
    "4-11": {
        "mde": 0.03944048737476118,
        "count": 386
    },
    "5-1": {
        "mde": 0.00155440414507772,
        "count": 386
    },
    "5-11": {
        "mde": 0.025752118146304733,
        "count": 386
    },
    "6-1": {
        "mde": 0.07150259067357513,
        "count": 386
    },
    "6-10": {
        "mde": 0.04083594688324804,
        "count": 386
    },
    "6-11": {
        "mde": 0.028577976384146896,
        "count": 386
    },
    "6-2": {
        "mde": 0.06354148800482837,
        "count": 386
    },
    "6-3": {
        "mde": 0.009925126643214256,
        "count": 386
    },
    "6-4": {
        "mde": 0.013033934933369696,
        "count": 386
    },
    "6-5": {
        "mde": 0.052471672430856715,
        "count": 386
    },
    "6-6": {
        "mde": 0.025112167494409605,
        "count": 386
    },
    "6-7": {
        "mde": 0.032925049809157,
        "count": 386
    },
    "6-8": {
        "mde": 0.03718632274111673,
        "count": 386
    },
    "6-9": {
        "mde": 0.030169650121420026,
        "count": 386
    },
    "7-1": {
        "mde": 0.05316867361425495,
        "count": 386
    },
    "7-11": {
        "mde": 0.045657796628825624,
        "count": 386
    },
    "8-1": {
        "mde": 0.006217616580310881,
        "count": 386
    },
    "8-11": {
        "mde": 0.046129459721237505,
        "count": 386
    },
    "9-1": {
        "mde": 0.014723527391191057,
        "count": 386
    },
    "9-11": {
        "mde": 0.019157339876171128,
        "count": 386
    }
}