{
    "1-1": {
        "mde": 0.007100591715976331,
        "count": 338
    },
    "1-10": {
        "mde": 0.0025104382764019433,
        "count": 338
    },
    "1-11": {
        "mde": 0.10815235035918198,
        "count": 338
    },
    "1-2": {
        "mde": 0.0017751479289940828,
        "count": 338
    },
    "1-3": {
        "mde": 0.026627218934911243,
        "count": 338
    },
    "1-4": {
        "mde": 0.0409846286816007,
        "count": 338
    },
    "1-5": {
        "mde": 0.03070483764635211,
        "count": 338
    },
    "1-6": {
        "mde": 0.0,
        "count": 338
    },
    "1-7": {
        "mde": 0.021676513404014164,
        "count": 338
    },
    "1-8": {
        "mde": 0.03042818191726993,
        "count": 338
    },
    "1-9": {
        "mde": 0.02393642187111353,
        "count": 338
    },
    "10-1": {
        "mde": 0.009294795226330988,
        "count": 338
    },
    "10-11": {
        "mde": 0.04731985961448352,
        "count": 338
    },
    "11-1": {
        "mde": 0.01775147928994083,
        "count": 338
    },
    "11-10": {
        "mde": 0.019526627218934917,
        "count": 338
    },
    "11-11": {
        "mde": 0.0017751479289940819,
        "count": 338
    },
    "11-2": {
        "mde": 0.04111646921923381,
        "count": 338
    },
    "11-3": {
        "mde": 0.03167151346679961,
        "count": 338
    },
    "11-4": {
        "mde": 0.052612447697212045,
        "count": 338
    },
    "11-5": {
        "mde": 0.008875739644970416,
        "count": 338
    },
    "11-6": {
        "mde": 0.039053254437869826,
        "count": 338
    },
    "11-7": {
        "mde": 0.003550295857988165,
        "count": 338
    },
    "11-8": {
        "mde": 0.031952662721893496,
        "count": 338
    },
    "11-9": {
        "mde": 0.022772355842744715,
        "count": 338
    },
    "2-1": {
        "mde": 0.011069943155325073,
        "count": 338
    },
    "2-11": {
        "mde": 0.1491270692443709,
        "count": 338
    },
    "3-1": {
        "mde": 0.0017751479289940832,
        "count": 338
    },
    "3-11": {
        "mde": 0.04727806092210166,
        "count": 338
    },
    "4-1": {
        "mde": 0.0848816340113467,
        "count": 338
    },
    "4-11": {
        "mde": 0.01148899873668564,
        "count": 338
    },
    "5-1": {
        "mde": 0.02172083072928957,
        "count": 338
    },
    "5-11": {
        "mde": 0.0374905828214317,
        "count": 338
    },
    "6-1": {
        "mde": 0.008875739644970416,
        "count": 338
    },
    "6-10": {
        "mde": 0.020692640679572275,
        "count": 338
    },
    "6-11": {
        "mde": 0.042303464902092254,
        "count": 338
    },
    "6-2": {
        "mde": 0.013161325850366442,
        "count": 338
    },
    "6-3": {
        "mde": 0.01816251721096871,
        "count": 338
    },
    "6-4": {
        "mde": 0.019657264938398675,
        "count": 338
    },
    "6-5": {
        "mde": 0.018435203799647047,
        "count": 338
    },
    "6-6": {
        "mde": 0.009559464154676635,
        "count": 338
    },
    "6-7": {
        "mde": 0.007100591715976333,
        "count": 338
    },
    "6-8": {
        "mde": 0.041378914907433305,
        "count": 338
    },
    "6-9": {
        "mde": 0.03966364704734506,
        "count": 338
    },
    "7-1": {
        "mde": 0.02512363747647861,
        "count": 338
    },
    "7-11": {
        "mde": 0.0025104382764019437,
        "count": 338
    },
    "8-1": {
        "mde": 0.03550295857988166,
        "count": 338
    },
    "8-11": {
        "mde": 0.007938702878697478,
        "count": 338
    },
    "9-1": {
        "mde": 0.008875739644970411,
        "count": 338
    },
    "9-11": {
        "mde": 0.003550295857988165,
        "count": 338
    }
}