{
    "1-1": {
        "mde": 0.007936507936507936,
        "count": 378
    },
    "1-10": {
        "mde": 0.020192618018632313,
        "count": 378
    },
    "1-11": {
        "mde": 0.20652912538715923,
        "count": 378
    },
    "1-2": {
        "mde": 0.0015873015873015873,
        "count": 378
    },
    "1-3": {
        "mde": 0.07708747297948208,
        "count": 378
    },
    "1-4": {
        "mde": 0.04335608469775641,
        "count": 378
    },
    "1-5": {
        "mde": 0.007936507936507936,
        "count": 378
    },
    "1-6": {
        "mde": 0.004761904761904762,
        "count": 378
    },
    "1-7": {
        "mde": 0.010842780785468732,
        "count": 378
    },
    "1-8": {
        "mde": 0.030820539010009338,
        "count": 378
    },
    "1-9": {
        "mde": 0.029339975112265538,
        "count": 378
    },
    "10-1": {
        "mde": 0.013073123773809193,
        "count": 378
    },
    "10-11": {
        "mde": 0.020766289730632093,
        "count": 378
    },
    "11-1": {
        "mde": 0.0619047619047619,
        "count": 378
    },
    "11-10": {
        "mde": 0.017460317460317464,
        "count": 378
    },
    "11-11": {
        "mde": 0.0,
        "count": 378
    },
    "11-2": {
        "mde": 0.027241710571695842,
        "count": 378
    },
    "11-3": {
        "mde": 0.03604476814682439,
        "count": 378
    },
    "11-4": {
        "mde": 0.07024946443614945,
        "count": 378
    },
    "11-5": {
        "mde": 0.015873015873015876,
        "count": 378
    },
    "11-6": {
        "mde": 0.04920634920634921,
        "count": 378
    },
    "11-7": {
        "mde": 0.01587301587301587,
        "count": 378
    },
    "11-8": {
        "mde": 0.0126984126984127,
        "count": 378
    },
    "11-9": {
        "mde": 0.04335509285553136,
        "count": 378
    },
    "2-1": {
        "mde": 0.056598181348400604,
        "count": 378
    },
    "2-11": {
        "mde": 0.16834773093306188,
        "count": 378
    },
    "3-1": {
        "mde": 0.007310398849942839,
        "count": 378
    },
    "3-11": {
        "mde": 0.0735391929808738,
        "count": 378
    },
    "4-1": {
        "mde": 0.09636665854483731,
        "count": 378
    },
    "4-11": {
        "mde": 0.026541824367838664,
        "count": 378
    },
    "5-1": {
        "mde": 0.054483421143391685,
        "count": 378
    },
    "5-11": {
        "mde": 0.02868423462200869,
        "count": 378
    },
    "6-1": {
        "mde": 0.05238095238095239,
        "count": 378
    },
    "6-10": {
        "mde": 0.019817906943235826,
        "count": 378
    },
    "6-11": {
        "mde": 0.055287225229913174,
        "count": 378
    },
    "6-2": {
        "mde": 0.011111111111111113,
        "count": 378
    },
    "6-3": {
        "mde": 0.017187979563089192,
        "count": 378
    },
    "6-4": {
        "mde": 0.01929445589711438,
        "count": 378
    },
    "6-5": {
        "mde": 0.025707007115938346,
        "count": 378
    },
    "6-6": {
        "mde": 0.025442842733382334,
        "count": 378
    },
    "6-7": {
        "mde": 0.07521959821423219,
        "count": 378
    },
    "6-8": {
        "mde": 0.043627430752759634,
        "count": 378
    },
    "6-9": {
        "mde": 0.038287267704850025,
        "count": 378
    },
    "7-1": {
        "mde": 0.02129240247995729,
        "count": 378
    },
    "7-11": {
        "mde": 0.0063492063492063475,
        "count": 378
    },
    "8-1": {
        "mde": 0.13492063492063497,
        "count": 378
    },
    "8-11": {
        "mde": 0.007098628499999333,
        "count": 378
    },
    "9-1": {
        "mde": 0.03015873015873015,
        "count": 378
    },
    "9-11": {
        "mde": 0.0,
        "count": 378
    }
}