{
    "1-1": {
        "mde": 0.005056179775280899,
        "count": 356
    },
    "1-10": {
        "mde": 0.05335512678898703,
        "count": 356
    },
    "1-11": {
        "mde": 0.050241993835797735,
        "count": 356
    },
    "1-2": {
        "mde": 0.01935018230556133,
        "count": 356
    },
    "1-3": {
        "mde": 0.05784911389783349,
        "count": 356
    },
    "1-4": {
        "mde": 0.019837634181352263,
        "count": 356
    },
    "1-5": {
        "mde": 0.025280898876404494,
        "count": 356
    },
    "1-6": {
        "mde": 0.0151685393258427,
        "count": 356
    },
    "1-7": {
        "mde": 0.05296297174397354,
        "count": 356
    },
    "1-8": {
        "mde": 0.031562064619966135,
        "count": 356
    },
    "1-9": {
        "mde": 0.03169756760577329,
        "count": 356
    },
    "10-1": {
        "mde": 0.0937640016619954,
        "count": 356
    },
    "10-11": {
        "mde": 0.006741573033707869,
        "count": 356
    },
    "11-1": {
        "mde": 0.03941319911314804,
        "count": 356
    },
    "11-10": {
        "mde": 0.02033341871165052,
        "count": 356
    },
    "11-11": {
        "mde": 0.03707865168539326,
        "count": 356
    },
    "11-2": {
        "mde": 0.02764340604099671,
        "count": 356
    },
    "11-3": {
        "mde": 0.0033707865168539327,
        "count": 356
    },
    "11-4": {
        "mde": 0.010112359550561795,
        "count": 356
    },
    "11-5": {
        "mde": 0.0016853932584269665,
        "count": 356
    },
    "11-6": {
        "mde": 0.008426966292134833,
        "count": 356
    },
    "11-7": {
        "mde": 0.011797752808988761,
        "count": 356
    },
    "11-8": {
        "mde": 0.008426966292134833,
        "count": 356
    },
    "11-9": {
        "mde": 0.003370786516853932,
        "count": 356
    },
    "2-1": {
        "mde": 0.12027934771809598,
        "count": 356
    },
    "2-11": {
        "mde": 0.036860362234833285,
        "count": 356
    },
    "3-1": {
        "mde": 0.025087379693550516,
        "count": 356
    },
    "3-11": {
        "mde": 0.02371953805949088,
        "count": 356
    },
    "4-1": {
        "mde": 0.023628502958936735,
        "count": 356
    },
    "4-11": {
        "mde": 0.01828346959985945,
        "count": 356
    },
    "5-1": {
        "mde": 0.15967216004161788,
        "count": 356
    },
    "5-11": {
        "mde": 0.015074615578650268,
        "count": 356
    },
    "6-1": {
        "mde": 0.04486601014350558,
        "count": 356
    },
    "6-10": {
        "mde": 0.01051022692837043,
        "count": 356
    },
    "6-11": {
        "mde": 0.02865168539325843,
        "count": 356
    },
    "6-2": {
        "mde": 0.010112359550561799,
        "count": 356
    },
    "6-3": {
        "mde": 0.09281182396851934,
        "count": 356
    },
    "6-4": {
        "mde": 0.008426966292134831,
        "count": 356
    },
    "6-5": {
        "mde": 0.041324466876385614,
        "count": 356
    },
    "6-6": {
        "mde": 0.10459131594626003,
        "count": 356
    },
    "6-7": {
        "mde": 0.05056179775280899,
        "count": 356
    },
    "6-8": {
        "mde": 0.012153543625159514,
        "count": 356
    },
    "6-9": {
        "mde": 0.013881013445224364,
        "count": 356
    },
    "7-1": {
        "mde": 0.12640449438202248,
        "count": 356
    },
    "7-11": {
        "mde": 0.016853932584269666,
        "count": 356
    },
    "8-1": {
        "mde": 0.09189274932166852,
        "count": 356
    },
    "8-11": {
        "mde": 0.017874524621568518,
        "count": 356
    },
    "9-1": {
        "mde": 0.010659362899443975,
        "count": 356
    },
    "9-11": {
        "mde": 0.016853932584269666,
        "count": 356
    }
}