{
    "1-1": {
        "mde": 0.018090452261306532,
        "count": 398
    },
    "1-10": {
        "mde": 0.028480027127325832,
        "count": 398
    },
    "1-11": {
        "mde": 0.19213596909687128,
        "count": 398
    },
    "1-2": {
        "mde": 0.006654593310110193,
        "count": 398
    },
    "1-3": {
        "mde": 0.14440001979536984,
        "count": 398
    },
    "1-4": {
        "mde": 0.07565544654416022,
        "count": 398
    },
    "1-5": {
        "mde": 0.08185486212177642,
        "count": 398
    },
    "1-6": {
        "mde": 0.048241206030150745,
        "count": 398
    },
    "1-7": {
        "mde": 0.03922213722481459,
        "count": 398
    },
    "1-8": {
        "mde": 0.09804982338390403,
        "count": 398
    },
    "1-9": {
        "mde": 0.033482534619676284,
        "count": 398
    },
    "10-1": {
        "mde": 0.05047041507229007,
        "count": 398
    },
    "10-11": {
        "mde": 0.10209421393423684,
        "count": 398
    },
    "11-1": {
        "mde": 0.0988822239167769,
        "count": 398
    },
    "11-10": {
        "mde": 0.01055276381909548,
        "count": 398
    },
    "11-11": {
        "mde": 0.0,
        "count": 398
    },
    "11-2": {
        "mde": 0.14529434820346424,
        "count": 398
    },
    "11-3": {
        "mde": 0.1115577889447236,
        "count": 398
    },
    "11-4": {
        "mde": 0.06810338888676885,
        "count": 398
    },
    "11-5": {
        "mde": 0.05192913560514607,
        "count": 398
    },
    "11-6": {
        "mde": 0.15075376884422112,
        "count": 398
    },
    "11-7": {
        "mde": 0.009045226130653264,
        "count": 398
    },
    "11-8": {
        "mde": 0.01507537688442211,
        "count": 398
    },
    "11-9": {
        "mde": 0.11344949848634027,
        "count": 398
    },
    "2-1": {
        "mde": 0.07537688442211055,
        "count": 398
    },
    "2-11": {
        "mde": 0.20362647151556593,
        "count": 398
    },
    "3-1": {
        "mde": 0.10536647911848325,
        "count": 398
    },
    "3-11": {
        "mde": 0.04551261412686682,
        "count": 398
    },
    "4-1": {
        "mde": 0.12229840974497203,
        "count": 398
    },
    "4-11": {
        "mde": 0.009756988876883785,
        "count": 398
    },
    "5-1": {
        "mde": 0.05349539905664107,
        "count": 398
    },
    "5-11": {
        "mde": 0.026604360353377307,
        "count": 398
    },
    "6-1": {
        "mde": 0.015075376884422113,
        "count": 398
    },
    "6-10": {
        "mde": 0.02323750788297451,
        "count": 398
    },
    "6-11": {
        "mde": 0.03894113350981703,
        "count": 398
    },
    "6-2": {
        "mde": 0.005147055621667983,
        "count": 398
    },
    "6-3": {
        "mde": 0.045205912104067304,
        "count": 398
    },
    "6-4": {
        "mde": 0.06909188727866125,
        "count": 398
    },
    "6-5": {
        "mde": 0.06841984644291635,
        "count": 398
    },
    "6-6": {
        "mde": 0.009652951111707813,
        "count": 398
    },
    "6-7": {
        "mde": 0.054992764140856853,
        "count": 398
    },
    "6-8": {
        "mde": 0.04653836107744684,
        "count": 398
    },
    "6-9": {
        "mde": 0.10584205624182062,
        "count": 398
    },
    "7-1": {
        "mde": 0.015564656261814209,
        "count": 398
    },
    "7-11": {
        "mde": 0.014178268865257781,
        "count": 398
    },
    "8-1": {
        "mde": 0.10100502512562815,
        "count": 398
    },
    "8-11": {
        "mde": 0.0,
        "count": 398
    },
    "9-1": {
        "mde": 0.05465156936354307,
        "count": 398
    },
    "9-11": {
        "mde": 0.003370956749999683,
        "count": 398
    }
}