{
    "1-1": {
        "mde": 0.008695652173913044,
        "count": 345
    },
    "1-10": {
        "mde": 0.1405005946970879,
        "count": 345
    },
    "1-11": {
        "mde": 0.1728154231908574,
        "count": 345
    },
    "1-2": {
        "mde": 0.06950823221384957,
        "count": 345
    },
    "1-3": {
        "mde": 0.04677029952520377,
        "count": 345
    },
    "1-4": {
        "mde": 0.03394995585295433,
        "count": 345
    },
    "1-5": {
        "mde": 0.05535817720842662,
        "count": 345
    },
    "1-6": {
        "mde": 0.04720371412822774,
        "count": 345
    },
    "1-7": {
        "mde": 0.10405451596516437,
        "count": 345
    },
    "1-8": {
        "mde": 0.22893270732990023,
        "count": 345
    },
    "1-9": {
        "mde": 0.0017391304347826077,
        "count": 345
    },
    "10-1": {
        "mde": 0.1563933033238446,
        "count": 345
    },
    "10-11": {
        "mde": 0.016353259543361476,
        "count": 345
    },
    "11-1": {
        "mde": 0.046956521739130445,
        "count": 345
    },
    "11-10": {
        "mde": 0.0024595018476053815,
        "count": 345
    },
    "11-11": {
        "mde": 0.012173913043478254,
        "count": 345
    },
    "11-2": {
        "mde": 0.0,
        "count": 345
    },
    "11-3": {
        "mde": 0.06079550839867505,
        "count": 345
    },
    "11-4": {
        "mde": 0.07041188344435677,
        "count": 345
    },
    "11-5": {
        "mde": 0.036521739130434785,
        "count": 345
    },
    "11-6": {
        "mde": 0.045887243142842614,
        "count": 345
    },
    "11-7": {
        "mde": 0.01284376488197305,
        "count": 345
    },
    "11-8": {
        "mde": 0.020869565217391306,
        "count": 345
    },
    "11-9": {
        "mde": 0.03337997444650077,
        "count": 345
    },
    "2-1": {
        "mde": 0.03302731266941664,
        "count": 345
    },
    "2-11": {
        "mde": 0.005217391304347826,
        "count": 345
    },
    "3-1": {
        "mde": 0.008009654392111286,
        "count": 345
    },
    "3-11": {
        "mde": 0.06837174818776236,
        "count": 345
    },
    "4-1": {
        "mde": 0.07982055502630317,
        "count": 345
    },
    "4-11": {
        "mde": 0.05076527658693623,
        "count": 345
    },
    "5-1": {
        "mde": 0.011155154021518425,
        "count": 345
    },
    "5-11": {
        "mde": 0.04832590619174071,
        "count": 345
    },
    "6-1": {
        "mde": 0.06086956521739131,
        "count": 345
    },
    "6-10": {
        "mde": 0.032419106651804266,
        "count": 345
    },
    "6-11": {
        "mde": 0.04877751060317409,
        "count": 345
    },
    "6-2": {
        "mde": 0.03663891745324664,
        "count": 345
    },
    "6-3": {
        "mde": 0.0690802903433869,
        "count": 345
    },
    "6-4": {
        "mde": 0.021539417055886096,
        "count": 345
    },
    "6-5": {
        "mde": 0.027998294806248318,
        "count": 345
    },
    "6-6": {
        "mde": 0.17824754589035388,
        "count": 345
    },
    "6-7": {
        "mde": 0.008695652173913044,
        "count": 345
    },
    "6-8": {
        "mde": 0.164705616354049,
        "count": 345
    },
    "6-9": {
        "mde": 0.14174284492865236,
        "count": 345
    },
    "7-1": {
        "mde": 0.04110158820328855,
        "count": 345
    },
    "7-11": {
        "mde": 0.012995019052173182,
        "count": 345
    },
    "8-1": {
        "mde": 0.058212410356521,
        "count": 345
    },
    "8-11": {
        "mde": 0.012173913043478254,
        "count": 345
    },
    "9-1": {
        "mde": 0.039270735598306586,
        "count": 345
    },
    "9-11": {
        "mde": 0.030369017642455955,
        "count": 345
    }
}