{
    "1-1": {
        "mde": 0.001643835616438356,
        "count": 365
    },
    "1-10": {
        "mde": 0.10032612924691972,
        "count": 365
    },
    "1-11": {
        "mde": 0.18288455721990887,
        "count": 365
    },
    "1-2": {
        "mde": 0.08498399416418974,
        "count": 365
    },
    "1-3": {
        "mde": 0.0543189421680673,
        "count": 365
    },
    "1-4": {
        "mde": 0.019424636426945696,
        "count": 365
    },
    "1-5": {
        "mde": 0.02543364814520479,
        "count": 365
    },
    "1-6": {
        "mde": 0.04121271421128571,
        "count": 365
    },
    "1-7": {
        "mde": 0.024657534246575342,
        "count": 365
    },
    "1-8": {
        "mde": 0.05792048734482976,
        "count": 365
    },
    "1-9": {
        "mde": 0.035867724003997126,
        "count": 365
    },
    "10-1": {
        "mde": 0.16068222367957444,
        "count": 365
    },
    "10-11": {
        "mde": 0.016438356164383553,
        "count": 365
    },
    "11-1": {
        "mde": 0.04438356164383561,
        "count": 365
    },
    "11-10": {
        "mde": 0.0,
        "count": 365
    },
    "11-11": {
        "mde": 0.009863013698630132,
        "count": 365
    },
    "11-2": {
        "mde": 0.028397917709515746,
        "count": 365
    },
    "11-3": {
        "mde": 0.07397260273972603,
        "count": 365
    },
    "11-4": {
        "mde": 0.013150684931506852,
        "count": 365
    },
    "11-5": {
        "mde": 0.04438356164383561,
        "count": 365
    },
    "11-6": {
        "mde": 0.03594961500470432,
        "count": 365
    },
    "11-7": {
        "mde": 0.016438356164383564,
        "count": 365
    },
    "11-8": {
        "mde": 0.014794520547945207,
        "count": 365
    },
    "11-9": {
        "mde": 0.021581901706014185,
        "count": 365
    },
    "2-1": {
        "mde": 0.03686556351572757,
        "count": 365
    },
    "2-11": {
        "mde": 0.014794520547945203,
        "count": 365
    },
    "3-1": {
        "mde": 0.011853867207004895,
        "count": 365
    },
    "3-11": {
        "mde": 0.11048400419330627,
        "count": 365
    },
    "4-1": {
        "mde": 0.09937354824530326,
        "count": 365
    },
    "4-11": {
        "mde": 0.1282233351886169,
        "count": 365
    },
    "5-1": {
        "mde": 0.011506849315068492,
        "count": 365
    },
    "5-11": {
        "mde": 0.03278510450958766,
        "count": 365
    },
    "6-1": {
        "mde": 0.07397260273972603,
        "count": 365
    },
    "6-10": {
        "mde": 0.04131873355744348,
        "count": 365
    },
    "6-11": {
        "mde": 0.04309498635941885,
        "count": 365
    },
    "6-2": {
        "mde": 0.09335331949818526,
        "count": 365
    },
    "6-3": {
        "mde": 0.05395570096136016,
        "count": 365
    },
    "6-4": {
        "mde": 0.008485935879728844,
        "count": 365
    },
    "6-5": {
        "mde": 0.04196092580227481,
        "count": 365
    },
    "6-6": {
        "mde": 0.12970980297451942,
        "count": 365
    },
    "6-7": {
        "mde": 0.07866557798905965,
        "count": 365
    },
    "6-8": {
        "mde": 0.265514498001202,
        "count": 365
    },
    "6-9": {
        "mde": 0.020992322653592892,
        "count": 365
    },
    "7-1": {
        "mde": 0.025544097571238357,
        "count": 365
    },
    "7-11": {
        "mde": 0.003287671232876713,
        "count": 365
    },
    "8-1": {
        "mde": 0.036552440510958545,
        "count": 365
    },
    "8-11": {
        "mde": 0.0032876712328767104,
        "count": 365
    },
    "9-1": {
        "mde": 0.03501462424067797,
        "count": 365
    },
    "9-11": {
        "mde": 0.019726027397260273,
        "count": 365
    }
}