{
    "1-1": {
        "mde": 0.04639761848889303,
        "count": 326
    },
    "1-10": {
        "mde": 0.016039466212488706,
        "count": 326
    },
    "1-11": {
        "mde": 0.07124350745984485,
        "count": 326
    },
    "1-2": {
        "mde": 0.04009238731145904,
        "count": 326
    },
    "1-3": {
        "mde": 0.01755208170045195,
        "count": 326
    },
    "1-4": {
        "mde": 0.016863087718101313,
        "count": 326
    },
    "1-5": {
        "mde": 0.016461850141102748,
        "count": 326
    },
    "1-6": {
        "mde": 0.0018404907975460125,
        "count": 326
    },
    "1-7": {
        "mde": 0.02778960646673519,
        "count": 326
    },
    "1-8": {
        "mde": 0.022085889570552145,
        "count": 326
    },
    "1-9": {
        "mde": 0.016746661681459118,
        "count": 326
    },
    "10-1": {
        "mde": 0.051485274774865544,
        "count": 326
    },
    "10-11": {
        "mde": 0.007361963190184045,
        "count": 326
    },
    "11-1": {
        "mde": 0.018404907975460117,
        "count": 326
    },
    "11-10": {
        "mde": 0.0,
        "count": 326
    },
    "11-11": {
        "mde": 0.0036809815950920224,
        "count": 326
    },
    "11-2": {
        "mde": 0.0018404907975460123,
        "count": 326
    },
    "11-3": {
        "mde": 0.0036809815950920245,
        "count": 326
    },
    "11-4": {
        "mde": 0.009501124527917263,
        "count": 326
    },
    "11-5": {
        "mde": 0.011042944785276076,
        "count": 326
    },
    "11-6": {
        "mde": 0.016564417177914112,
        "count": 326
    },
    "11-7": {
        "mde": 0.023926380368098157,
        "count": 326
    },
    "11-8": {
        "mde": 0.005521472392638038,
        "count": 326
    },
    "11-9": {
        "mde": 0.018839388915643785,
        "count": 326
    },
    "2-1": {
        "mde": 0.04292862942393269,
        "count": 326
    },
    "2-11": {
        "mde": 0.019298063878966692,
        "count": 326
    },
    "3-1": {
        "mde": 0.003680981595092025,
        "count": 326
    },
    "3-11": {
        "mde": 0.02222887220330718,
        "count": 326
    },
    "4-1": {
        "mde": 0.013592327865891726,
        "count": 326
    },
    "4-11": {
        "mde": 0.02320040112048587,
        "count": 326
    },
    "5-1": {
        "mde": 0.0,
        "count": 326
    },
    "5-11": {
        "mde": 0.019167264225226556,
        "count": 326
    },
    "6-1": {
        "mde": 0.04754162925431651,
        "count": 326
    },
    "6-10": {
        "mde": 0.04336054899289856,
        "count": 326
    },
    "6-11": {
        "mde": 0.020245398773006136,
        "count": 326
    },
    "6-2": {
        "mde": 0.024379529910249057,
        "count": 326
    },
    "6-3": {
        "mde": 0.0018404907975460123,
        "count": 326
    },
    "6-4": {
        "mde": 0.0,
        "count": 326
    },
    "6-5": {
        "mde": 0.010731813303396258,
        "count": 326
    },
    "6-6": {
        "mde": 0.03753879396510026,
        "count": 326
    },
    "6-7": {
        "mde": 0.060103585093498356,
        "count": 326
    },
    "6-8": {
        "mde": 0.057104047009330264,
        "count": 326
    },
    "6-9": {
        "mde": 0.02936746063017215,
        "count": 326
    },
    "7-1": {
        "mde": 0.012346387605827062,
        "count": 326
    },
    "7-11": {
        "mde": 0.03389119060559466,
        "count": 326
    },
    "8-1": {
        "mde": 0.04322729996411989,
        "count": 326
    },
    "8-11": {
        "mde": 0.014408148082354952,
        "count": 326
    },
    "9-1": {
        "mde": 0.04645188759800232,
        "count": 326
    },
    "9-11": {
        "mde": 0.016564417177914112,
        "count": 326
    }
}