{
    "1-1": {
        "mde": 0.07039844019474403,
        "count": 366
    },
    "1-10": {
        "mde": 0.03415933465080545,
        "count": 366
    },
    "1-11": {
        "mde": 0.09962349117093279,
        "count": 366
    },
    "1-2": {
        "mde": 0.03346592387274278,
        "count": 366
    },
    "1-3": {
        "mde": 0.06642580174697245,
        "count": 366
    },
    "1-4": {
        "mde": 0.07317755824311493,
        "count": 366
    },
    "1-5": {
        "mde": 0.031056183459015018,
        "count": 366
    },
    "1-6": {
        "mde": 0.0049180327868852455,
        "count": 366
    },
    "1-7": {
        "mde": 0.0455251305151951,
        "count": 366
    },
    "1-8": {
        "mde": 0.013114754098360656,
        "count": 366
    },
    "1-9": {
        "mde": 0.07523143544645093,
        "count": 366
    },
    "10-1": {
        "mde": 0.020059127831966873,
        "count": 366
    },
    "10-11": {
        "mde": 0.014916425432119315,
        "count": 366
    },
    "11-1": {
        "mde": 0.014916425432119318,
        "count": 366
    },
    "11-10": {
        "mde": 0.02238828565490554,
        "count": 366
    },
    "11-11": {
        "mde": 0.003278688524590162,
        "count": 366
    },
    "11-2": {
        "mde": 0.07483534037192174,
        "count": 366
    },
    "11-3": {
        "mde": 0.011475409836065575,
        "count": 366
    },
    "11-4": {
        "mde": 0.05264694831927693,
        "count": 366
    },
    "11-5": {
        "mde": 0.00819672131147541,
        "count": 366
    },
    "11-6": {
        "mde": 0.05409836065573772,
        "count": 366
    },
    "11-7": {
        "mde": 0.05081967213114755,
        "count": 366
    },
    "11-8": {
        "mde": 0.027868852459016397,
        "count": 366
    },
    "11-9": {
        "mde": 0.03973125897950785,
        "count": 366
    },
    "2-1": {
        "mde": 0.11298561860264844,
        "count": 366
    },
    "2-11": {
        "mde": 0.03947626713910788,
        "count": 366
    },
    "3-1": {
        "mde": 0.01255222008113505,
        "count": 366
    },
    "3-11": {
        "mde": 0.04114561342489414,
        "count": 366
    },
    "4-1": {
        "mde": 0.024574944397702445,
        "count": 366
    },
    "4-11": {
        "mde": 0.03934426229508197,
        "count": 366
    },
    "5-1": {
        "mde": 0.008875759938316548,
        "count": 366
    },
    "5-11": {
        "mde": 0.016659471574046524,
        "count": 366
    },
    "6-1": {
        "mde": 0.08524590163934427,
        "count": 366
    },
    "6-10": {
        "mde": 0.055503134862048865,
        "count": 366
    },
    "6-11": {
        "mde": 0.03114754098360656,
        "count": 366
    },
    "6-2": {
        "mde": 0.048593916894436824,
        "count": 366
    },
    "6-3": {
        "mde": 0.023932388096746224,
        "count": 366
    },
    "6-4": {
        "mde": 0.0032786885245901644,
        "count": 366
    },
    "6-5": {
        "mde": 0.047241442568193806,
        "count": 366
    },
    "6-6": {
        "mde": 0.10406130575647078,
        "count": 366
    },
    "6-7": {
        "mde": 0.032578698919046856,
        "count": 366
    },
    "6-8": {
        "mde": 0.02163612955276323,
        "count": 366
    },
    "6-9": {
        "mde": 0.018357441028173067,
        "count": 366
    },
    "7-1": {
        "mde": 0.06065573770491803,
        "count": 366
    },
    "7-11": {
        "mde": 0.10568309990830772,
        "count": 366
    },
    "8-1": {
        "mde": 0.04426229508196722,
        "count": 366
    },
    "8-11": {
        "mde": 0.017386149631908182,
        "count": 366
    },
    "9-1": {
        "mde": 0.03301989446513271,
        "count": 366
    },
    "9-11": {
        "mde": 0.028500270175630338,
        "count": 366
    }
}