{
    "1-1": {
        "mde": 0.012980769230769231,
        "count": 416
    },
    "1-10": {
        "mde": 0.18335487968568714,
        "count": 416
    },
    "1-11": {
        "mde": 0.07577979696423752,
        "count": 416
    },
    "1-2": {
        "mde": 0.030548567145431176,
        "count": 416
    },
    "1-3": {
        "mde": 0.06055631447462279,
        "count": 416
    },
    "1-4": {
        "mde": 0.02506136666788413,
        "count": 416
    },
    "1-5": {
        "mde": 0.026542967650143537,
        "count": 416
    },
    "1-6": {
        "mde": 0.06807011588390643,
        "count": 416
    },
    "1-7": {
        "mde": 0.10045004633811054,
        "count": 416
    },
    "1-8": {
        "mde": 0.02740384615384616,
        "count": 416
    },
    "1-9": {
        "mde": 0.016348683881383518,
        "count": 416
    },
    "10-1": {
        "mde": 0.08909721801292805,
        "count": 416
    },
    "10-11": {
        "mde": 0.014423076923076934,
        "count": 416
    },
    "11-1": {
        "mde": 0.02307692307692307,
        "count": 416
    },
    "11-10": {
        "mde": 0.023776848135921,
        "count": 416
    },
    "11-11": {
        "mde": 0.049340441411969055,
        "count": 416
    },
    "11-2": {
        "mde": 0.18662429115805232,
        "count": 416
    },
    "11-3": {
        "mde": 0.05514817496754777,
        "count": 416
    },
    "11-4": {
        "mde": 0.005769230769230768,
        "count": 416
    },
    "11-5": {
        "mde": 0.016125490222354252,
        "count": 416
    },
    "11-6": {
        "mde": 0.007211538461538463,
        "count": 416
    },
    "11-7": {
        "mde": 0.012980769230769231,
        "count": 416
    },
    "11-8": {
        "mde": 0.014525578574805974,
        "count": 416
    },
    "11-9": {
        "mde": 0.025466616705998625,
        "count": 416
    },
    "2-1": {
        "mde": 0.13572232139758683,
        "count": 416
    },
    "2-11": {
        "mde": 0.019771447979566394,
        "count": 416
    },
    "3-1": {
        "mde": 0.046355539232179055,
        "count": 416
    },
    "3-11": {
        "mde": 0.054059855214471944,
        "count": 416
    },
    "4-1": {
        "mde": 0.01929211960391693,
        "count": 416
    },
    "4-11": {
        "mde": 0.0220681198265564,
        "count": 416
    },
    "5-1": {
        "mde": 0.00576923076923077,
        "count": 416
    },
    "5-11": {
        "mde": 0.04030423833172955,
        "count": 416
    },
    "6-1": {
        "mde": 0.0903180279112692,
        "count": 416
    },
    "6-10": {
        "mde": 0.012006570173562632,
        "count": 416
    },
    "6-11": {
        "mde": 0.018749999999999996,
        "count": 416
    },
    "6-2": {
        "mde": 0.034601978055165246,
        "count": 416
    },
    "6-3": {
        "mde": 0.2942129696894432,
        "count": 416
    },
    "6-4": {
        "mde": 0.10764741946607276,
        "count": 416
    },
    "6-5": {
        "mde": 0.08238511578549118,
        "count": 416
    },
    "6-6": {
        "mde": 0.14050284279305314,
        "count": 416
    },
    "6-7": {
        "mde": 0.1979741929425955,
        "count": 416
    },
    "6-8": {
        "mde": 0.040828165620475976,
        "count": 416
    },
    "6-9": {
        "mde": 0.08586256054490844,
        "count": 416
    },
    "7-1": {
        "mde": 0.43761607593965063,
        "count": 416
    },
    "7-11": {
        "mde": 0.028846153846153848,
        "count": 416
    },
    "8-1": {
        "mde": 0.04237762805403067,
        "count": 416
    },
    "8-11": {
        "mde": 0.020496782525376893,
        "count": 416
    },
    "9-1": {
        "mde": 0.1448199359299092,
        "count": 416
    },
    "9-11": {
        "mde": 0.043269230769230775,
        "count": 416
    }
}