{
    "1-1": {
        "mde": 0.03134328358208955,
        "count": 402
    },
    "1-10": {
        "mde": 0.05035616978165069,
        "count": 402
    },
    "1-11": {
        "mde": 0.00298507462686567,
        "count": 402
    },
    "1-2": {
        "mde": 0.036545196080953087,
        "count": 402
    },
    "1-3": {
        "mde": 0.0014925373134328358,
        "count": 402
    },
    "1-4": {
        "mde": 0.034328358208955224,
        "count": 402
    },
    "1-5": {
        "mde": 0.034919519484136026,
        "count": 402
    },
    "1-6": {
        "mde": 0.0,
        "count": 402
    },
    "1-7": {
        "mde": 0.005970149253731344,
        "count": 402
    },
    "1-8": {
        "mde": 0.05441206211969365,
        "count": 402
    },
    "1-9": {
        "mde": 0.0479168387863739,
        "count": 402
    },
    "10-1": {
        "mde": 0.09840682669207201,
        "count": 402
    },
    "10-11": {
        "mde": 0.03283582089552238,
        "count": 402
    },
    "11-1": {
        "mde": 0.04750888342514223,
        "count": 402
    },
    "11-10": {
        "mde": 0.03529486423045813,
        "count": 402
    },
    "11-11": {
        "mde": 0.011940298507462683,
        "count": 402
    },
    "11-2": {
        "mde": 0.028148293815571386,
        "count": 402
    },
    "11-3": {
        "mde": 0.04179104477611941,
        "count": 402
    },
    "11-4": {
        "mde": 0.008955223880597015,
        "count": 402
    },
    "11-5": {
        "mde": 0.19495986269192173,
        "count": 402
    },
    "11-6": {
        "mde": 0.08371524574555317,
        "count": 402
    },
    "11-7": {
        "mde": 0.034879577428138776,
        "count": 402
    },
    "11-8": {
        "mde": 0.08457000565625464,
        "count": 402
    },
    "11-9": {
        "mde": 0.07385586229454306,
        "count": 402
    },
    "2-1": {
        "mde": 0.09609526000064329,
        "count": 402
    },
    "2-11": {
        "mde": 0.2558563303033584,
        "count": 402
    },
    "3-1": {
        "mde": 0.08858339588903125,
        "count": 402
    },
    "3-11": {
        "mde": 0.038941541268212775,
        "count": 402
    },
    "4-1": {
        "mde": 0.17640427222122876,
        "count": 402
    },
    "4-11": {
        "mde": 0.0606052459175266,
        "count": 402
    },
    "5-1": {
        "mde": 0.0036033038244374558,
        "count": 402
    },
    "5-11": {
        "mde": 0.09670544832074321,
        "count": 402
    },
    "6-1": {
        "mde": 0.06268656716417911,
        "count": 402
    },
    "6-10": {
        "mde": 0.040298507462686546,
        "count": 402
    },
    "6-11": {
        "mde": 0.029850746268656712,
        "count": 402
    },
    "6-2": {
        "mde": 0.02775983848473254,
        "count": 402
    },
    "6-3": {
        "mde": 0.02280311497630847,
        "count": 402
    },
    "6-4": {
        "mde": 0.04637472807741115,
        "count": 402
    },
    "6-5": {
        "mde": 0.10149253731343282,
        "count": 402
    },
    "6-6": {
        "mde": 0.06449160106313216,
        "count": 402
    },
    "6-7": {
        "mde": 0.0374612231546161,
        "count": 402
    },
    "6-8": {
        "mde": 0.16144233310677072,
        "count": 402
    },
    "6-9": {
        "mde": 0.05579268157318228,
        "count": 402
    },
    "7-1": {
        "mde": 0.12905885069871878,
        "count": 402
    },
    "7-11": {
        "mde": 0.002985074626865672,
        "count": 402
    },
    "8-1": {
        "mde": 0.056432592081455714,
        "count": 402
    },
    "8-11": {
        "mde": 0.010447761194029853,
        "count": 402
    },
    "9-1": {
        "mde": 0.02926201682905073,
        "count": 402
    },
    "9-11": {
        "mde": 0.03344017663774278,
        "count": 402
    }
}