{
    "1-1": {
        "mde": 0.004326923076923076,
        "count": 416
    },
    "1-10": {
        "mde": 0.03461538461538462,
        "count": 416
    },
    "1-11": {
        "mde": 0.12570504003087046,
        "count": 416
    },
    "1-2": {
        "mde": 0.008640439593626783,
        "count": 416
    },
    "1-3": {
        "mde": 0.020192307692307693,
        "count": 416
    },
    "1-4": {
        "mde": 0.03629174662524286,
        "count": 416
    },
    "1-5": {
        "mde": 0.004326923076923077,
        "count": 416
    },
    "1-6": {
        "mde": 0.030859727963035297,
        "count": 416
    },
    "1-7": {
        "mde": 0.0627191558282287,
        "count": 416
    },
    "1-8": {
        "mde": 0.055898646262103495,
        "count": 416
    },
    "1-9": {
        "mde": 0.04615384615384613,
        "count": 416
    },
    "10-1": {
        "mde": 0.03672525106718389,
        "count": 416
    },
    "10-11": {
        "mde": 0.0667137028787582,
        "count": 416
    },
    "11-1": {
        "mde": 0.13557692307692307,
        "count": 416
    },
    "11-10": {
        "mde": 0.00984869296838393,
        "count": 416
    },
    "11-11": {
        "mde": 0.04615384615384616,
        "count": 416
    },
    "11-2": {
        "mde": 0.06748055132767601,
        "count": 416
    },
    "11-3": {
        "mde": 0.058247833856444005,
        "count": 416
    },
    "11-4": {
        "mde": 0.01586538461538461,
        "count": 416
    },
    "11-5": {
        "mde": 0.002884615384615384,
        "count": 416
    },
    "11-6": {
        "mde": 0.041826923076923074,
        "count": 416
    },
    "11-7": {
        "mde": 0.18749999999999994,
        "count": 416
    },
    "11-8": {
        "mde": 0.1467466343683611,
        "count": 416
    },
    "11-9": {
        "mde": 0.010096153846153845,
        "count": 416
    },
    "2-1": {
        "mde": 0.023090560302389908,
        "count": 416
    },
    "2-11": {
        "mde": 0.020873273012018627,
        "count": 416
    },
    "3-1": {
        "mde": 0.03868348664354441,
        "count": 416
    },
    "3-11": {
        "mde": 0.005769230769230769,
        "count": 416
    },
    "4-1": {
        "mde": 0.036262695611150406,
        "count": 416
    },
    "4-11": {
        "mde": 0.034783458018909,
        "count": 416
    },
    "5-1": {
        "mde": 0.10519865065127179,
        "count": 416
    },
    "5-11": {
        "mde": 0.1825311035845641,
        "count": 416
    },
    "6-1": {
        "mde": 0.04192942472865213,
        "count": 416
    },
    "6-10": {
        "mde": 0.057616344118298864,
        "count": 416
    },
    "6-11": {
        "mde": 0.1543269230769231,
        "count": 416
    },
    "6-2": {
        "mde": 0.009251269561115041,
        "count": 416
    },
    "6-3": {
        "mde": 0.3773281650850708,
        "count": 416
    },
    "6-4": {
        "mde": 0.007211538461538463,
        "count": 416
    },
    "6-5": {
        "mde": 0.09865835226552816,
        "count": 416
    },
    "6-6": {
        "mde": 0.17433010464586499,
        "count": 416
    },
    "6-7": {
        "mde": 0.14987554965164931,
        "count": 416
    },
    "6-8": {
        "mde": 0.028887967676006064,
        "count": 416
    },
    "6-9": {
        "mde": 0.17163013907044647,
        "count": 416
    },
    "7-1": {
        "mde": 0.430193503056456,
        "count": 416
    },
    "7-11": {
        "mde": 0.025961538461538456,
        "count": 416
    },
    "8-1": {
        "mde": 0.029719545108842282,
        "count": 416
    },
    "8-11": {
        "mde": 0.009209372317982457,
        "count": 416
    },
    "9-1": {
        "mde": 0.043683013640865125,
        "count": 416
    },
    "9-11": {
        "mde": 0.0210804419796114,
        "count": 416
    }
}