{
    "1-1": {
        "mde": 0.09195979899497486,
        "count": 398
    },
    "1-10": {
        "mde": 0.05132921394484808,
        "count": 398
    },
    "1-11": {
        "mde": 0.05148958714707512,
        "count": 398
    },
    "1-2": {
        "mde": 0.004522613065326633,
        "count": 398
    },
    "1-3": {
        "mde": 0.05172696927013448,
        "count": 398
    },
    "1-4": {
        "mde": 0.1727721878524583,
        "count": 398
    },
    "1-5": {
        "mde": 0.05125628140703517,
        "count": 398
    },
    "1-6": {
        "mde": 0.08743718592964823,
        "count": 398
    },
    "1-7": {
        "mde": 0.07268005409687635,
        "count": 398
    },
    "1-8": {
        "mde": 0.04294497434247005,
        "count": 398
    },
    "1-9": {
        "mde": 0.026431849022529867,
        "count": 398
    },
    "10-1": {
        "mde": 0.0826559202885621,
        "count": 398
    },
    "10-11": {
        "mde": 0.012304941196233736,
        "count": 398
    },
    "11-1": {
        "mde": 0.08198768563889625,
        "count": 398
    },
    "11-10": {
        "mde": 0.01206030150753769,
        "count": 398
    },
    "11-11": {
        "mde": 0.02110552763819095,
        "count": 398
    },
    "11-2": {
        "mde": 0.07506042686596305,
        "count": 398
    },
    "11-3": {
        "mde": 0.14531373231923658,
        "count": 398
    },
    "11-4": {
        "mde": 0.07647425436385608,
        "count": 398
    },
    "11-5": {
        "mde": 0.040703517587939705,
        "count": 398
    },
    "11-6": {
        "mde": 0.04522613065326634,
        "count": 398
    },
    "11-7": {
        "mde": 0.012060301507537686,
        "count": 398
    },
    "11-8": {
        "mde": 0.016582914572864326,
        "count": 398
    },
    "11-9": {
        "mde": 0.021105527638190947,
        "count": 398
    },
    "2-1": {
        "mde": 0.2149741678684119,
        "count": 398
    },
    "2-11": {
        "mde": 0.11306532663316583,
        "count": 398
    },
    "3-1": {
        "mde": 0.09110396611960894,
        "count": 398
    },
    "3-11": {
        "mde": 0.06413989069449706,
        "count": 398
    },
    "4-1": {
        "mde": 0.14012961521946266,
        "count": 398
    },
    "4-11": {
        "mde": 0.07966494000559583,
        "count": 398
    },
    "5-1": {
        "mde": 0.5004952175657547,
        "count": 398
    },
    "5-11": {
        "mde": 0.03729793445025452,
        "count": 398
    },
    "6-1": {
        "mde": 0.009045226130653266,
        "count": 398
    },
    "6-10": {
        "mde": 0.024193910317901083,
        "count": 398
    },
    "6-11": {
        "mde": 0.07390415955242365,
        "count": 398
    },
    "6-2": {
        "mde": 0.0848851293307014,
        "count": 398
    },
    "6-3": {
        "mde": 0.019597989949748745,
        "count": 398
    },
    "6-4": {
        "mde": 0.14019079832414125,
        "count": 398
    },
    "6-5": {
        "mde": 0.06173978520672807,
        "count": 398
    },
    "6-6": {
        "mde": 0.0529982327960857,
        "count": 398
    },
    "6-7": {
        "mde": 0.06191618263095299,
        "count": 398
    },
    "6-8": {
        "mde": 0.19133153957860474,
        "count": 398
    },
    "6-9": {
        "mde": 0.08902697733723415,
        "count": 398
    },
    "7-1": {
        "mde": 0.0815141725807017,
        "count": 398
    },
    "7-11": {
        "mde": 0.0036395179332257715,
        "count": 398
    },
    "8-1": {
        "mde": 0.4487352724071917,
        "count": 398
    },
    "8-11": {
        "mde": 0.06688413619877656,
        "count": 398
    },
    "9-1": {
        "mde": 0.11042596521858727,
        "count": 398
    },
    "9-11": {
        "mde": 0.003370956749999683,
        "count": 398
    }
}