{
    "1-1": {
        "mde": 0.31103474535791625,
        "count": 386
    },
    "1-10": {
        "mde": 0.047275979630631765,
        "count": 386
    },
    "1-11": {
        "mde": 0.05658516720844484,
        "count": 386
    },
    "1-2": {
        "mde": 0.027068725744621394,
        "count": 386
    },
    "1-3": {
        "mde": 0.05110463671512617,
        "count": 386
    },
    "1-4": {
        "mde": 0.05404325741290006,
        "count": 386
    },
    "1-5": {
        "mde": 0.07927461139896372,
        "count": 386
    },
    "1-6": {
        "mde": 0.04196891191709845,
        "count": 386
    },
    "1-7": {
        "mde": 0.03745961582423749,
        "count": 386
    },
    "1-8": {
        "mde": 0.06062176165803109,
        "count": 386
    },
    "1-9": {
        "mde": 0.1856238807833681,
        "count": 386
    },
    "10-1": {
        "mde": 0.12938248908419658,
        "count": 386
    },
    "10-11": {
        "mde": 0.0310880829015544,
        "count": 386
    },
    "11-1": {
        "mde": 0.39478151067135325,
        "count": 386
    },
    "11-10": {
        "mde": 0.016565058418900068,
        "count": 386
    },
    "11-11": {
        "mde": 0.0,
        "count": 386
    },
    "11-2": {
        "mde": 0.010981080469812403,
        "count": 386
    },
    "11-3": {
        "mde": 0.06683937823834196,
        "count": 386
    },
    "11-4": {
        "mde": 0.23648285678418712,
        "count": 386
    },
    "11-5": {
        "mde": 0.060621761658031084,
        "count": 386
    },
    "11-6": {
        "mde": 0.06528497409326425,
        "count": 386
    },
    "11-7": {
        "mde": 0.502380371544848,
        "count": 386
    },
    "11-8": {
        "mde": 0.015544041450777198,
        "count": 386
    },
    "11-9": {
        "mde": 0.0,
        "count": 386
    },
    "2-1": {
        "mde": 0.16657347736160832,
        "count": 386
    },
    "2-11": {
        "mde": 0.08937920377632623,
        "count": 386
    },
    "3-1": {
        "mde": 0.017586075387022945,
        "count": 386
    },
    "3-11": {
        "mde": 0.08045272453411716,
        "count": 386
    },
    "4-1": {
        "mde": 0.08612311986126339,
        "count": 386
    },
    "4-11": {
        "mde": 0.11007770024827766,
        "count": 386
    },
    "5-1": {
        "mde": 0.02968759509884888,
        "count": 386
    },
    "5-11": {
        "mde": 0.36056432351299883,
        "count": 386
    },
    "6-1": {
        "mde": 0.22716394138403775,
        "count": 386
    },
    "6-10": {
        "mde": 0.029447054782382114,
        "count": 386
    },
    "6-11": {
        "mde": 0.02642487046632124,
        "count": 386
    },
    "6-2": {
        "mde": 0.030090910060682263,
        "count": 386
    },
    "6-3": {
        "mde": 0.006217616580310881,
        "count": 386
    },
    "6-4": {
        "mde": 0.046939709983055335,
        "count": 386
    },
    "6-5": {
        "mde": 0.007772020725388601,
        "count": 386
    },
    "6-6": {
        "mde": 0.033038104562170406,
        "count": 386
    },
    "6-7": {
        "mde": 0.11164915850204486,
        "count": 386
    },
    "6-8": {
        "mde": 0.0591101114033498,
        "count": 386
    },
    "6-9": {
        "mde": 0.09897621532830177,
        "count": 386
    },
    "7-1": {
        "mde": 0.09651173261583518,
        "count": 386
    },
    "7-11": {
        "mde": 0.024693807539957528,
        "count": 386
    },
    "8-1": {
        "mde": 0.0077720207253885966,
        "count": 386
    },
    "8-11": {
        "mde": 0.05724625977939823,
        "count": 386
    },
    "9-1": {
        "mde": 0.09596635621885549,
        "count": 386
    },
    "9-11": {
        "mde": 0.04035853373915696,
        "count": 386
    }
}