{
    "1-1": {
        "mde": 0.013150684931506848,
        "count": 365
    },
    "1-10": {
        "mde": 0.09817929527176378,
        "count": 365
    },
    "1-11": {
        "mde": 0.14302300957635258,
        "count": 365
    },
    "1-2": {
        "mde": 0.013150684931506848,
        "count": 365
    },
    "1-3": {
        "mde": 0.019726027397260277,
        "count": 365
    },
    "1-4": {
        "mde": 0.034301668683657784,
        "count": 365
    },
    "1-5": {
        "mde": 0.17416340295190935,
        "count": 365
    },
    "1-6": {
        "mde": 0.22834151182770332,
        "count": 365
    },
    "1-7": {
        "mde": 0.257988331725813,
        "count": 365
    },
    "1-8": {
        "mde": 0.013150684931506852,
        "count": 365
    },
    "1-9": {
        "mde": 0.07068493150684929,
        "count": 365
    },
    "10-1": {
        "mde": 0.1596565299951894,
        "count": 365
    },
    "10-11": {
        "mde": 0.11113597536980827,
        "count": 365
    },
    "11-1": {
        "mde": 0.13315068493150684,
        "count": 365
    },
    "11-10": {
        "mde": 0.003968570239517415,
        "count": 365
    },
    "11-11": {
        "mde": 0.07262521625342293,
        "count": 365
    },
    "11-2": {
        "mde": 0.04412226467037515,
        "count": 365
    },
    "11-3": {
        "mde": 0.18457688424240312,
        "count": 365
    },
    "11-4": {
        "mde": 0.006575342465753426,
        "count": 365
    },
    "11-5": {
        "mde": 0.00821917808219178,
        "count": 365
    },
    "11-6": {
        "mde": 0.12784163772208604,
        "count": 365
    },
    "11-7": {
        "mde": 0.04919313540110552,
        "count": 365
    },
    "11-8": {
        "mde": 0.1906144670255596,
        "count": 365
    },
    "11-9": {
        "mde": 0.08570532654416829,
        "count": 365
    },
    "2-1": {
        "mde": 0.025569696140215557,
        "count": 365
    },
    "2-11": {
        "mde": 0.02381397202274817,
        "count": 365
    },
    "3-1": {
        "mde": 0.005926933603502447,
        "count": 365
    },
    "3-11": {
        "mde": 0.033223730220703525,
        "count": 365
    },
    "4-1": {
        "mde": 0.10855536789282944,
        "count": 365
    },
    "4-11": {
        "mde": 0.04527762719132438,
        "count": 365
    },
    "5-1": {
        "mde": 0.03364228466841368,
        "count": 365
    },
    "5-11": {
        "mde": 0.040813852807801955,
        "count": 365
    },
    "6-1": {
        "mde": 0.13441698018783946,
        "count": 365
    },
    "6-10": {
        "mde": 0.05004279238927679,
        "count": 365
    },
    "6-11": {
        "mde": 0.07072827349789552,
        "count": 365
    },
    "6-2": {
        "mde": 0.12547919304861227,
        "count": 365
    },
    "6-3": {
        "mde": 0.06339118126800351,
        "count": 365
    },
    "6-4": {
        "mde": 0.13049616132679645,
        "count": 365
    },
    "6-5": {
        "mde": 0.031395648515494985,
        "count": 365
    },
    "6-6": {
        "mde": 0.08547945205479453,
        "count": 365
    },
    "6-7": {
        "mde": 0.04602739726027397,
        "count": 365
    },
    "6-8": {
        "mde": 0.3654199640251592,
        "count": 365
    },
    "6-9": {
        "mde": 0.0409048223244918,
        "count": 365
    },
    "7-1": {
        "mde": 0.07102416932238144,
        "count": 365
    },
    "7-11": {
        "mde": 0.13827329751648706,
        "count": 365
    },
    "8-1": {
        "mde": 0.02136986301369863,
        "count": 365
    },
    "8-11": {
        "mde": 0.0,
        "count": 365
    },
    "9-1": {
        "mde": 0.04572600628995938,
        "count": 365
    },
    "9-11": {
        "mde": 0.03287671232876712,
        "count": 365
    }
}