{
    "1-1": {
        "mde": 0.0791044776119403,
        "count": 402
    },
    "1-10": {
        "mde": 2.3408522969720265,
        "count": 402
    },
    "1-11": {
        "mde": 2.565027446631835,
        "count": 402
    },
    "1-2": {
        "mde": 0.10297798257466709,
        "count": 402
    },
    "1-3": {
        "mde": 0.010447761194029853,
        "count": 402
    },
    "1-4": {
        "mde": 0.12210186446870604,
        "count": 402
    },
    "1-5": {
        "mde": 1.7474856999022714,
        "count": 402
    },
    "1-6": {
        "mde": 0.07328211867700415,
        "count": 402
    },
    "1-7": {
        "mde": 0.06027636538378285,
        "count": 402
    },
    "1-8": {
        "mde": 0.6839070927906002,
        "count": 402
    },
    "1-9": {
        "mde": 0.2801141597865026,
        "count": 402
    },
    "10-1": {
        "mde": 0.820283062111853,
        "count": 402
    },
    "10-11": {
        "mde": 0.41625465915503734,
        "count": 402
    },
    "11-1": {
        "mde": 0.7674823931874573,
        "count": 402
    },
    "11-10": {
        "mde": 0.31925297751733095,
        "count": 402
    },
    "11-11": {
        "mde": 0.09104477611940294,
        "count": 402
    },
    "11-2": {
        "mde": 0.23485329606272692,
        "count": 402
    },
    "11-3": {
        "mde": 0.11969178433581397,
        "count": 402
    },
    "11-4": {
        "mde": 0.03021289654793923,
        "count": 402
    },
    "11-5": {
        "mde": 0.25965166012881324,
        "count": 402
    },
    "11-6": {
        "mde": 0.5087781653108402,
        "count": 402
    },
    "11-7": {
        "mde": 0.8050072459955477,
        "count": 402
    },
    "11-8": {
        "mde": 0.5639267938729033,
        "count": 402
    },
    "11-9": {
        "mde": 0.34776119402985084,
        "count": 402
    },
    "2-1": {
        "mde": 0.3550021899327134,
        "count": 402
    },
    "2-11": {
        "mde": 1.5629052441063567,
        "count": 402
    },
    "3-1": {
        "mde": 0.16161424793949047,
        "count": 402
    },
    "3-11": {
        "mde": 0.8111965401040833,
        "count": 402
    },
    "4-1": {
        "mde": 1.1080726882176093,
        "count": 402
    },
    "4-11": {
        "mde": 0.4506676595851053,
        "count": 402
    },
    "5-1": {
        "mde": 0.0861863623472895,
        "count": 402
    },
    "5-11": {
        "mde": 0.0422361511661896,
        "count": 402
    },
    "6-1": {
        "mde": 0.23134328358208955,
        "count": 402
    },
    "6-10": {
        "mde": 0.533571894929493,
        "count": 402
    },
    "6-11": {
        "mde": 0.08507462686567165,
        "count": 402
    },
    "6-2": {
        "mde": 0.23979130783702335,
        "count": 402
    },
    "6-3": {
        "mde": 1.1003104342190022,
        "count": 402
    },
    "6-4": {
        "mde": 0.13134328358208952,
        "count": 402
    },
    "6-5": {
        "mde": 0.4490014207385751,
        "count": 402
    },
    "6-6": {
        "mde": 0.5791044776119403,
        "count": 402
    },
    "6-7": {
        "mde": 2.662899613458543,
        "count": 402
    },
    "6-8": {
        "mde": 0.46258980317320075,
        "count": 402
    },
    "6-9": {
        "mde": 0.37837915284323,
        "count": 402
    },
    "7-1": {
        "mde": 0.2669081001861884,
        "count": 402
    },
    "7-11": {
        "mde": 0.6402985074626864,
        "count": 402
    },
    "8-1": {
        "mde": 0.13134328358208958,
        "count": 402
    },
    "8-11": {
        "mde": 0.2526830487999217,
        "count": 402
    },
    "9-1": {
        "mde": 0.3366218373988739,
        "count": 402
    },
    "9-11": {
        "mde": 0.06200805682013537,
        "count": 402
    }
}