{
    "1-1": {
        "mde": 3.245103607368044,
        "count": 386
    },
    "1-10": {
        "mde": 0.030554695724599557,
        "count": 386
    },
    "1-11": {
        "mde": 0.22248878507024614,
        "count": 386
    },
    "1-2": {
        "mde": 0.2866630090271652,
        "count": 386
    },
    "1-3": {
        "mde": 0.09971708419624022,
        "count": 386
    },
    "1-4": {
        "mde": 0.0880556123948293,
        "count": 386
    },
    "1-5": {
        "mde": 0.2561927980100948,
        "count": 386
    },
    "1-6": {
        "mde": 0.023316062176165803,
        "count": 386
    },
    "1-7": {
        "mde": 0.15704902723594544,
        "count": 386
    },
    "1-8": {
        "mde": 0.11942635009561446,
        "count": 386
    },
    "1-9": {
        "mde": 0.11943447553520707,
        "count": 386
    },
    "10-1": {
        "mde": 0.28298419055162954,
        "count": 386
    },
    "10-11": {
        "mde": 0.06644969075668236,
        "count": 386
    },
    "11-1": {
        "mde": 0.47393090407244737,
        "count": 386
    },
    "11-10": {
        "mde": 0.6657569024319452,
        "count": 386
    },
    "11-11": {
        "mde": 0.004663212435233158,
        "count": 386
    },
    "11-2": {
        "mde": 0.019265019205721375,
        "count": 386
    },
    "11-3": {
        "mde": 0.1927461139896373,
        "count": 386
    },
    "11-4": {
        "mde": 0.039489510384384974,
        "count": 386
    },
    "11-5": {
        "mde": 0.08257477558386166,
        "count": 386
    },
    "11-6": {
        "mde": 0.17875647668393782,
        "count": 386
    },
    "11-7": {
        "mde": 1.0989637305699487,
        "count": 386
    },
    "11-8": {
        "mde": 0.13418324661192244,
        "count": 386
    },
    "11-9": {
        "mde": 0.057250184292505654,
        "count": 386
    },
    "2-1": {
        "mde": 0.16150549154315524,
        "count": 386
    },
    "2-11": {
        "mde": 0.020141063206069662,
        "count": 386
    },
    "3-1": {
        "mde": 0.0317597068202127,
        "count": 386
    },
    "3-11": {
        "mde": 0.16856132867174367,
        "count": 386
    },
    "4-1": {
        "mde": 0.24784730011253853,
        "count": 386
    },
    "4-11": {
        "mde": 0.08758125848638369,
        "count": 386
    },
    "5-1": {
        "mde": 0.009326424870466319,
        "count": 386
    },
    "5-11": {
        "mde": 0.12429855935148236,
        "count": 386
    },
    "6-1": {
        "mde": 0.7403559017735549,
        "count": 386
    },
    "6-10": {
        "mde": 0.24765704438019412,
        "count": 386
    },
    "6-11": {
        "mde": 0.04041450777202073,
        "count": 386
    },
    "6-2": {
        "mde": 2.3750744431981397,
        "count": 386
    },
    "6-3": {
        "mde": 0.07461139896373058,
        "count": 386
    },
    "6-4": {
        "mde": 0.015544041450777202,
        "count": 386
    },
    "6-5": {
        "mde": 0.5865436794156385,
        "count": 386
    },
    "6-6": {
        "mde": 1.2109868679566933,
        "count": 386
    },
    "6-7": {
        "mde": 0.6403836356398135,
        "count": 386
    },
    "6-8": {
        "mde": 0.48806192231539663,
        "count": 386
    },
    "6-9": {
        "mde": 0.035679657186949335,
        "count": 386
    },
    "7-1": {
        "mde": 0.04818652849740932,
        "count": 386
    },
    "7-11": {
        "mde": 0.24281804824545236,
        "count": 386
    },
    "8-1": {
        "mde": 0.2536733986134348,
        "count": 386
    },
    "8-11": {
        "mde": 0.08596964112336569,
        "count": 386
    },
    "9-1": {
        "mde": 0.07419182077998408,
        "count": 386
    },
    "9-11": {
        "mde": 0.1459935037700807,
        "count": 386
    }
}