{
    "1-1": {
        "mde": 0.04038461538461538,
        "count": 416
    },
    "1-10": {
        "mde": 0.23371625793747627,
        "count": 416
    },
    "1-11": {
        "mde": 0.32509728749177697,
        "count": 416
    },
    "1-2": {
        "mde": 0.33669793745320425,
        "count": 416
    },
    "1-3": {
        "mde": 0.5726986554978828,
        "count": 416
    },
    "1-4": {
        "mde": 0.04145982907858911,
        "count": 416
    },
    "1-5": {
        "mde": 0.46706656114903483,
        "count": 416
    },
    "1-6": {
        "mde": 0.4552290078497272,
        "count": 416
    },
    "1-7": {
        "mde": 4.779856703383181,
        "count": 416
    },
    "1-8": {
        "mde": 0.8281702485969024,
        "count": 416
    },
    "1-9": {
        "mde": 0.2668110594746627,
        "count": 416
    },
    "10-1": {
        "mde": 0.3748503524666656,
        "count": 416
    },
    "10-11": {
        "mde": 0.10496279919302912,
        "count": 416
    },
    "11-1": {
        "mde": 0.3383133511967327,
        "count": 416
    },
    "11-10": {
        "mde": 0.53967355516775,
        "count": 416
    },
    "11-11": {
        "mde": 0.14395131991567162,
        "count": 416
    },
    "11-2": {
        "mde": 1.0787892086482997,
        "count": 416
    },
    "11-3": {
        "mde": 0.9600707933743687,
        "count": 416
    },
    "11-4": {
        "mde": 0.3432692307692307,
        "count": 416
    },
    "11-5": {
        "mde": 0.16586538461538458,
        "count": 416
    },
    "11-6": {
        "mde": 0.11538461538461539,
        "count": 416
    },
    "11-7": {
        "mde": 0.7354832937989606,
        "count": 416
    },
    "11-8": {
        "mde": 1.1475303390133667,
        "count": 416
    },
    "11-9": {
        "mde": 0.22269644454417392,
        "count": 416
    },
    "2-1": {
        "mde": 0.2026216287458933,
        "count": 416
    },
    "2-11": {
        "mde": 0.1393222323353332,
        "count": 416
    },
    "3-1": {
        "mde": 0.09299670844686901,
        "count": 416
    },
    "3-11": {
        "mde": 0.7462423388470115,
        "count": 416
    },
    "4-1": {
        "mde": 0.6457397872071043,
        "count": 416
    },
    "4-11": {
        "mde": 0.3637871143216309,
        "count": 416
    },
    "5-1": {
        "mde": 0.9470703268000479,
        "count": 416
    },
    "5-11": {
        "mde": 0.510496546024037,
        "count": 416
    },
    "6-1": {
        "mde": 0.6253506028007743,
        "count": 416
    },
    "6-10": {
        "mde": 0.017775800942793397,
        "count": 416
    },
    "6-11": {
        "mde": 0.2899038461538461,
        "count": 416
    },
    "6-2": {
        "mde": 0.39341911984923783,
        "count": 416
    },
    "6-3": {
        "mde": 1.0366858811521547,
        "count": 416
    },
    "6-4": {
        "mde": 1.553920910779521,
        "count": 416
    },
    "6-5": {
        "mde": 0.2730409503258048,
        "count": 416
    },
    "6-6": {
        "mde": 2.0881045237348617,
        "count": 416
    },
    "6-7": {
        "mde": 0.14561167431850325,
        "count": 416
    },
    "6-8": {
        "mde": 0.11081387292525766,
        "count": 416
    },
    "6-9": {
        "mde": 0.16307348077295966,
        "count": 416
    },
    "7-1": {
        "mde": 1.342468280247818,
        "count": 416
    },
    "7-11": {
        "mde": 0.08798076923076924,
        "count": 416
    },
    "8-1": {
        "mde": 0.2899038461538462,
        "count": 416
    },
    "8-11": {
        "mde": 0.07654746463364576,
        "count": 416
    },
    "9-1": {
        "mde": 0.6140266165626234,
        "count": 416
    },
    "9-11": {
        "mde": 0.04943323359682618,
        "count": 416
    }
}