{
    "1-1": {
        "mde": 0.01959798994974874,
        "count": 398
    },
    "1-10": {
        "mde": 0.1112570152050333,
        "count": 398
    },
    "1-11": {
        "mde": 2.603376448172101,
        "count": 398
    },
    "1-2": {
        "mde": 0.007537688442211055,
        "count": 398
    },
    "1-3": {
        "mde": 0.08922418775538543,
        "count": 398
    },
    "1-4": {
        "mde": 0.13446539672875674,
        "count": 398
    },
    "1-5": {
        "mde": 0.03678862950366761,
        "count": 398
    },
    "1-6": {
        "mde": 0.006030150753768844,
        "count": 398
    },
    "1-7": {
        "mde": 0.04538308757356711,
        "count": 398
    },
    "1-8": {
        "mde": 0.20519430858816115,
        "count": 398
    },
    "1-9": {
        "mde": 0.04624550946279144,
        "count": 398
    },
    "10-1": {
        "mde": 0.608769855979607,
        "count": 398
    },
    "10-11": {
        "mde": 0.11476039159393092,
        "count": 398
    },
    "11-1": {
        "mde": 0.21504665601823475,
        "count": 398
    },
    "11-10": {
        "mde": 0.03478050423899318,
        "count": 398
    },
    "11-11": {
        "mde": 0.013567839195979899,
        "count": 398
    },
    "11-2": {
        "mde": 0.190028860374414,
        "count": 398
    },
    "11-3": {
        "mde": 0.0360968923266319,
        "count": 398
    },
    "11-4": {
        "mde": 0.27670468713663754,
        "count": 398
    },
    "11-5": {
        "mde": 0.5443458731612536,
        "count": 398
    },
    "11-6": {
        "mde": 0.09648241206030152,
        "count": 398
    },
    "11-7": {
        "mde": 0.02261306532663316,
        "count": 398
    },
    "11-8": {
        "mde": 0.3316582914572865,
        "count": 398
    },
    "11-9": {
        "mde": 0.004263960489567121,
        "count": 398
    },
    "2-1": {
        "mde": 0.19296482412060303,
        "count": 398
    },
    "2-11": {
        "mde": 0.5347709691670509,
        "count": 398
    },
    "3-1": {
        "mde": 1.1199901962961523,
        "count": 398
    },
    "3-11": {
        "mde": 0.4083050239002913,
        "count": 398
    },
    "4-1": {
        "mde": 0.32929867372908533,
        "count": 398
    },
    "4-11": {
        "mde": 0.01658291457286432,
        "count": 398
    },
    "5-1": {
        "mde": 0.031843877827564315,
        "count": 398
    },
    "5-11": {
        "mde": 0.1406470276441708,
        "count": 398
    },
    "6-1": {
        "mde": 0.09798994974874374,
        "count": 398
    },
    "6-10": {
        "mde": 0.23691313795658364,
        "count": 398
    },
    "6-11": {
        "mde": 0.02986469800387938,
        "count": 398
    },
    "6-2": {
        "mde": 0.008406770687248453,
        "count": 398
    },
    "6-3": {
        "mde": 0.03919597989949749,
        "count": 398
    },
    "6-4": {
        "mde": 0.17612706315805823,
        "count": 398
    },
    "6-5": {
        "mde": 0.10460075096552937,
        "count": 398
    },
    "6-6": {
        "mde": 0.08027582655535737,
        "count": 398
    },
    "6-7": {
        "mde": 1.2440546087875066,
        "count": 398
    },
    "6-8": {
        "mde": 1.112825385168526,
        "count": 398
    },
    "6-9": {
        "mde": 0.5792476500137886,
        "count": 398
    },
    "7-1": {
        "mde": 0.012060301507537686,
        "count": 398
    },
    "7-11": {
        "mde": 0.0030150753768844224,
        "count": 398
    },
    "8-1": {
        "mde": 0.09981573248883617,
        "count": 398
    },
    "8-11": {
        "mde": 0.004522613065326633,
        "count": 398
    },
    "9-1": {
        "mde": 0.5321608040201006,
        "count": 398
    },
    "9-11": {
        "mde": 0.059602961392832506,
        "count": 398
    }
}