{
    "1-1": {
        "mde": 0.30575342465753425,
        "count": 365
    },
    "1-10": {
        "mde": 0.21503813559403281,
        "count": 365
    },
    "1-11": {
        "mde": 2.2188570687279943,
        "count": 365
    },
    "1-2": {
        "mde": 0.6537993239364787,
        "count": 365
    },
    "1-3": {
        "mde": 0.5084159363093033,
        "count": 365
    },
    "1-4": {
        "mde": 0.5991914976849968,
        "count": 365
    },
    "1-5": {
        "mde": 0.0166407215763578,
        "count": 365
    },
    "1-6": {
        "mde": 1.0963708969815926,
        "count": 365
    },
    "1-7": {
        "mde": 1.4864772493875136,
        "count": 365
    },
    "1-8": {
        "mde": 1.081096925034741,
        "count": 365
    },
    "1-9": {
        "mde": 0.04216845343972361,
        "count": 365
    },
    "10-1": {
        "mde": 0.257098562427769,
        "count": 365
    },
    "10-11": {
        "mde": 0.23912411110443685,
        "count": 365
    },
    "11-1": {
        "mde": 0.3698630136986301,
        "count": 365
    },
    "11-10": {
        "mde": 0.24873486328600222,
        "count": 365
    },
    "11-11": {
        "mde": 0.04273972602739724,
        "count": 365
    },
    "11-2": {
        "mde": 0.14527930530492367,
        "count": 365
    },
    "11-3": {
        "mde": 1.1443651963091563,
        "count": 365
    },
    "11-4": {
        "mde": 0.18108867560575623,
        "count": 365
    },
    "11-5": {
        "mde": 0.20876712328767125,
        "count": 365
    },
    "11-6": {
        "mde": 0.4492263410700191,
        "count": 365
    },
    "11-7": {
        "mde": 0.5981326580151024,
        "count": 365
    },
    "11-8": {
        "mde": 1.010958904109589,
        "count": 365
    },
    "11-9": {
        "mde": 0.3458168563946276,
        "count": 365
    },
    "2-1": {
        "mde": 0.04413754447599505,
        "count": 365
    },
    "2-11": {
        "mde": 0.11506849315068492,
        "count": 365
    },
    "3-1": {
        "mde": 0.07290456755758098,
        "count": 365
    },
    "3-11": {
        "mde": 0.8057203905829495,
        "count": 365
    },
    "4-1": {
        "mde": 0.5347669251924025,
        "count": 365
    },
    "4-11": {
        "mde": 0.0558904109589041,
        "count": 365
    },
    "5-1": {
        "mde": 0.11081788530801057,
        "count": 365
    },
    "5-11": {
        "mde": 0.40789946583273373,
        "count": 365
    },
    "6-1": {
        "mde": 0.4013632387629897,
        "count": 365
    },
    "6-10": {
        "mde": 0.08755464370981281,
        "count": 365
    },
    "6-11": {
        "mde": 0.07758150325979368,
        "count": 365
    },
    "6-2": {
        "mde": 0.5422717473661626,
        "count": 365
    },
    "6-3": {
        "mde": 0.20915518023698598,
        "count": 365
    },
    "6-4": {
        "mde": 1.4741663338948792,
        "count": 365
    },
    "6-5": {
        "mde": 0.1670473961947616,
        "count": 365
    },
    "6-6": {
        "mde": 0.04830438050487864,
        "count": 365
    },
    "6-7": {
        "mde": 0.5937575212604679,
        "count": 365
    },
    "6-8": {
        "mde": 0.24049351961581794,
        "count": 365
    },
    "6-9": {
        "mde": 0.0867866295878733,
        "count": 365
    },
    "7-1": {
        "mde": 0.2734582787433804,
        "count": 365
    },
    "7-11": {
        "mde": 0.290958904109589,
        "count": 365
    },
    "8-1": {
        "mde": 0.3055646771805588,
        "count": 365
    },
    "8-11": {
        "mde": 0.08054794520547941,
        "count": 365
    },
    "9-1": {
        "mde": 0.2268220392525136,
        "count": 365
    },
    "9-11": {
        "mde": 0.07198430295180241,
        "count": 365
    }
}