{
    "1-1": {
        "mde": 0.36613218471828607,
        "count": 416
    },
    "1-10": {
        "mde": 2.9217457523250627,
        "count": 416
    },
    "1-11": {
        "mde": 1.3102775048534723,
        "count": 416
    },
    "1-2": {
        "mde": 0.9979314070302424,
        "count": 416
    },
    "1-3": {
        "mde": 1.17169127647384,
        "count": 416
    },
    "1-4": {
        "mde": 1.3482055933999852,
        "count": 416
    },
    "1-5": {
        "mde": 1.8995986074046496,
        "count": 416
    },
    "1-6": {
        "mde": 3.8406413369404353,
        "count": 416
    },
    "1-7": {
        "mde": 3.822342168732418,
        "count": 416
    },
    "1-8": {
        "mde": 2.8474121748610193,
        "count": 416
    },
    "1-9": {
        "mde": 0.9587764874642937,
        "count": 416
    },
    "10-1": {
        "mde": 1.1201823672032465,
        "count": 416
    },
    "10-11": {
        "mde": 1.8901300177016624,
        "count": 416
    },
    "11-1": {
        "mde": 1.1078361796763103,
        "count": 416
    },
    "11-10": {
        "mde": 0.9769488839232754,
        "count": 416
    },
    "11-11": {
        "mde": 1.8305789994832011,
        "count": 416
    },
    "11-2": {
        "mde": 0.9742458135616648,
        "count": 416
    },
    "11-3": {
        "mde": 0.26284048265985543,
        "count": 416
    },
    "11-4": {
        "mde": 0.031730769230769236,
        "count": 416
    },
    "11-5": {
        "mde": 0.7283653846153845,
        "count": 416
    },
    "11-6": {
        "mde": 0.94211255628921,
        "count": 416
    },
    "11-7": {
        "mde": 1.0577425194234198,
        "count": 416
    },
    "11-8": {
        "mde": 2.1403418083610357,
        "count": 416
    },
    "11-9": {
        "mde": 0.3063147167325443,
        "count": 416
    },
    "2-1": {
        "mde": 2.4543385947004897,
        "count": 416
    },
    "2-11": {
        "mde": 1.2988795233161936,
        "count": 416
    },
    "3-1": {
        "mde": 0.18966122190864296,
        "count": 416
    },
    "3-11": {
        "mde": 2.097984905692826,
        "count": 416
    },
    "4-1": {
        "mde": 2.424503349989749,
        "count": 416
    },
    "4-11": {
        "mde": 2.2467417738250033,
        "count": 416
    },
    "5-1": {
        "mde": 2.4656990849552005,
        "count": 416
    },
    "5-11": {
        "mde": 0.23470436894697252,
        "count": 416
    },
    "6-1": {
        "mde": 2.7271012495252855,
        "count": 416
    },
    "6-10": {
        "mde": 1.470872794887194,
        "count": 416
    },
    "6-11": {
        "mde": 1.5724010178276717,
        "count": 416
    },
    "6-2": {
        "mde": 0.9892311819035519,
        "count": 416
    },
    "6-3": {
        "mde": 0.7554726356333556,
        "count": 416
    },
    "6-4": {
        "mde": 2.5323529243892744,
        "count": 416
    },
    "6-5": {
        "mde": 2.3020374134388217,
        "count": 416
    },
    "6-6": {
        "mde": 2.11888918970998,
        "count": 416
    },
    "6-7": {
        "mde": 1.894111768481711,
        "count": 416
    },
    "6-8": {
        "mde": 2.47847233433334,
        "count": 416
    },
    "6-9": {
        "mde": 1.5821817033768037,
        "count": 416
    },
    "7-1": {
        "mde": 2.440841795678448,
        "count": 416
    },
    "7-11": {
        "mde": 0.12011654070790928,
        "count": 416
    },
    "8-1": {
        "mde": 0.23653846153846153,
        "count": 416
    },
    "8-11": {
        "mde": 1.1213923846157683,
        "count": 416
    },
    "9-1": {
        "mde": 1.3877407650118978,
        "count": 416
    },
    "9-11": {
        "mde": 1.2327156120305789,
        "count": 416
    }
}