{
    "1-1": {
        "mde": 0.5213518411291325,
        "count": 365
    },
    "1-10": {
        "mde": 1.314306331530647,
        "count": 365
    },
    "1-11": {
        "mde": 4.337508751446962,
        "count": 365
    },
    "1-2": {
        "mde": 0.09853732710814446,
        "count": 365
    },
    "1-3": {
        "mde": 0.5519316140271522,
        "count": 365
    },
    "1-4": {
        "mde": 2.3175622110228136,
        "count": 365
    },
    "1-5": {
        "mde": 1.906041121450073,
        "count": 365
    },
    "1-6": {
        "mde": 1.7819357126147277,
        "count": 365
    },
    "1-7": {
        "mde": 2.223112110936857,
        "count": 365
    },
    "1-8": {
        "mde": 3.267312005391068,
        "count": 365
    },
    "1-9": {
        "mde": 2.758800597773554,
        "count": 365
    },
    "10-1": {
        "mde": 0.36808153782681785,
        "count": 365
    },
    "10-11": {
        "mde": 1.4300991660405742,
        "count": 365
    },
    "11-1": {
        "mde": 0.19068493150684934,
        "count": 365
    },
    "11-10": {
        "mde": 0.36570426203648787,
        "count": 365
    },
    "11-11": {
        "mde": 1.0138501611084436,
        "count": 365
    },
    "11-2": {
        "mde": 1.027038422025358,
        "count": 365
    },
    "11-3": {
        "mde": 0.7236771389719938,
        "count": 365
    },
    "11-4": {
        "mde": 0.10849315068493151,
        "count": 365
    },
    "11-5": {
        "mde": 0.5317350180082184,
        "count": 365
    },
    "11-6": {
        "mde": 1.8213908748339454,
        "count": 365
    },
    "11-7": {
        "mde": 0.014794520547945207,
        "count": 365
    },
    "11-8": {
        "mde": 2.6573502981322856,
        "count": 365
    },
    "11-9": {
        "mde": 0.9324434175026437,
        "count": 365
    },
    "2-1": {
        "mde": 1.4217021903109501,
        "count": 365
    },
    "2-11": {
        "mde": 1.655350572286188,
        "count": 365
    },
    "3-1": {
        "mde": 0.2251696440902094,
        "count": 365
    },
    "3-11": {
        "mde": 0.44880526950407285,
        "count": 365
    },
    "4-1": {
        "mde": 1.1040587194840412,
        "count": 365
    },
    "4-11": {
        "mde": 0.17505612846327323,
        "count": 365
    },
    "5-1": {
        "mde": 0.437190548602293,
        "count": 365
    },
    "5-11": {
        "mde": 0.3068637590622809,
        "count": 365
    },
    "6-1": {
        "mde": 2.830806636644668,
        "count": 365
    },
    "6-10": {
        "mde": 0.2033664753708942,
        "count": 365
    },
    "6-11": {
        "mde": 1.09569636465668,
        "count": 365
    },
    "6-2": {
        "mde": 0.577124598108816,
        "count": 365
    },
    "6-3": {
        "mde": 1.7075616700983343,
        "count": 365
    },
    "6-4": {
        "mde": 2.6348712853330345,
        "count": 365
    },
    "6-5": {
        "mde": 2.9516559494929635,
        "count": 365
    },
    "6-6": {
        "mde": 2.421204823211296,
        "count": 365
    },
    "6-7": {
        "mde": 2.231828348318481,
        "count": 365
    },
    "6-8": {
        "mde": 2.6802967419121866,
        "count": 365
    },
    "6-9": {
        "mde": 2.0328400642440343,
        "count": 365
    },
    "7-1": {
        "mde": 0.4547106898042188,
        "count": 365
    },
    "7-11": {
        "mde": 1.6179174782397305,
        "count": 365
    },
    "8-1": {
        "mde": 0.3079543876526057,
        "count": 365
    },
    "8-11": {
        "mde": 0.13499166856301506,
        "count": 365
    },
    "9-1": {
        "mde": 1.3084607569655713,
        "count": 365
    },
    "9-11": {
        "mde": 1.111730773970196,
        "count": 365
    }
}