{
    "1-1": {
        "mde": 1.1245879937111485,
        "count": 402
    },
    "1-10": {
        "mde": 1.246743365656381,
        "count": 402
    },
    "1-11": {
        "mde": 5.211314240989547,
        "count": 402
    },
    "1-2": {
        "mde": 0.5388059701492538,
        "count": 402
    },
    "1-3": {
        "mde": 0.8978246783035113,
        "count": 402
    },
    "1-4": {
        "mde": 1.7791079365236817,
        "count": 402
    },
    "1-5": {
        "mde": 0.9293152749318615,
        "count": 402
    },
    "1-6": {
        "mde": 1.5290825264237191,
        "count": 402
    },
    "1-7": {
        "mde": 3.324079483539463,
        "count": 402
    },
    "1-8": {
        "mde": 1.8715796585445208,
        "count": 402
    },
    "1-9": {
        "mde": 3.664956253510253,
        "count": 402
    },
    "10-1": {
        "mde": 1.7021586353693903,
        "count": 402
    },
    "10-11": {
        "mde": 2.348930378731232,
        "count": 402
    },
    "11-1": {
        "mde": 0.2776119402985074,
        "count": 402
    },
    "11-10": {
        "mde": 1.4754966169944075,
        "count": 402
    },
    "11-11": {
        "mde": 0.27761194029850744,
        "count": 402
    },
    "11-2": {
        "mde": 1.265220628066975,
        "count": 402
    },
    "11-3": {
        "mde": 0.064531444742537,
        "count": 402
    },
    "11-4": {
        "mde": 0.2166826403921231,
        "count": 402
    },
    "11-5": {
        "mde": 0.9091340891617211,
        "count": 402
    },
    "11-6": {
        "mde": 1.3865671641791046,
        "count": 402
    },
    "11-7": {
        "mde": 0.759637410228977,
        "count": 402
    },
    "11-8": {
        "mde": 0.11400712882216454,
        "count": 402
    },
    "11-9": {
        "mde": 1.8532242358950468,
        "count": 402
    },
    "2-1": {
        "mde": 0.39115546451113803,
        "count": 402
    },
    "2-11": {
        "mde": 1.096882279678637,
        "count": 402
    },
    "3-1": {
        "mde": 0.4111144412504538,
        "count": 402
    },
    "3-11": {
        "mde": 0.662526256453957,
        "count": 402
    },
    "4-1": {
        "mde": 1.6443837998456594,
        "count": 402
    },
    "4-11": {
        "mde": 0.1686831684790334,
        "count": 402
    },
    "5-1": {
        "mde": 4.321201882473349,
        "count": 402
    },
    "5-11": {
        "mde": 0.40301067910446303,
        "count": 402
    },
    "6-1": {
        "mde": 2.318858975360029,
        "count": 402
    },
    "6-10": {
        "mde": 0.6189777313715035,
        "count": 402
    },
    "6-11": {
        "mde": 0.34061672154566625,
        "count": 402
    },
    "6-2": {
        "mde": 0.8743695354033063,
        "count": 402
    },
    "6-3": {
        "mde": 2.275315052807611,
        "count": 402
    },
    "6-4": {
        "mde": 1.0892273342734,
        "count": 402
    },
    "6-5": {
        "mde": 0.6954182936558707,
        "count": 402
    },
    "6-6": {
        "mde": 0.49321276561519684,
        "count": 402
    },
    "6-7": {
        "mde": 1.2569981991660066,
        "count": 402
    },
    "6-8": {
        "mde": 4.100256937428465,
        "count": 402
    },
    "6-9": {
        "mde": 1.2393126080638868,
        "count": 402
    },
    "7-1": {
        "mde": 0.5184165339727895,
        "count": 402
    },
    "7-11": {
        "mde": 0.22617407620484414,
        "count": 402
    },
    "8-1": {
        "mde": 0.3623807740167091,
        "count": 402
    },
    "8-11": {
        "mde": 0.2701139835425656,
        "count": 402
    },
    "9-1": {
        "mde": 0.6960889577526537,
        "count": 402
    },
    "9-11": {
        "mde": 0.635435937415069,
        "count": 402
    }
}