{
    "1-1": {
        "mde": 0.3577660271390285,
        "count": 398
    },
    "1-10": {
        "mde": 0.3950890525696543,
        "count": 398
    },
    "1-11": {
        "mde": 3.4125473087872433,
        "count": 398
    },
    "1-2": {
        "mde": 0.5698492462311556,
        "count": 398
    },
    "1-3": {
        "mde": 0.17795471068883206,
        "count": 398
    },
    "1-4": {
        "mde": 1.645260942397297,
        "count": 398
    },
    "1-5": {
        "mde": 1.2077372838495266,
        "count": 398
    },
    "1-6": {
        "mde": 1.5437185929648238,
        "count": 398
    },
    "1-7": {
        "mde": 1.1053051016167275,
        "count": 398
    },
    "1-8": {
        "mde": 1.5561274775641385,
        "count": 398
    },
    "1-9": {
        "mde": 1.2834711806252672,
        "count": 398
    },
    "10-1": {
        "mde": 0.10588431086300792,
        "count": 398
    },
    "10-11": {
        "mde": 0.33188282565596117,
        "count": 398
    },
    "11-1": {
        "mde": 0.26984924623115575,
        "count": 398
    },
    "11-10": {
        "mde": 0.2422286540365607,
        "count": 398
    },
    "11-11": {
        "mde": 0.4981001866190354,
        "count": 398
    },
    "11-2": {
        "mde": 1.1720770199309547,
        "count": 398
    },
    "11-3": {
        "mde": 0.46733668341708545,
        "count": 398
    },
    "11-4": {
        "mde": 0.04673366834170853,
        "count": 398
    },
    "11-5": {
        "mde": 2.173399232135853,
        "count": 398
    },
    "11-6": {
        "mde": 0.360699835958455,
        "count": 398
    },
    "11-7": {
        "mde": 0.33603079642617234,
        "count": 398
    },
    "11-8": {
        "mde": 0.2962203854540742,
        "count": 398
    },
    "11-9": {
        "mde": 0.3432241490253864,
        "count": 398
    },
    "2-1": {
        "mde": 2.4984343526753587,
        "count": 398
    },
    "2-11": {
        "mde": 2.759464696812442,
        "count": 398
    },
    "3-1": {
        "mde": 0.17106329571386672,
        "count": 398
    },
    "3-11": {
        "mde": 0.6224567550129584,
        "count": 398
    },
    "4-1": {
        "mde": 1.63923478610575,
        "count": 398
    },
    "4-11": {
        "mde": 0.15596697788830766,
        "count": 398
    },
    "5-1": {
        "mde": 1.1356904891004975,
        "count": 398
    },
    "5-11": {
        "mde": 2.6890924840386283,
        "count": 398
    },
    "6-1": {
        "mde": 1.0062620760163414,
        "count": 398
    },
    "6-10": {
        "mde": 1.53050109906219,
        "count": 398
    },
    "6-11": {
        "mde": 0.5334401472611352,
        "count": 398
    },
    "6-2": {
        "mde": 0.2114974593037883,
        "count": 398
    },
    "6-3": {
        "mde": 0.6043133919707757,
        "count": 398
    },
    "6-4": {
        "mde": 0.9467143763039982,
        "count": 398
    },
    "6-5": {
        "mde": 1.899813761509112,
        "count": 398
    },
    "6-6": {
        "mde": 1.4854201269424303,
        "count": 398
    },
    "6-7": {
        "mde": 2.956670284560443,
        "count": 398
    },
    "6-8": {
        "mde": 1.0121629297920791,
        "count": 398
    },
    "6-9": {
        "mde": 2.565493413743251,
        "count": 398
    },
    "7-1": {
        "mde": 1.4311076349051095,
        "count": 398
    },
    "7-11": {
        "mde": 0.06023731255664042,
        "count": 398
    },
    "8-1": {
        "mde": 2.470025161349855,
        "count": 398
    },
    "8-11": {
        "mde": 0.48211592485295895,
        "count": 398
    },
    "9-1": {
        "mde": 0.6817301496525888,
        "count": 398
    },
    "9-11": {
        "mde": 0.20269732286185072,
        "count": 398
    }
}