{
    "1-1": {
        "mde": 0.632388637612894,
        "count": 386
    },
    "1-10": {
        "mde": 2.1203636770317966,
        "count": 386
    },
    "1-11": {
        "mde": 1.5670657544123976,
        "count": 386
    },
    "1-2": {
        "mde": 0.36472153915528455,
        "count": 386
    },
    "1-3": {
        "mde": 0.36926967646793857,
        "count": 386
    },
    "1-4": {
        "mde": 1.5104871923661027,
        "count": 386
    },
    "1-5": {
        "mde": 0.47928438068065665,
        "count": 386
    },
    "1-6": {
        "mde": 1.9679413586413388,
        "count": 386
    },
    "1-7": {
        "mde": 1.128607893253235,
        "count": 386
    },
    "1-8": {
        "mde": 1.1858502879411623,
        "count": 386
    },
    "1-9": {
        "mde": 1.8620692209458871,
        "count": 386
    },
    "10-1": {
        "mde": 1.3242634120416008,
        "count": 386
    },
    "10-11": {
        "mde": 0.846767632349637,
        "count": 386
    },
    "11-1": {
        "mde": 0.4578463239190982,
        "count": 386
    },
    "11-10": {
        "mde": 0.17620241423905286,
        "count": 386
    },
    "11-11": {
        "mde": 1.1254511155996278,
        "count": 386
    },
    "11-2": {
        "mde": 0.07083599295636119,
        "count": 386
    },
    "11-3": {
        "mde": 0.5790938880887352,
        "count": 386
    },
    "11-4": {
        "mde": 1.0958619873080764,
        "count": 386
    },
    "11-5": {
        "mde": 0.6761658031088082,
        "count": 386
    },
    "11-6": {
        "mde": 0.5461945566950278,
        "count": 386
    },
    "11-7": {
        "mde": 1.1261440559146485,
        "count": 386
    },
    "11-8": {
        "mde": 1.0020453084634289,
        "count": 386
    },
    "11-9": {
        "mde": 0.7932098327344013,
        "count": 386
    },
    "2-1": {
        "mde": 1.4359079546154796,
        "count": 386
    },
    "2-11": {
        "mde": 3.3706321400150627,
        "count": 386
    },
    "3-1": {
        "mde": 1.293784505947302,
        "count": 386
    },
    "3-11": {
        "mde": 0.42391007171955,
        "count": 386
    },
    "4-1": {
        "mde": 1.0435872220508169,
        "count": 386
    },
    "4-11": {
        "mde": 0.46128174007815853,
        "count": 386
    },
    "5-1": {
        "mde": 0.9517914794500374,
        "count": 386
    },
    "5-11": {
        "mde": 1.0654111678776865,
        "count": 386
    },
    "6-1": {
        "mde": 0.13341598740131397,
        "count": 386
    },
    "6-10": {
        "mde": 1.6104598403832755,
        "count": 386
    },
    "6-11": {
        "mde": 0.5652775706575502,
        "count": 386
    },
    "6-2": {
        "mde": 0.6775938381362613,
        "count": 386
    },
    "6-3": {
        "mde": 0.5767839577712341,
        "count": 386
    },
    "6-4": {
        "mde": 0.5681179802215973,
        "count": 386
    },
    "6-5": {
        "mde": 1.2340369254976777,
        "count": 386
    },
    "6-6": {
        "mde": 1.1449057812391705,
        "count": 386
    },
    "6-7": {
        "mde": 0.6874982998758156,
        "count": 386
    },
    "6-8": {
        "mde": 1.457709279963049,
        "count": 386
    },
    "6-9": {
        "mde": 1.915568099153785,
        "count": 386
    },
    "7-1": {
        "mde": 0.6462024331905404,
        "count": 386
    },
    "7-11": {
        "mde": 1.7884011859473308,
        "count": 386
    },
    "8-1": {
        "mde": 1.632250171942057,
        "count": 386
    },
    "8-11": {
        "mde": 0.9263369026601775,
        "count": 386
    },
    "9-1": {
        "mde": 4.005043175241701,
        "count": 386
    },
    "9-11": {
        "mde": 0.5365196471968481,
        "count": 386
    }
}