{
    "1-1": {
        "mde": 0.5542373100141067,
        "count": 386
    },
    "1-10": {
        "mde": 0.04362356751644453,
        "count": 386
    },
    "1-11": {
        "mde": 0.26423334266676524,
        "count": 386
    },
    "1-2": {
        "mde": 0.05861809908429801,
        "count": 386
    },
    "1-3": {
        "mde": 0.3099663852706438,
        "count": 386
    },
    "1-4": {
        "mde": 0.26189663157591475,
        "count": 386
    },
    "1-5": {
        "mde": 0.15928311288341904,
        "count": 386
    },
    "1-6": {
        "mde": 0.031088082901554414,
        "count": 386
    },
    "1-7": {
        "mde": 0.02917667815689484,
        "count": 386
    },
    "1-8": {
        "mde": 0.04636935527696161,
        "count": 386
    },
    "1-9": {
        "mde": 0.6093514236782487,
        "count": 386
    },
    "10-1": {
        "mde": 0.16416286753057502,
        "count": 386
    },
    "10-11": {
        "mde": 0.04104010107778661,
        "count": 386
    },
    "11-1": {
        "mde": 1.0293722233874252,
        "count": 386
    },
    "11-10": {
        "mde": 0.10587466068218876,
        "count": 386
    },
    "11-11": {
        "mde": 0.013989637305699479,
        "count": 386
    },
    "11-2": {
        "mde": 0.02977652307592384,
        "count": 386
    },
    "11-3": {
        "mde": 0.05284974093264249,
        "count": 386
    },
    "11-4": {
        "mde": 0.05814236012531762,
        "count": 386
    },
    "11-5": {
        "mde": 0.03419689119170985,
        "count": 386
    },
    "11-6": {
        "mde": 0.024870466321243526,
        "count": 386
    },
    "11-7": {
        "mde": 0.51139896373057,
        "count": 386
    },
    "11-8": {
        "mde": 0.06469861647930124,
        "count": 386
    },
    "11-9": {
        "mde": 0.15772870873834127,
        "count": 386
    },
    "2-1": {
        "mde": 0.4754936089840372,
        "count": 386
    },
    "2-11": {
        "mde": 0.06353214311762431,
        "count": 386
    },
    "3-1": {
        "mde": 0.018299532178360646,
        "count": 386
    },
    "3-11": {
        "mde": 0.36914514909128365,
        "count": 386
    },
    "4-1": {
        "mde": 0.052362825839854736,
        "count": 386
    },
    "4-11": {
        "mde": 0.6314409112166518,
        "count": 386
    },
    "5-1": {
        "mde": 0.06823755689628755,
        "count": 386
    },
    "5-11": {
        "mde": 0.07528151019249374,
        "count": 386
    },
    "6-1": {
        "mde": 0.4585492227979275,
        "count": 386
    },
    "6-10": {
        "mde": 0.08658288198783286,
        "count": 386
    },
    "6-11": {
        "mde": 0.03575129533678756,
        "count": 386
    },
    "6-2": {
        "mde": 0.1685159380876162,
        "count": 386
    },
    "6-3": {
        "mde": 0.03730569948186528,
        "count": 386
    },
    "6-4": {
        "mde": 0.025565941796009926,
        "count": 386
    },
    "6-5": {
        "mde": 0.1507311525276167,
        "count": 386
    },
    "6-6": {
        "mde": 0.3469124367749809,
        "count": 386
    },
    "6-7": {
        "mde": 0.05764159978802833,
        "count": 386
    },
    "6-8": {
        "mde": 0.018905094808551882,
        "count": 386
    },
    "6-9": {
        "mde": 0.059157415909105004,
        "count": 386
    },
    "7-1": {
        "mde": 0.048315174917561994,
        "count": 386
    },
    "7-11": {
        "mde": 0.1656316308592291,
        "count": 386
    },
    "8-1": {
        "mde": 0.1538860103626943,
        "count": 386
    },
    "8-11": {
        "mde": 0.20984455958549225,
        "count": 386
    },
    "9-1": {
        "mde": 0.6599976897660966,
        "count": 386
    },
    "9-11": {
        "mde": 0.08142771731678944,
        "count": 386
    }
}