{
    "1-1": {
        "mde": 0.07232876712328767,
        "count": 365
    },
    "1-10": {
        "mde": 0.0606894055543955,
        "count": 365
    },
    "1-11": {
        "mde": 0.23071382285662134,
        "count": 365
    },
    "1-2": {
        "mde": 0.19530452001518903,
        "count": 365
    },
    "1-3": {
        "mde": 0.08722930701739065,
        "count": 365
    },
    "1-4": {
        "mde": 0.1907992049488951,
        "count": 365
    },
    "1-5": {
        "mde": 0.048075963700660806,
        "count": 365
    },
    "1-6": {
        "mde": 0.15139564851549497,
        "count": 365
    },
    "1-7": {
        "mde": 0.5672195674476732,
        "count": 365
    },
    "1-8": {
        "mde": 0.13031071862732674,
        "count": 365
    },
    "1-9": {
        "mde": 0.04294456733835305,
        "count": 365
    },
    "10-1": {
        "mde": 0.16069537916439963,
        "count": 365
    },
    "10-11": {
        "mde": 0.1400786507478489,
        "count": 365
    },
    "11-1": {
        "mde": 0.09863013698630137,
        "count": 365
    },
    "11-10": {
        "mde": 0.010543912705270846,
        "count": 365
    },
    "11-11": {
        "mde": 0.013150684931506847,
        "count": 365
    },
    "11-2": {
        "mde": 0.12937260693957672,
        "count": 365
    },
    "11-3": {
        "mde": 0.31825570072679016,
        "count": 365
    },
    "11-4": {
        "mde": 0.12568083965377924,
        "count": 365
    },
    "11-5": {
        "mde": 0.5178082191780822,
        "count": 365
    },
    "11-6": {
        "mde": 0.315094065777391,
        "count": 365
    },
    "11-7": {
        "mde": 0.11823423129151647,
        "count": 365
    },
    "11-8": {
        "mde": 0.11178082191780823,
        "count": 365
    },
    "11-9": {
        "mde": 0.09587212486493185,
        "count": 365
    },
    "2-1": {
        "mde": 0.2875045042536407,
        "count": 365
    },
    "2-11": {
        "mde": 0.029855798893427474,
        "count": 365
    },
    "3-1": {
        "mde": 0.0646397625537674,
        "count": 365
    },
    "3-11": {
        "mde": 0.19149714262267778,
        "count": 365
    },
    "4-1": {
        "mde": 0.22304094000974392,
        "count": 365
    },
    "4-11": {
        "mde": 0.09932417277017416,
        "count": 365
    },
    "5-1": {
        "mde": 0.012169519294410163,
        "count": 365
    },
    "5-11": {
        "mde": 0.2152125992597767,
        "count": 365
    },
    "6-1": {
        "mde": 0.2909655359018409,
        "count": 365
    },
    "6-10": {
        "mde": 0.053001601129511154,
        "count": 365
    },
    "6-11": {
        "mde": 0.1345166332518005,
        "count": 365
    },
    "6-2": {
        "mde": 0.30953367412990074,
        "count": 365
    },
    "6-3": {
        "mde": 0.10105008650136918,
        "count": 365
    },
    "6-4": {
        "mde": 0.00821917808219178,
        "count": 365
    },
    "6-5": {
        "mde": 0.05934085399494705,
        "count": 365
    },
    "6-6": {
        "mde": 0.014957292351111429,
        "count": 365
    },
    "6-7": {
        "mde": 0.6393295781332674,
        "count": 365
    },
    "6-8": {
        "mde": 0.1223474150965403,
        "count": 365
    },
    "6-9": {
        "mde": 0.2371930590070609,
        "count": 365
    },
    "7-1": {
        "mde": 0.058466398947049435,
        "count": 365
    },
    "7-11": {
        "mde": 0.024657534246575342,
        "count": 365
    },
    "8-1": {
        "mde": 0.1006620295520544,
        "count": 365
    },
    "8-11": {
        "mde": 0.0032876712328767104,
        "count": 365
    },
    "9-1": {
        "mde": 0.09355812082923035,
        "count": 365
    },
    "9-11": {
        "mde": 0.04398377375136287,
        "count": 365
    }
}