{
    "1-1": {
        "mde": 0.06030150753768844,
        "count": 398
    },
    "1-10": {
        "mde": 0.01537392818168679,
        "count": 398
    },
    "1-11": {
        "mde": 0.5673240170981239,
        "count": 398
    },
    "1-2": {
        "mde": 0.08026528746801903,
        "count": 398
    },
    "1-3": {
        "mde": 0.583637846862409,
        "count": 398
    },
    "1-4": {
        "mde": 0.08596300243847255,
        "count": 398
    },
    "1-5": {
        "mde": 0.08653737322226059,
        "count": 398
    },
    "1-6": {
        "mde": 0.06180904522613065,
        "count": 398
    },
    "1-7": {
        "mde": 0.03195288615533843,
        "count": 398
    },
    "1-8": {
        "mde": 0.36767224795428693,
        "count": 398
    },
    "1-9": {
        "mde": 0.03324925596379847,
        "count": 398
    },
    "10-1": {
        "mde": 0.12847305834759615,
        "count": 398
    },
    "10-11": {
        "mde": 0.05690928534938864,
        "count": 398
    },
    "11-1": {
        "mde": 0.1812574012044394,
        "count": 398
    },
    "11-10": {
        "mde": 0.09244907837236693,
        "count": 398
    },
    "11-11": {
        "mde": 0.0,
        "count": 398
    },
    "11-2": {
        "mde": 0.21929651901115732,
        "count": 398
    },
    "11-3": {
        "mde": 0.23350031731658039,
        "count": 398
    },
    "11-4": {
        "mde": 0.1728081676576839,
        "count": 398
    },
    "11-5": {
        "mde": 0.18090452261306536,
        "count": 398
    },
    "11-6": {
        "mde": 0.16432160804020102,
        "count": 398
    },
    "11-7": {
        "mde": 0.14170854271356786,
        "count": 398
    },
    "11-8": {
        "mde": 0.030150753768844227,
        "count": 398
    },
    "11-9": {
        "mde": 0.0760311232163973,
        "count": 398
    },
    "2-1": {
        "mde": 0.20050251256281407,
        "count": 398
    },
    "2-11": {
        "mde": 0.5289749411863748,
        "count": 398
    },
    "3-1": {
        "mde": 0.21431499144749003,
        "count": 398
    },
    "3-11": {
        "mde": 0.1865551207163757,
        "count": 398
    },
    "4-1": {
        "mde": 0.053968326442045224,
        "count": 398
    },
    "4-11": {
        "mde": 0.015075376884422113,
        "count": 398
    },
    "5-1": {
        "mde": 0.31903641855801834,
        "count": 398
    },
    "5-11": {
        "mde": 0.16950312284701527,
        "count": 398
    },
    "6-1": {
        "mde": 0.2804020100502513,
        "count": 398
    },
    "6-10": {
        "mde": 0.0616131522890786,
        "count": 398
    },
    "6-11": {
        "mde": 0.05786708262382085,
        "count": 398
    },
    "6-2": {
        "mde": 0.039493049051538665,
        "count": 398
    },
    "6-3": {
        "mde": 0.03441471425841135,
        "count": 398
    },
    "6-4": {
        "mde": 0.1863400270484382,
        "count": 398
    },
    "6-5": {
        "mde": 0.06402075968653122,
        "count": 398
    },
    "6-6": {
        "mde": 0.2943092716250645,
        "count": 398
    },
    "6-7": {
        "mde": 0.25313787656979586,
        "count": 398
    },
    "6-8": {
        "mde": 0.2022329485055804,
        "count": 398
    },
    "6-9": {
        "mde": 0.03233241788205191,
        "count": 398
    },
    "7-1": {
        "mde": 0.057286432160804014,
        "count": 398
    },
    "7-11": {
        "mde": 0.025369488127758074,
        "count": 398
    },
    "8-1": {
        "mde": 0.20400686731709058,
        "count": 398
    },
    "8-11": {
        "mde": 0.12390526012897429,
        "count": 398
    },
    "9-1": {
        "mde": 0.12142312122409678,
        "count": 398
    },
    "9-11": {
        "mde": 0.026967653999997464,
        "count": 398
    }
}