{
    "1-1": {
        "mde": 0.06567164179104477,
        "count": 402
    },
    "1-10": {
        "mde": 0.3240759221927906,
        "count": 402
    },
    "1-11": {
        "mde": 0.3405625699994764,
        "count": 402
    },
    "1-2": {
        "mde": 0.03166149766506929,
        "count": 402
    },
    "1-3": {
        "mde": 0.04925373134328359,
        "count": 402
    },
    "1-4": {
        "mde": 0.08900736863077473,
        "count": 402
    },
    "1-5": {
        "mde": 0.21340191326670332,
        "count": 402
    },
    "1-6": {
        "mde": 0.06541933118633628,
        "count": 402
    },
    "1-7": {
        "mde": 0.2479449337695786,
        "count": 402
    },
    "1-8": {
        "mde": 0.08953080034855991,
        "count": 402
    },
    "1-9": {
        "mde": 0.06510534810968428,
        "count": 402
    },
    "10-1": {
        "mde": 0.31100838687907034,
        "count": 402
    },
    "10-11": {
        "mde": 0.06454125475689446,
        "count": 402
    },
    "11-1": {
        "mde": 0.18082909615134848,
        "count": 402
    },
    "11-10": {
        "mde": 0.11138278341425412,
        "count": 402
    },
    "11-11": {
        "mde": 0.03283582089552238,
        "count": 402
    },
    "11-2": {
        "mde": 0.32892528426637935,
        "count": 402
    },
    "11-3": {
        "mde": 0.05497156999230642,
        "count": 402
    },
    "11-4": {
        "mde": 0.06901886669719298,
        "count": 402
    },
    "11-5": {
        "mde": 0.14340710825417646,
        "count": 402
    },
    "11-6": {
        "mde": 0.3207330979437837,
        "count": 402
    },
    "11-7": {
        "mde": 0.22440919683849891,
        "count": 402
    },
    "11-8": {
        "mde": 0.17164179104477612,
        "count": 402
    },
    "11-9": {
        "mde": 0.21004680381520885,
        "count": 402
    },
    "2-1": {
        "mde": 0.1585207407785218,
        "count": 402
    },
    "2-11": {
        "mde": 0.3603037149631572,
        "count": 402
    },
    "3-1": {
        "mde": 0.16997726561685536,
        "count": 402
    },
    "3-11": {
        "mde": 0.146539798954336,
        "count": 402
    },
    "4-1": {
        "mde": 0.3796776841580924,
        "count": 402
    },
    "4-11": {
        "mde": 0.18332601063394957,
        "count": 402
    },
    "5-1": {
        "mde": 0.13727021796138206,
        "count": 402
    },
    "5-11": {
        "mde": 0.11942216481745194,
        "count": 402
    },
    "6-1": {
        "mde": 0.058208955223880594,
        "count": 402
    },
    "6-10": {
        "mde": 0.23134007083559846,
        "count": 402
    },
    "6-11": {
        "mde": 0.025373134328358207,
        "count": 402
    },
    "6-2": {
        "mde": 0.08408041094675106,
        "count": 402
    },
    "6-3": {
        "mde": 0.31392980238745155,
        "count": 402
    },
    "6-4": {
        "mde": 0.1687496384302963,
        "count": 402
    },
    "6-5": {
        "mde": 0.09632790608263758,
        "count": 402
    },
    "6-6": {
        "mde": 0.0346777255705644,
        "count": 402
    },
    "6-7": {
        "mde": 0.3149442566330711,
        "count": 402
    },
    "6-8": {
        "mde": 0.11799456216497922,
        "count": 402
    },
    "6-9": {
        "mde": 0.04917298692512581,
        "count": 402
    },
    "7-1": {
        "mde": 0.1774956649236433,
        "count": 402
    },
    "7-11": {
        "mde": 0.014925373134328356,
        "count": 402
    },
    "8-1": {
        "mde": 0.057200828836323526,
        "count": 402
    },
    "8-11": {
        "mde": 0.01616559984305269,
        "count": 402
    },
    "9-1": {
        "mde": 0.29149337773096384,
        "count": 402
    },
    "9-11": {
        "mde": 0.10204067535017522,
        "count": 402
    }
}