{
    "1-1": {
        "mde": 0.03028846153846154,
        "count": 416
    },
    "1-10": {
        "mde": 0.017307692307692305,
        "count": 416
    },
    "1-11": {
        "mde": 0.10844915377211566,
        "count": 416
    },
    "1-2": {
        "mde": 0.025681245415821848,
        "count": 416
    },
    "1-3": {
        "mde": 0.1620018502056953,
        "count": 416
    },
    "1-4": {
        "mde": 0.09964865051780196,
        "count": 416
    },
    "1-5": {
        "mde": 0.030969426858172475,
        "count": 416
    },
    "1-6": {
        "mde": 0.6201727591099744,
        "count": 416
    },
    "1-7": {
        "mde": 0.6160663206349445,
        "count": 416
    },
    "1-8": {
        "mde": 0.15813415203191944,
        "count": 416
    },
    "1-9": {
        "mde": 0.08814256028522482,
        "count": 416
    },
    "10-1": {
        "mde": 0.2160815542705219,
        "count": 416
    },
    "10-11": {
        "mde": 0.06346153846153849,
        "count": 416
    },
    "11-1": {
        "mde": 0.21230298531557,
        "count": 416
    },
    "11-10": {
        "mde": 0.06908581000472833,
        "count": 416
    },
    "11-11": {
        "mde": 0.033173076923076916,
        "count": 416
    },
    "11-2": {
        "mde": 0.7057114446424158,
        "count": 416
    },
    "11-3": {
        "mde": 0.3966346153846155,
        "count": 416
    },
    "11-4": {
        "mde": 0.03773405431755054,
        "count": 416
    },
    "11-5": {
        "mde": 0.17019230769230764,
        "count": 416
    },
    "11-6": {
        "mde": 0.04759615384615385,
        "count": 416
    },
    "11-7": {
        "mde": 0.025961538461538456,
        "count": 416
    },
    "11-8": {
        "mde": 0.23758834912695845,
        "count": 416
    },
    "11-9": {
        "mde": 0.1745192307692308,
        "count": 416
    },
    "2-1": {
        "mde": 0.33607844367035394,
        "count": 416
    },
    "2-11": {
        "mde": 0.0728893717171811,
        "count": 416
    },
    "3-1": {
        "mde": 0.1302723000868381,
        "count": 416
    },
    "3-11": {
        "mde": 0.0616265928388985,
        "count": 416
    },
    "4-1": {
        "mde": 0.1286728895705718,
        "count": 416
    },
    "4-11": {
        "mde": 0.6352915712829496,
        "count": 416
    },
    "5-1": {
        "mde": 0.23578445863098174,
        "count": 416
    },
    "5-11": {
        "mde": 0.0851933329840627,
        "count": 416
    },
    "6-1": {
        "mde": 0.4965164534125449,
        "count": 416
    },
    "6-10": {
        "mde": 0.023545031712024163,
        "count": 416
    },
    "6-11": {
        "mde": 0.13846153846153844,
        "count": 416
    },
    "6-2": {
        "mde": 0.10201142605003538,
        "count": 416
    },
    "6-3": {
        "mde": 1.1171071677622058,
        "count": 416
    },
    "6-4": {
        "mde": 0.12114045588836322,
        "count": 416
    },
    "6-5": {
        "mde": 0.16513715995379413,
        "count": 416
    },
    "6-6": {
        "mde": 0.6309906604614183,
        "count": 416
    },
    "6-7": {
        "mde": 0.12001601329460766,
        "count": 416
    },
    "6-8": {
        "mde": 0.14000998930091046,
        "count": 416
    },
    "6-9": {
        "mde": 0.10995259013031852,
        "count": 416
    },
    "7-1": {
        "mde": 0.8601160118810504,
        "count": 416
    },
    "7-11": {
        "mde": 0.03894230769230769,
        "count": 416
    },
    "8-1": {
        "mde": 0.20936866970216597,
        "count": 416
    },
    "8-11": {
        "mde": 0.04374858049990539,
        "count": 416
    },
    "9-1": {
        "mde": 0.3182963023118307,
        "count": 416
    },
    "9-11": {
        "mde": 0.015534129251349532,
        "count": 416
    }
}