{
    "1-1": {
        "mde": 0.003015075376884422,
        "count": 398
    },
    "1-10": {
        "mde": 0.006741913499999365,
        "count": 398
    },
    "1-11": {
        "mde": 0.09201032398955868,
        "count": 398
    },
    "1-2": {
        "mde": 0.007903478422792891,
        "count": 398
    },
    "1-3": {
        "mde": 0.03367098616747624,
        "count": 398
    },
    "1-4": {
        "mde": 0.02178956267042301,
        "count": 398
    },
    "1-5": {
        "mde": 0.025628140703517585,
        "count": 398
    },
    "1-6": {
        "mde": 0.028643216080402007,
        "count": 398
    },
    "1-7": {
        "mde": 0.03919597989949749,
        "count": 398
    },
    "1-8": {
        "mde": 0.03389974821181679,
        "count": 398
    },
    "1-9": {
        "mde": 0.012565458529285287,
        "count": 398
    },
    "10-1": {
        "mde": 0.04256693664949717,
        "count": 398
    },
    "10-11": {
        "mde": 0.03804511488310841,
        "count": 398
    },
    "11-1": {
        "mde": 0.04044867119825924,
        "count": 398
    },
    "11-10": {
        "mde": 0.019597989949748745,
        "count": 398
    },
    "11-11": {
        "mde": 0.0,
        "count": 398
    },
    "11-2": {
        "mde": 0.08466675024145985,
        "count": 398
    },
    "11-3": {
        "mde": 0.07874784117211026,
        "count": 398
    },
    "11-4": {
        "mde": 0.025628140703517596,
        "count": 398
    },
    "11-5": {
        "mde": 0.025752908337132993,
        "count": 398
    },
    "11-6": {
        "mde": 0.04522613065326633,
        "count": 398
    },
    "11-7": {
        "mde": 0.018090452261306525,
        "count": 398
    },
    "11-8": {
        "mde": 0.022613065326633167,
        "count": 398
    },
    "11-9": {
        "mde": 0.017831799685547017,
        "count": 398
    },
    "2-1": {
        "mde": 0.016582914572864323,
        "count": 398
    },
    "2-11": {
        "mde": 0.11151673454677422,
        "count": 398
    },
    "3-1": {
        "mde": 0.004522613065326634,
        "count": 398
    },
    "3-11": {
        "mde": 0.01840869731295675,
        "count": 398
    },
    "4-1": {
        "mde": 0.013567839195979902,
        "count": 398
    },
    "4-11": {
        "mde": 0.01182153656225695,
        "count": 398
    },
    "5-1": {
        "mde": 0.0733182114801527,
        "count": 398
    },
    "5-11": {
        "mde": 0.04735731461236101,
        "count": 398
    },
    "6-1": {
        "mde": 0.004522613065326633,
        "count": 398
    },
    "6-10": {
        "mde": 0.022720202731455492,
        "count": 398
    },
    "6-11": {
        "mde": 0.028357160315437165,
        "count": 398
    },
    "6-2": {
        "mde": 0.008249451188441578,
        "count": 398
    },
    "6-3": {
        "mde": 0.053521564618681045,
        "count": 398
    },
    "6-4": {
        "mde": 0.02838836969072156,
        "count": 398
    },
    "6-5": {
        "mde": 0.03783771785968762,
        "count": 398
    },
    "6-6": {
        "mde": 0.008118338905227895,
        "count": 398
    },
    "6-7": {
        "mde": 0.11234896138177801,
        "count": 398
    },
    "6-8": {
        "mde": 0.031031609378640232,
        "count": 398
    },
    "6-9": {
        "mde": 0.04976785209506717,
        "count": 398
    },
    "7-1": {
        "mde": 0.012060301507537686,
        "count": 398
    },
    "7-11": {
        "mde": 0.006030150753768845,
        "count": 398
    },
    "8-1": {
        "mde": 0.042211055276381915,
        "count": 398
    },
    "8-11": {
        "mde": 0.008249451188441576,
        "count": 398
    },
    "9-1": {
        "mde": 0.05125628140703517,
        "count": 398
    },
    "9-11": {
        "mde": 0.013309186620220386,
        "count": 398
    }
}