{
    "1-1": {
        "mde": 0.03582089552238806,
        "count": 402
    },
    "1-10": {
        "mde": 0.021191103025650106,
        "count": 402
    },
    "1-11": {
        "mde": 0.05993357376328883,
        "count": 402
    },
    "1-2": {
        "mde": 0.033410113896791396,
        "count": 402
    },
    "1-3": {
        "mde": 0.012307777986918391,
        "count": 402
    },
    "1-4": {
        "mde": 0.06684162913624403,
        "count": 402
    },
    "1-5": {
        "mde": 0.03954492174322974,
        "count": 402
    },
    "1-6": {
        "mde": 0.005970149253731344,
        "count": 402
    },
    "1-7": {
        "mde": 0.00746268656716418,
        "count": 402
    },
    "1-8": {
        "mde": 0.03158399591327065,
        "count": 402
    },
    "1-9": {
        "mde": 0.022779901685718734,
        "count": 402
    },
    "10-1": {
        "mde": 0.0906601851763655,
        "count": 402
    },
    "10-11": {
        "mde": 0.03258301705577885,
        "count": 402
    },
    "11-1": {
        "mde": 0.041791044776119377,
        "count": 402
    },
    "11-10": {
        "mde": 0.034328358208955245,
        "count": 402
    },
    "11-11": {
        "mde": 0.02537313432835821,
        "count": 402
    },
    "11-2": {
        "mde": 0.04280515643540553,
        "count": 402
    },
    "11-3": {
        "mde": 0.00746268656716418,
        "count": 402
    },
    "11-4": {
        "mde": 0.03731343283582089,
        "count": 402
    },
    "11-5": {
        "mde": 0.03146680974671376,
        "count": 402
    },
    "11-6": {
        "mde": 0.0,
        "count": 402
    },
    "11-7": {
        "mde": 0.032835820895522394,
        "count": 402
    },
    "11-8": {
        "mde": 0.025373134328358218,
        "count": 402
    },
    "11-9": {
        "mde": 0.027218011906716105,
        "count": 402
    },
    "2-1": {
        "mde": 0.06001970662029318,
        "count": 402
    },
    "2-11": {
        "mde": 0.07149282576957358,
        "count": 402
    },
    "3-1": {
        "mde": 0.027280779736228458,
        "count": 402
    },
    "3-11": {
        "mde": 0.015287523413610874,
        "count": 402
    },
    "4-1": {
        "mde": 0.15435864769019106,
        "count": 402
    },
    "4-11": {
        "mde": 0.005970149253731344,
        "count": 402
    },
    "5-1": {
        "mde": 0.029105391868192557,
        "count": 402
    },
    "5-11": {
        "mde": 0.20296951701600666,
        "count": 402
    },
    "6-1": {
        "mde": 0.01343283582089552,
        "count": 402
    },
    "6-10": {
        "mde": 0.03113712613183211,
        "count": 402
    },
    "6-11": {
        "mde": 0.0208955223880597,
        "count": 402
    },
    "6-2": {
        "mde": 0.014211121288486313,
        "count": 402
    },
    "6-3": {
        "mde": 0.09450845502910349,
        "count": 402
    },
    "6-4": {
        "mde": 0.03432835820895522,
        "count": 402
    },
    "6-5": {
        "mde": 0.0378883056822903,
        "count": 402
    },
    "6-6": {
        "mde": 0.016417910447761194,
        "count": 402
    },
    "6-7": {
        "mde": 0.1310352883544658,
        "count": 402
    },
    "6-8": {
        "mde": 0.12300451078940573,
        "count": 402
    },
    "6-9": {
        "mde": 0.09979036457282038,
        "count": 402
    },
    "7-1": {
        "mde": 0.016417910447761197,
        "count": 402
    },
    "7-11": {
        "mde": 0.024498826212497157,
        "count": 402
    },
    "8-1": {
        "mde": 0.02572547459328327,
        "count": 402
    },
    "8-11": {
        "mde": 0.009307564145522073,
        "count": 402
    },
    "9-1": {
        "mde": 0.03880597014925372,
        "count": 402
    },
    "9-11": {
        "mde": 0.04040457882367983,
        "count": 402
    }
}