{
    "1-1": {
        "mde": 0.03651739225575529,
        "count": 386
    },
    "1-10": {
        "mde": 0.023416313630434164,
        "count": 386
    },
    "1-11": {
        "mde": 0.06495588970658138,
        "count": 386
    },
    "1-2": {
        "mde": 0.026067869866739393,
        "count": 386
    },
    "1-3": {
        "mde": 0.06323870170196404,
        "count": 386
    },
    "1-4": {
        "mde": 0.029785923824095926,
        "count": 386
    },
    "1-5": {
        "mde": 0.017832335681346494,
        "count": 386
    },
    "1-6": {
        "mde": 0.007772020725388601,
        "count": 386
    },
    "1-7": {
        "mde": 0.03599299650995365,
        "count": 386
    },
    "1-8": {
        "mde": 0.019944484810640362,
        "count": 386
    },
    "1-9": {
        "mde": 0.06340749654208644,
        "count": 386
    },
    "10-1": {
        "mde": 0.063648702469462,
        "count": 386
    },
    "10-11": {
        "mde": 0.021761658031088076,
        "count": 386
    },
    "11-1": {
        "mde": 0.1458512205619357,
        "count": 386
    },
    "11-10": {
        "mde": 0.011247774058289833,
        "count": 386
    },
    "11-11": {
        "mde": 0.01243523316062176,
        "count": 386
    },
    "11-2": {
        "mde": 0.0368041181038916,
        "count": 386
    },
    "11-3": {
        "mde": 0.02642487046632124,
        "count": 386
    },
    "11-4": {
        "mde": 0.017602935731093408,
        "count": 386
    },
    "11-5": {
        "mde": 0.024870466321243522,
        "count": 386
    },
    "11-6": {
        "mde": 0.04212282825947064,
        "count": 386
    },
    "11-7": {
        "mde": 0.029687595098848888,
        "count": 386
    },
    "11-8": {
        "mde": 0.02953367875647669,
        "count": 386
    },
    "11-9": {
        "mde": 0.032642487046632127,
        "count": 386
    },
    "2-1": {
        "mde": 0.1050366626635196,
        "count": 386
    },
    "2-11": {
        "mde": 0.03633223500345047,
        "count": 386
    },
    "3-1": {
        "mde": 0.013189556540267208,
        "count": 386
    },
    "3-11": {
        "mde": 0.04215111436187213,
        "count": 386
    },
    "4-1": {
        "mde": 0.06583900568251284,
        "count": 386
    },
    "4-11": {
        "mde": 0.022702929443726406,
        "count": 386
    },
    "5-1": {
        "mde": 0.012687478228241003,
        "count": 386
    },
    "5-11": {
        "mde": 0.044646996307779685,
        "count": 386
    },
    "6-1": {
        "mde": 0.0914470754842155,
        "count": 386
    },
    "6-10": {
        "mde": 0.019827783051427718,
        "count": 386
    },
    "6-11": {
        "mde": 0.031088082901554404,
        "count": 386
    },
    "6-2": {
        "mde": 0.11848993170618535,
        "count": 386
    },
    "6-3": {
        "mde": 0.012322455914516542,
        "count": 386
    },
    "6-4": {
        "mde": 0.06698732790400808,
        "count": 386
    },
    "6-5": {
        "mde": 0.03237971797126213,
        "count": 386
    },
    "6-6": {
        "mde": 0.037809027325463006,
        "count": 386
    },
    "6-7": {
        "mde": 0.02966232517662936,
        "count": 386
    },
    "6-8": {
        "mde": 0.04818652849740932,
        "count": 386
    },
    "6-9": {
        "mde": 0.026886619493437857,
        "count": 386
    },
    "7-1": {
        "mde": 0.026424870466321238,
        "count": 386
    },
    "7-11": {
        "mde": 0.02599173474363476,
        "count": 386
    },
    "8-1": {
        "mde": 0.034196891191709836,
        "count": 386
    },
    "8-11": {
        "mde": 0.02523741136398931,
        "count": 386
    },
    "9-1": {
        "mde": 0.03923138693510041,
        "count": 386
    },
    "9-11": {
        "mde": 0.03464862010750004,
        "count": 386
    }
}