{
    "1-1": {
        "mde": 0.006575342465753424,
        "count": 365
    },
    "1-10": {
        "mde": 0.05671003086070905,
        "count": 365
    },
    "1-11": {
        "mde": 0.1057823160073063,
        "count": 365
    },
    "1-2": {
        "mde": 0.05892126056977121,
        "count": 365
    },
    "1-3": {
        "mde": 0.07497516685764934,
        "count": 365
    },
    "1-4": {
        "mde": 0.036836945059912675,
        "count": 365
    },
    "1-5": {
        "mde": 0.07270858562659169,
        "count": 365
    },
    "1-6": {
        "mde": 0.0450346488565005,
        "count": 365
    },
    "1-7": {
        "mde": 0.1636115025733822,
        "count": 365
    },
    "1-8": {
        "mde": 0.07643029737199548,
        "count": 365
    },
    "1-9": {
        "mde": 0.02205436909314861,
        "count": 365
    },
    "10-1": {
        "mde": 0.13479452054794522,
        "count": 365
    },
    "10-11": {
        "mde": 0.026301369863013683,
        "count": 365
    },
    "11-1": {
        "mde": 0.03287671232876712,
        "count": 365
    },
    "11-10": {
        "mde": 0.006293304862596474,
        "count": 365
    },
    "11-11": {
        "mde": 0.006575342465753421,
        "count": 365
    },
    "11-2": {
        "mde": 0.04855058936121632,
        "count": 365
    },
    "11-3": {
        "mde": 0.07139104649463736,
        "count": 365
    },
    "11-4": {
        "mde": 0.013150684931506852,
        "count": 365
    },
    "11-5": {
        "mde": 0.021369863013698632,
        "count": 365
    },
    "11-6": {
        "mde": 0.009863013698630138,
        "count": 365
    },
    "11-7": {
        "mde": 0.049948216121317,
        "count": 365
    },
    "11-8": {
        "mde": 0.004931506849315069,
        "count": 365
    },
    "11-9": {
        "mde": 0.056900172458187175,
        "count": 365
    },
    "2-1": {
        "mde": 0.006963399415068149,
        "count": 365
    },
    "2-11": {
        "mde": 0.023280456427674047,
        "count": 365
    },
    "3-1": {
        "mde": 0.013278389967885319,
        "count": 365
    },
    "3-11": {
        "mde": 0.027695658020684837,
        "count": 365
    },
    "4-1": {
        "mde": 0.07345830479845433,
        "count": 365
    },
    "4-11": {
        "mde": 0.015789947302132585,
        "count": 365
    },
    "5-1": {
        "mde": 0.01901161955770065,
        "count": 365
    },
    "5-11": {
        "mde": 0.0729230884674964,
        "count": 365
    },
    "6-1": {
        "mde": 0.07232876712328767,
        "count": 365
    },
    "6-10": {
        "mde": 0.022837680373137808,
        "count": 365
    },
    "6-11": {
        "mde": 0.07773235810495113,
        "count": 365
    },
    "6-2": {
        "mde": 0.0607483285888273,
        "count": 365
    },
    "6-3": {
        "mde": 0.04429195382465616,
        "count": 365
    },
    "6-4": {
        "mde": 0.003287671232876713,
        "count": 365
    },
    "6-5": {
        "mde": 0.054246575342465755,
        "count": 365
    },
    "6-6": {
        "mde": 0.04271725162479932,
        "count": 365
    },
    "6-7": {
        "mde": 0.011506849315068493,
        "count": 365
    },
    "6-8": {
        "mde": 0.0939623402189167,
        "count": 365
    },
    "6-9": {
        "mde": 0.07156894175820051,
        "count": 365
    },
    "7-1": {
        "mde": 0.028386959397791903,
        "count": 365
    },
    "7-11": {
        "mde": 0.023013698630136987,
        "count": 365
    },
    "8-1": {
        "mde": 0.07081263654322777,
        "count": 365
    },
    "8-11": {
        "mde": 0.006575342465753421,
        "count": 365
    },
    "9-1": {
        "mde": 0.03316114868428387,
        "count": 365
    },
    "9-11": {
        "mde": 0.03562060991781925,
        "count": 365
    }
}