{
    "1-1": {
        "mde": 0.01730769230769231,
        "count": 416
    },
    "1-10": {
        "mde": 0.017307692307692298,
        "count": 416
    },
    "1-11": {
        "mde": 0.018750000000000003,
        "count": 416
    },
    "1-2": {
        "mde": 0.03276984165273207,
        "count": 416
    },
    "1-3": {
        "mde": 0.05840315723731139,
        "count": 416
    },
    "1-4": {
        "mde": 0.029869788645391245,
        "count": 416
    },
    "1-5": {
        "mde": 0.0014423076923076926,
        "count": 416
    },
    "1-6": {
        "mde": 0.020192307692307693,
        "count": 416
    },
    "1-7": {
        "mde": 0.11698470624475824,
        "count": 416
    },
    "1-8": {
        "mde": 0.03428412925134953,
        "count": 416
    },
    "1-9": {
        "mde": 0.04070716054484263,
        "count": 416
    },
    "10-1": {
        "mde": 0.03088588494573043,
        "count": 416
    },
    "10-11": {
        "mde": 0.01298076923076924,
        "count": 416
    },
    "11-1": {
        "mde": 0.0257177190791038,
        "count": 416
    },
    "11-10": {
        "mde": 0.028351232090613996,
        "count": 416
    },
    "11-11": {
        "mde": 0.014423076923076919,
        "count": 416
    },
    "11-2": {
        "mde": 0.03874040693997541,
        "count": 416
    },
    "11-3": {
        "mde": 0.06778846153846155,
        "count": 416
    },
    "11-4": {
        "mde": 0.007211538461538462,
        "count": 416
    },
    "11-5": {
        "mde": 0.017307692307692305,
        "count": 416
    },
    "11-6": {
        "mde": 0.00576923076923077,
        "count": 416
    },
    "11-7": {
        "mde": 0.0014423076923076926,
        "count": 416
    },
    "11-8": {
        "mde": 0.05336538461538462,
        "count": 416
    },
    "11-9": {
        "mde": 0.04615384615384614,
        "count": 416
    },
    "2-1": {
        "mde": 0.1456116596094781,
        "count": 416
    },
    "2-11": {
        "mde": 0.006450196088941701,
        "count": 416
    },
    "3-1": {
        "mde": 0.016738775878073063,
        "count": 416
    },
    "3-11": {
        "mde": 0.03939841336887097,
        "count": 416
    },
    "4-1": {
        "mde": 0.03784970995567585,
        "count": 416
    },
    "4-11": {
        "mde": 0.03342223165805774,
        "count": 416
    },
    "5-1": {
        "mde": 0.02401482914404743,
        "count": 416
    },
    "5-11": {
        "mde": 0.006450196088941701,
        "count": 416
    },
    "6-1": {
        "mde": 0.09715482659855468,
        "count": 416
    },
    "6-10": {
        "mde": 0.01200657017356263,
        "count": 416
    },
    "6-11": {
        "mde": 0.02596153846153846,
        "count": 416
    },
    "6-2": {
        "mde": 0.04506150099103742,
        "count": 416
    },
    "6-3": {
        "mde": 0.11198851304663987,
        "count": 416
    },
    "6-4": {
        "mde": 0.14054246891313874,
        "count": 416
    },
    "6-5": {
        "mde": 0.11732597706069217,
        "count": 416
    },
    "6-6": {
        "mde": 0.2422213110882254,
        "count": 416
    },
    "6-7": {
        "mde": 0.09601232090614008,
        "count": 416
    },
    "6-8": {
        "mde": 0.04520431759718087,
        "count": 416
    },
    "6-9": {
        "mde": 0.07322878693861175,
        "count": 416
    },
    "7-1": {
        "mde": 0.08815733292529683,
        "count": 416
    },
    "7-11": {
        "mde": 0.04326923076923077,
        "count": 416
    },
    "8-1": {
        "mde": 0.03317307692307693,
        "count": 416
    },
    "8-11": {
        "mde": 0.03407814002297122,
        "count": 416
    },
    "9-1": {
        "mde": 0.1401379004713967,
        "count": 416
    },
    "9-11": {
        "mde": 0.014891185558178017,
        "count": 416
    }
}