{
    "1-1": {
        "mde": 0.16464107305739253,
        "count": 402
    },
    "1-10": {
        "mde": 0.052372657341491775,
        "count": 402
    },
    "1-11": {
        "mde": 0.5916464540857206,
        "count": 402
    },
    "1-2": {
        "mde": 0.08112737173033936,
        "count": 402
    },
    "1-3": {
        "mde": 0.037462315286928026,
        "count": 402
    },
    "1-4": {
        "mde": 0.36448253074007086,
        "count": 402
    },
    "1-5": {
        "mde": 0.15289458131039266,
        "count": 402
    },
    "1-6": {
        "mde": 0.03382373699953821,
        "count": 402
    },
    "1-7": {
        "mde": 0.05646311935372103,
        "count": 402
    },
    "1-8": {
        "mde": 0.2442576510295983,
        "count": 402
    },
    "1-9": {
        "mde": 0.03937071479803659,
        "count": 402
    },
    "10-1": {
        "mde": 0.859728553430863,
        "count": 402
    },
    "10-11": {
        "mde": 0.3843368559965687,
        "count": 402
    },
    "11-1": {
        "mde": 0.1507462686567164,
        "count": 402
    },
    "11-10": {
        "mde": 0.21436212191024248,
        "count": 402
    },
    "11-11": {
        "mde": 0.03880597014925372,
        "count": 402
    },
    "11-2": {
        "mde": 0.21537018096297028,
        "count": 402
    },
    "11-3": {
        "mde": 0.055223880597014934,
        "count": 402
    },
    "11-4": {
        "mde": 0.03170543386137207,
        "count": 402
    },
    "11-5": {
        "mde": 0.17552430075987208,
        "count": 402
    },
    "11-6": {
        "mde": 0.05745202340975508,
        "count": 402
    },
    "11-7": {
        "mde": 0.2871129794525462,
        "count": 402
    },
    "11-8": {
        "mde": 0.07313432835820897,
        "count": 402
    },
    "11-9": {
        "mde": 0.4731971638600325,
        "count": 402
    },
    "2-1": {
        "mde": 0.04408555102685187,
        "count": 402
    },
    "2-11": {
        "mde": 0.2075019570671535,
        "count": 402
    },
    "3-1": {
        "mde": 0.2805158032188201,
        "count": 402
    },
    "3-11": {
        "mde": 0.056190386618517836,
        "count": 402
    },
    "4-1": {
        "mde": 0.38767810919711004,
        "count": 402
    },
    "4-11": {
        "mde": 0.0730607419758889,
        "count": 402
    },
    "5-1": {
        "mde": 0.05212144499003117,
        "count": 402
    },
    "5-11": {
        "mde": 0.06963056095895302,
        "count": 402
    },
    "6-1": {
        "mde": 0.39406844734274,
        "count": 402
    },
    "6-10": {
        "mde": 0.09381816241075762,
        "count": 402
    },
    "6-11": {
        "mde": 0.025373134328358204,
        "count": 402
    },
    "6-2": {
        "mde": 0.15856359557721686,
        "count": 402
    },
    "6-3": {
        "mde": 0.2034780050443734,
        "count": 402
    },
    "6-4": {
        "mde": 0.3496726244123094,
        "count": 402
    },
    "6-5": {
        "mde": 0.4454358447704441,
        "count": 402
    },
    "6-6": {
        "mde": 0.15074638091468262,
        "count": 402
    },
    "6-7": {
        "mde": 0.30323526302276116,
        "count": 402
    },
    "6-8": {
        "mde": 0.0994332142784577,
        "count": 402
    },
    "6-9": {
        "mde": 0.20293182158508097,
        "count": 402
    },
    "7-1": {
        "mde": 0.13262413256001132,
        "count": 402
    },
    "7-11": {
        "mde": 0.03731343283582089,
        "count": 402
    },
    "8-1": {
        "mde": 0.26388938043898547,
        "count": 402
    },
    "8-11": {
        "mde": 0.013432835820895524,
        "count": 402
    },
    "9-1": {
        "mde": 0.06630179865948649,
        "count": 402
    },
    "9-11": {
        "mde": 0.10729633405969899,
        "count": 402
    }
}