{
    "1-1": {
        "mde": 0.029401680010290147,
        "count": 416
    },
    "1-10": {
        "mde": 0.2929920979973646,
        "count": 416
    },
    "1-11": {
        "mde": 0.17307692307692307,
        "count": 416
    },
    "1-2": {
        "mde": 0.31645256282870327,
        "count": 416
    },
    "1-3": {
        "mde": 0.2417363787639106,
        "count": 416
    },
    "1-4": {
        "mde": 0.04131701247244568,
        "count": 416
    },
    "1-5": {
        "mde": 0.1304175390764048,
        "count": 416
    },
    "1-6": {
        "mde": 0.10074756933367074,
        "count": 416
    },
    "1-7": {
        "mde": 1.6331723127573339,
        "count": 416
    },
    "1-8": {
        "mde": 0.49718243938225914,
        "count": 416
    },
    "1-9": {
        "mde": 0.16126904548623663,
        "count": 416
    },
    "10-1": {
        "mde": 0.8168107629805272,
        "count": 416
    },
    "10-11": {
        "mde": 0.20543496060902736,
        "count": 416
    },
    "11-1": {
        "mde": 0.24230769230769228,
        "count": 416
    },
    "11-10": {
        "mde": 0.1854008889555721,
        "count": 416
    },
    "11-11": {
        "mde": 0.9421887772179549,
        "count": 416
    },
    "11-2": {
        "mde": 0.2418643792613063,
        "count": 416
    },
    "11-3": {
        "mde": 0.25817307692307695,
        "count": 416
    },
    "11-4": {
        "mde": 0.05480769230769231,
        "count": 416
    },
    "11-5": {
        "mde": 0.08292176322471725,
        "count": 416
    },
    "11-6": {
        "mde": 0.13413461538461538,
        "count": 416
    },
    "11-7": {
        "mde": 0.1390931511180028,
        "count": 416
    },
    "11-8": {
        "mde": 0.5046833369516602,
        "count": 416
    },
    "11-9": {
        "mde": 0.01620586727524008,
        "count": 416
    },
    "2-1": {
        "mde": 0.28002858426204463,
        "count": 416
    },
    "2-11": {
        "mde": 0.20470386154685713,
        "count": 416
    },
    "3-1": {
        "mde": 0.07173022214958205,
        "count": 416
    },
    "3-11": {
        "mde": 0.11211910615505874,
        "count": 416
    },
    "4-1": {
        "mde": 0.5227686514565695,
        "count": 416
    },
    "4-11": {
        "mde": 0.057692307692307696,
        "count": 416
    },
    "5-1": {
        "mde": 0.2786170901800252,
        "count": 416
    },
    "5-11": {
        "mde": 0.21414250378124933,
        "count": 416
    },
    "6-1": {
        "mde": 0.9333637116719566,
        "count": 416
    },
    "6-10": {
        "mde": 0.03303035559068975,
        "count": 416
    },
    "6-11": {
        "mde": 0.19229320785836365,
        "count": 416
    },
    "6-2": {
        "mde": 0.3475726426509273,
        "count": 416
    },
    "6-3": {
        "mde": 0.5574439329957476,
        "count": 416
    },
    "6-4": {
        "mde": 0.21011332798759208,
        "count": 416
    },
    "6-5": {
        "mde": 0.8414877372858303,
        "count": 416
    },
    "6-6": {
        "mde": 0.2133156018379165,
        "count": 416
    },
    "6-7": {
        "mde": 0.47883578066208277,
        "count": 416
    },
    "6-8": {
        "mde": 0.17937624860790452,
        "count": 416
    },
    "6-9": {
        "mde": 0.2783307447321727,
        "count": 416
    },
    "7-1": {
        "mde": 0.44612662252426055,
        "count": 416
    },
    "7-11": {
        "mde": 0.5924111076516747,
        "count": 416
    },
    "8-1": {
        "mde": 0.0957763245393572,
        "count": 416
    },
    "8-11": {
        "mde": 0.02019230769230769,
        "count": 416
    },
    "9-1": {
        "mde": 0.12169303181609759,
        "count": 416
    },
    "9-11": {
        "mde": 0.31233058532426816,
        "count": 416
    }
}