{
    "1-1": {
        "mde": 0.12325031304021226,
        "count": 398
    },
    "1-10": {
        "mde": 0.11881811882000486,
        "count": 398
    },
    "1-11": {
        "mde": 0.25987660701510096,
        "count": 398
    },
    "1-2": {
        "mde": 0.046733668341708536,
        "count": 398
    },
    "1-3": {
        "mde": 0.09151990542587844,
        "count": 398
    },
    "1-4": {
        "mde": 0.4628414992546078,
        "count": 398
    },
    "1-5": {
        "mde": 0.08859848685568193,
        "count": 398
    },
    "1-6": {
        "mde": 0.033400242846336956,
        "count": 398
    },
    "1-7": {
        "mde": 0.24042114707905693,
        "count": 398
    },
    "1-8": {
        "mde": 0.3649955462821663,
        "count": 398
    },
    "1-9": {
        "mde": 0.12166381136940443,
        "count": 398
    },
    "10-1": {
        "mde": 0.15474207174495713,
        "count": 398
    },
    "10-11": {
        "mde": 0.2650369230866151,
        "count": 398
    },
    "11-1": {
        "mde": 0.2005025125628141,
        "count": 398
    },
    "11-10": {
        "mde": 0.02422163799851019,
        "count": 398
    },
    "11-11": {
        "mde": 0.03398089330935379,
        "count": 398
    },
    "11-2": {
        "mde": 0.1359758826797359,
        "count": 398
    },
    "11-3": {
        "mde": 0.08592964824120604,
        "count": 398
    },
    "11-4": {
        "mde": 0.07637319068304307,
        "count": 398
    },
    "11-5": {
        "mde": 0.20893011521268218,
        "count": 398
    },
    "11-6": {
        "mde": 0.10100502512562815,
        "count": 398
    },
    "11-7": {
        "mde": 0.010702039467727817,
        "count": 398
    },
    "11-8": {
        "mde": 0.0542713567839196,
        "count": 398
    },
    "11-9": {
        "mde": 0.08364615282548528,
        "count": 398
    },
    "2-1": {
        "mde": 0.11536004652200811,
        "count": 398
    },
    "2-11": {
        "mde": 0.2719845344698473,
        "count": 398
    },
    "3-1": {
        "mde": 0.046416625112770706,
        "count": 398
    },
    "3-11": {
        "mde": 0.2526203056789237,
        "count": 398
    },
    "4-1": {
        "mde": 0.19527162454680613,
        "count": 398
    },
    "4-11": {
        "mde": 0.04376043674972856,
        "count": 398
    },
    "5-1": {
        "mde": 0.046733668341708536,
        "count": 398
    },
    "5-11": {
        "mde": 0.3049031624665186,
        "count": 398
    },
    "6-1": {
        "mde": 0.07386934673366835,
        "count": 398
    },
    "6-10": {
        "mde": 0.062475238961825955,
        "count": 398
    },
    "6-11": {
        "mde": 0.024120603015075365,
        "count": 398
    },
    "6-2": {
        "mde": 0.1082471827354264,
        "count": 398
    },
    "6-3": {
        "mde": 0.37587808981109466,
        "count": 398
    },
    "6-4": {
        "mde": 0.28117398717823205,
        "count": 398
    },
    "6-5": {
        "mde": 0.2417271135689625,
        "count": 398
    },
    "6-6": {
        "mde": 0.08269092674072116,
        "count": 398
    },
    "6-7": {
        "mde": 0.24285219765943525,
        "count": 398
    },
    "6-8": {
        "mde": 0.36131054202016616,
        "count": 398
    },
    "6-9": {
        "mde": 0.7838492812857826,
        "count": 398
    },
    "7-1": {
        "mde": 0.21708542713567833,
        "count": 398
    },
    "7-11": {
        "mde": 0.006395940734350679,
        "count": 398
    },
    "8-1": {
        "mde": 0.8641050012744508,
        "count": 398
    },
    "8-11": {
        "mde": 0.3169087744983701,
        "count": 398
    },
    "9-1": {
        "mde": 0.4251029592440283,
        "count": 398
    },
    "9-11": {
        "mde": 0.013923720569095157,
        "count": 398
    }
}