{
    "1-1": {
        "mde": 0.31504206902361775,
        "count": 365
    },
    "1-10": {
        "mde": 0.20115079940889605,
        "count": 365
    },
    "1-11": {
        "mde": 1.031454496873243,
        "count": 365
    },
    "1-2": {
        "mde": 0.16332825287357625,
        "count": 365
    },
    "1-3": {
        "mde": 0.6045119143190273,
        "count": 365
    },
    "1-4": {
        "mde": 0.6312640484410228,
        "count": 365
    },
    "1-5": {
        "mde": 0.4375744579469447,
        "count": 365
    },
    "1-6": {
        "mde": 0.4156490813016366,
        "count": 365
    },
    "1-7": {
        "mde": 0.26837941981971003,
        "count": 365
    },
    "1-8": {
        "mde": 0.6335773552534643,
        "count": 365
    },
    "1-9": {
        "mde": 0.15399999736615452,
        "count": 365
    },
    "10-1": {
        "mde": 0.2551179090866599,
        "count": 365
    },
    "10-11": {
        "mde": 0.3197880567787041,
        "count": 365
    },
    "11-1": {
        "mde": 0.20054794520547947,
        "count": 365
    },
    "11-10": {
        "mde": 0.26766731818330747,
        "count": 365
    },
    "11-11": {
        "mde": 0.5337773965187524,
        "count": 365
    },
    "11-2": {
        "mde": 0.1543059044169652,
        "count": 365
    },
    "11-3": {
        "mde": 0.451987051150887,
        "count": 365
    },
    "11-4": {
        "mde": 0.014794520547945207,
        "count": 365
    },
    "11-5": {
        "mde": 0.10191780821917809,
        "count": 365
    },
    "11-6": {
        "mde": 0.275165436657342,
        "count": 365
    },
    "11-7": {
        "mde": 0.06992985078663784,
        "count": 365
    },
    "11-8": {
        "mde": 0.15060127085895436,
        "count": 365
    },
    "11-9": {
        "mde": 0.18219992757316028,
        "count": 365
    },
    "2-1": {
        "mde": 1.1146539995041116,
        "count": 365
    },
    "2-11": {
        "mde": 0.19826291277718816,
        "count": 365
    },
    "3-1": {
        "mde": 0.22535965410057746,
        "count": 365
    },
    "3-11": {
        "mde": 0.6642141228917083,
        "count": 365
    },
    "4-1": {
        "mde": 0.1767721893689669,
        "count": 365
    },
    "4-11": {
        "mde": 0.03591483610287662,
        "count": 365
    },
    "5-1": {
        "mde": 0.11121157702983875,
        "count": 365
    },
    "5-11": {
        "mde": 0.3471940831865919,
        "count": 365
    },
    "6-1": {
        "mde": 0.9320782766884885,
        "count": 365
    },
    "6-10": {
        "mde": 0.022894432830146267,
        "count": 365
    },
    "6-11": {
        "mde": 0.05551287059879838,
        "count": 365
    },
    "6-2": {
        "mde": 0.2977874798340479,
        "count": 365
    },
    "6-3": {
        "mde": 0.6315505749369678,
        "count": 365
    },
    "6-4": {
        "mde": 0.31862526330819024,
        "count": 365
    },
    "6-5": {
        "mde": 0.5963186708222414,
        "count": 365
    },
    "6-6": {
        "mde": 0.5481649982450356,
        "count": 365
    },
    "6-7": {
        "mde": 0.39054734778950556,
        "count": 365
    },
    "6-8": {
        "mde": 0.5176049036758726,
        "count": 365
    },
    "6-9": {
        "mde": 0.26688000003471385,
        "count": 365
    },
    "7-1": {
        "mde": 0.3676061584994075,
        "count": 365
    },
    "7-11": {
        "mde": 0.046027397260273974,
        "count": 365
    },
    "8-1": {
        "mde": 0.19398837859357818,
        "count": 365
    },
    "8-11": {
        "mde": 0.0032876712328767104,
        "count": 365
    },
    "9-1": {
        "mde": 0.2511999457586932,
        "count": 365
    },
    "9-11": {
        "mde": 0.011224811711911541,
        "count": 365
    }
}