{
    "1-1": {
        "mde": 0.27844050163872575,
        "count": 386
    },
    "1-10": {
        "mde": 0.06898078754470845,
        "count": 386
    },
    "1-11": {
        "mde": 0.2081156441592475,
        "count": 386
    },
    "1-2": {
        "mde": 0.20157643463799033,
        "count": 386
    },
    "1-3": {
        "mde": 0.17044321805535081,
        "count": 386
    },
    "1-4": {
        "mde": 0.1199413642386037,
        "count": 386
    },
    "1-5": {
        "mde": 0.06528497409326425,
        "count": 386
    },
    "1-6": {
        "mde": 0.02917667815689483,
        "count": 386
    },
    "1-7": {
        "mde": 0.11902600876204342,
        "count": 386
    },
    "1-8": {
        "mde": 0.5541538452396878,
        "count": 386
    },
    "1-9": {
        "mde": 0.1123085835191704,
        "count": 386
    },
    "10-1": {
        "mde": 0.25524230525728603,
        "count": 386
    },
    "10-11": {
        "mde": 0.09856770660571705,
        "count": 386
    },
    "11-1": {
        "mde": 0.9915254467745019,
        "count": 386
    },
    "11-10": {
        "mde": 0.03000087525349084,
        "count": 386
    },
    "11-11": {
        "mde": 0.0031088082901554385,
        "count": 386
    },
    "11-2": {
        "mde": 0.5760256340246759,
        "count": 386
    },
    "11-3": {
        "mde": 0.09236612191998335,
        "count": 386
    },
    "11-4": {
        "mde": 0.16790151763029115,
        "count": 386
    },
    "11-5": {
        "mde": 0.25958549222797933,
        "count": 386
    },
    "11-6": {
        "mde": 0.010880829015544042,
        "count": 386
    },
    "11-7": {
        "mde": 0.48491202103579156,
        "count": 386
    },
    "11-8": {
        "mde": 0.5263333604315908,
        "count": 386
    },
    "11-9": {
        "mde": 0.5788180616662024,
        "count": 386
    },
    "2-1": {
        "mde": 0.11253864908033226,
        "count": 386
    },
    "2-11": {
        "mde": 0.12930618281625658,
        "count": 386
    },
    "3-1": {
        "mde": 0.06000601616776332,
        "count": 386
    },
    "3-11": {
        "mde": 0.11609854298654598,
        "count": 386
    },
    "4-1": {
        "mde": 0.1063326274368493,
        "count": 386
    },
    "4-11": {
        "mde": 0.027525705594558605,
        "count": 386
    },
    "5-1": {
        "mde": 0.03430735929305515,
        "count": 386
    },
    "5-11": {
        "mde": 0.11526349323742857,
        "count": 386
    },
    "6-1": {
        "mde": 0.16196586377282732,
        "count": 386
    },
    "6-10": {
        "mde": 0.0748187391183959,
        "count": 386
    },
    "6-11": {
        "mde": 0.026424870466321245,
        "count": 386
    },
    "6-2": {
        "mde": 0.08700858377107108,
        "count": 386
    },
    "6-3": {
        "mde": 0.03739342514429679,
        "count": 386
    },
    "6-4": {
        "mde": 0.05282869291714097,
        "count": 386
    },
    "6-5": {
        "mde": 0.26913877263797015,
        "count": 386
    },
    "6-6": {
        "mde": 0.09102375957332076,
        "count": 386
    },
    "6-7": {
        "mde": 0.28887251141979603,
        "count": 386
    },
    "6-8": {
        "mde": 0.31430384354618085,
        "count": 386
    },
    "6-9": {
        "mde": 0.08562213973224063,
        "count": 386
    },
    "7-1": {
        "mde": 0.0368996407503262,
        "count": 386
    },
    "7-11": {
        "mde": 0.30721784491462845,
        "count": 386
    },
    "8-1": {
        "mde": 0.13203283756003256,
        "count": 386
    },
    "8-11": {
        "mde": 0.050609057870684884,
        "count": 386
    },
    "9-1": {
        "mde": 0.10055835347867363,
        "count": 386
    },
    "9-11": {
        "mde": 0.006584561623056671,
        "count": 386
    }
}