{
    "1-1": {
        "mde": 0.010096153846153847,
        "count": 416
    },
    "1-10": {
        "mde": 0.02884615384615385,
        "count": 416
    },
    "1-11": {
        "mde": 0.0994122462052969,
        "count": 416
    },
    "1-2": {
        "mde": 0.011011173483415324,
        "count": 416
    },
    "1-3": {
        "mde": 0.01153846153846154,
        "count": 416
    },
    "1-4": {
        "mde": 0.029953599426392846,
        "count": 416
    },
    "1-5": {
        "mde": 0.008653846153846154,
        "count": 416
    },
    "1-6": {
        "mde": 0.04471153846153846,
        "count": 416
    },
    "1-7": {
        "mde": 0.07081589352922037,
        "count": 416
    },
    "1-8": {
        "mde": 0.007211538461538462,
        "count": 416
    },
    "1-9": {
        "mde": 0.014708710135363802,
        "count": 416
    },
    "10-1": {
        "mde": 0.008043016186357894,
        "count": 416
    },
    "10-11": {
        "mde": 0.024024309013690928,
        "count": 416
    },
    "11-1": {
        "mde": 0.02163461538461538,
        "count": 416
    },
    "11-10": {
        "mde": 0.01860504077395913,
        "count": 416
    },
    "11-11": {
        "mde": 0.018749999999999996,
        "count": 416
    },
    "11-2": {
        "mde": 0.05897386127884373,
        "count": 416
    },
    "11-3": {
        "mde": 0.03173076923076923,
        "count": 416
    },
    "11-4": {
        "mde": 0.005769230769230768,
        "count": 416
    },
    "11-5": {
        "mde": 0.0014423076923076926,
        "count": 416
    },
    "11-6": {
        "mde": 0.0,
        "count": 416
    },
    "11-7": {
        "mde": 0.017988657627403242,
        "count": 416
    },
    "11-8": {
        "mde": 0.02740384615384616,
        "count": 416
    },
    "11-9": {
        "mde": 0.05624999999999999,
        "count": 416
    },
    "2-1": {
        "mde": 0.008653846153846154,
        "count": 416
    },
    "2-11": {
        "mde": 0.0028846153846153843,
        "count": 416
    },
    "3-1": {
        "mde": 0.01788222928509832,
        "count": 416
    },
    "3-11": {
        "mde": 0.0014423076923076926,
        "count": 416
    },
    "4-1": {
        "mde": 0.020452413299277328,
        "count": 416
    },
    "4-11": {
        "mde": 0.020827365157082525,
        "count": 416
    },
    "5-1": {
        "mde": 0.04010295760893617,
        "count": 416
    },
    "5-11": {
        "mde": 0.02964648819994875,
        "count": 416
    },
    "6-1": {
        "mde": 0.0745274269052593,
        "count": 416
    },
    "6-10": {
        "mde": 0.05305536672382524,
        "count": 416
    },
    "6-11": {
        "mde": 0.018750000000000003,
        "count": 416
    },
    "6-2": {
        "mde": 0.00960123209061401,
        "count": 416
    },
    "6-3": {
        "mde": 0.11602952021784607,
        "count": 416
    },
    "6-4": {
        "mde": 0.06728237111635604,
        "count": 416
    },
    "6-5": {
        "mde": 0.022393600764015156,
        "count": 416
    },
    "6-6": {
        "mde": 0.04047840580835113,
        "count": 416
    },
    "6-7": {
        "mde": 0.08327541379452735,
        "count": 416
    },
    "6-8": {
        "mde": 0.02754666275998959,
        "count": 416
    },
    "6-9": {
        "mde": 0.06416223122677273,
        "count": 416
    },
    "7-1": {
        "mde": 0.1594248619283041,
        "count": 416
    },
    "7-11": {
        "mde": 0.011538461538461536,
        "count": 416
    },
    "8-1": {
        "mde": 0.09047296451157381,
        "count": 416
    },
    "8-11": {
        "mde": 0.027530638068553107,
        "count": 416
    },
    "9-1": {
        "mde": 0.01788222928509832,
        "count": 416
    },
    "9-11": {
        "mde": 0.005769230769230768,
        "count": 416
    }
}