{
    "1-1": {
        "mde": 0.017910447761194027,
        "count": 402
    },
    "1-10": {
        "mde": 0.01896746855596921,
        "count": 402
    },
    "1-11": {
        "mde": 0.020643211783351188,
        "count": 402
    },
    "1-2": {
        "mde": 0.04630238889884974,
        "count": 402
    },
    "1-3": {
        "mde": 0.003337414891790731,
        "count": 402
    },
    "1-4": {
        "mde": 0.02537313432835821,
        "count": 402
    },
    "1-5": {
        "mde": 0.018058238079989228,
        "count": 402
    },
    "1-6": {
        "mde": 0.004477611940298507,
        "count": 402
    },
    "1-7": {
        "mde": 0.001492537313432836,
        "count": 402
    },
    "1-8": {
        "mde": 0.040737020835860255,
        "count": 402
    },
    "1-9": {
        "mde": 0.003337414891790731,
        "count": 402
    },
    "10-1": {
        "mde": 0.13192333837076609,
        "count": 402
    },
    "10-11": {
        "mde": 0.03283582089552238,
        "count": 402
    },
    "11-1": {
        "mde": 0.027440544488260443,
        "count": 402
    },
    "11-10": {
        "mde": 0.030309157894575018,
        "count": 402
    },
    "11-11": {
        "mde": 0.017910447761194027,
        "count": 402
    },
    "11-2": {
        "mde": 0.027077814363777538,
        "count": 402
    },
    "11-3": {
        "mde": 0.014925373134328358,
        "count": 402
    },
    "11-4": {
        "mde": 0.010809911473312367,
        "count": 402
    },
    "11-5": {
        "mde": 0.10721037596245568,
        "count": 402
    },
    "11-6": {
        "mde": 0.07908984348645946,
        "count": 402
    },
    "11-7": {
        "mde": 0.03134328358208956,
        "count": 402
    },
    "11-8": {
        "mde": 0.017658137156485523,
        "count": 402
    },
    "11-9": {
        "mde": 0.047864005533578016,
        "count": 402
    },
    "2-1": {
        "mde": 0.03101383842442514,
        "count": 402
    },
    "2-11": {
        "mde": 0.05509285531115027,
        "count": 402
    },
    "3-1": {
        "mde": 0.01732171832158804,
        "count": 402
    },
    "3-11": {
        "mde": 0.02055273076756568,
        "count": 402
    },
    "4-1": {
        "mde": 0.04980089100347984,
        "count": 402
    },
    "4-11": {
        "mde": 0.01502163448096415,
        "count": 402
    },
    "5-1": {
        "mde": 0.016713491085351594,
        "count": 402
    },
    "5-11": {
        "mde": 0.057866204830368084,
        "count": 402
    },
    "6-1": {
        "mde": 0.02959843566394821,
        "count": 402
    },
    "6-10": {
        "mde": 0.028372321108940793,
        "count": 402
    },
    "6-11": {
        "mde": 0.04925373134328356,
        "count": 402
    },
    "6-2": {
        "mde": 0.015273649958259486,
        "count": 402
    },
    "6-3": {
        "mde": 0.025329267846948864,
        "count": 402
    },
    "6-4": {
        "mde": 0.17192864663870677,
        "count": 402
    },
    "6-5": {
        "mde": 0.1123123417357276,
        "count": 402
    },
    "6-6": {
        "mde": 0.05166044320855432,
        "count": 402
    },
    "6-7": {
        "mde": 0.2506367833083209,
        "count": 402
    },
    "6-8": {
        "mde": 0.0779846228648394,
        "count": 402
    },
    "6-9": {
        "mde": 0.029067015527351914,
        "count": 402
    },
    "7-1": {
        "mde": 0.15629410610500943,
        "count": 402
    },
    "7-11": {
        "mde": 0.011940298507462688,
        "count": 402
    },
    "8-1": {
        "mde": 0.02932471497672679,
        "count": 402
    },
    "8-11": {
        "mde": 0.021210600822280563,
        "count": 402
    },
    "9-1": {
        "mde": 0.018814255635020878,
        "count": 402
    },
    "9-11": {
        "mde": 0.025117055410068947,
        "count": 402
    }
}