{
    "1-1": {
        "mde": 0.006575342465753424,
        "count": 365
    },
    "1-10": {
        "mde": 0.09189679486333636,
        "count": 365
    },
    "1-11": {
        "mde": 0.15155410599951968,
        "count": 365
    },
    "1-2": {
        "mde": 0.031046054001160565,
        "count": 365
    },
    "1-3": {
        "mde": 0.008607235031506504,
        "count": 365
    },
    "1-4": {
        "mde": 0.025999978892699123,
        "count": 365
    },
    "1-5": {
        "mde": 0.017214470063013007,
        "count": 365
    },
    "1-6": {
        "mde": 0.003287671232876713,
        "count": 365
    },
    "1-7": {
        "mde": 0.04123193840596967,
        "count": 365
    },
    "1-8": {
        "mde": 0.07610475376566304,
        "count": 365
    },
    "1-9": {
        "mde": 0.05296363472431707,
        "count": 365
    },
    "10-1": {
        "mde": 0.11161560811497807,
        "count": 365
    },
    "10-11": {
        "mde": 0.059178082191780806,
        "count": 365
    },
    "11-1": {
        "mde": 0.026301369863013704,
        "count": 365
    },
    "11-10": {
        "mde": 0.0016438356164383576,
        "count": 365
    },
    "11-11": {
        "mde": 0.03452054794520548,
        "count": 365
    },
    "11-2": {
        "mde": 0.012282963213697937,
        "count": 365
    },
    "11-3": {
        "mde": 0.01643835616438356,
        "count": 365
    },
    "11-4": {
        "mde": 0.0032876712328767117,
        "count": 365
    },
    "11-5": {
        "mde": 0.006575342465753426,
        "count": 365
    },
    "11-6": {
        "mde": 0.09395423740504685,
        "count": 365
    },
    "11-7": {
        "mde": 0.013783832559673156,
        "count": 365
    },
    "11-8": {
        "mde": 0.009863013698630138,
        "count": 365
    },
    "11-9": {
        "mde": 0.034157706977038106,
        "count": 365
    },
    "2-1": {
        "mde": 0.01889913878247339,
        "count": 365
    },
    "2-11": {
        "mde": 0.0,
        "count": 365
    },
    "3-1": {
        "mde": 0.0,
        "count": 365
    },
    "3-11": {
        "mde": 0.03261636041583087,
        "count": 365
    },
    "4-1": {
        "mde": 0.044168836652521186,
        "count": 365
    },
    "4-11": {
        "mde": 0.030386763902857925,
        "count": 365
    },
    "5-1": {
        "mde": 0.018284557192796154,
        "count": 365
    },
    "5-11": {
        "mde": 0.05962886965603734,
        "count": 365
    },
    "6-1": {
        "mde": 0.0527195635263542,
        "count": 365
    },
    "6-10": {
        "mde": 0.025843314002857568,
        "count": 365
    },
    "6-11": {
        "mde": 0.039174167498375836,
        "count": 365
    },
    "6-2": {
        "mde": 0.022989647722135003,
        "count": 365
    },
    "6-3": {
        "mde": 0.06188647515819824,
        "count": 365
    },
    "6-4": {
        "mde": 0.019348487037154534,
        "count": 365
    },
    "6-5": {
        "mde": 0.009863013698630137,
        "count": 365
    },
    "6-6": {
        "mde": 0.029589041095890414,
        "count": 365
    },
    "6-7": {
        "mde": 0.060750397024757305,
        "count": 365
    },
    "6-8": {
        "mde": 0.16184251292992868,
        "count": 365
    },
    "6-9": {
        "mde": 0.0486071773092673,
        "count": 365
    },
    "7-1": {
        "mde": 0.04531203617343723,
        "count": 365
    },
    "7-11": {
        "mde": 0.0166407215763578,
        "count": 365
    },
    "8-1": {
        "mde": 0.04465031944137268,
        "count": 365
    },
    "8-11": {
        "mde": 0.0016438356164383552,
        "count": 365
    },
    "9-1": {
        "mde": 0.03204034921678109,
        "count": 365
    },
    "9-11": {
        "mde": 0.03527851677958348,
        "count": 365
    }
}