{
    "1-1": {
        "mde": 0.012060301507537688,
        "count": 398
    },
    "1-10": {
        "mde": 0.006741913499999365,
        "count": 398
    },
    "1-11": {
        "mde": 0.07788226701963406,
        "count": 398
    },
    "1-2": {
        "mde": 0.006654593310110193,
        "count": 398
    },
    "1-3": {
        "mde": 0.05172696927013448,
        "count": 398
    },
    "1-4": {
        "mde": 0.004522613065326633,
        "count": 398
    },
    "1-5": {
        "mde": 0.028643216080402007,
        "count": 398
    },
    "1-6": {
        "mde": 0.04371859296482412,
        "count": 398
    },
    "1-7": {
        "mde": 0.016901159624514536,
        "count": 398
    },
    "1-8": {
        "mde": 0.06959137335703777,
        "count": 398
    },
    "1-9": {
        "mde": 0.04530045887194741,
        "count": 398
    },
    "10-1": {
        "mde": 0.06580444453247168,
        "count": 398
    },
    "10-11": {
        "mde": 0.024721124076886685,
        "count": 398
    },
    "11-1": {
        "mde": 0.014148489658996738,
        "count": 398
    },
    "11-10": {
        "mde": 0.006030150753768847,
        "count": 398
    },
    "11-11": {
        "mde": 0.010552763819095475,
        "count": 398
    },
    "11-2": {
        "mde": 0.10074637254986864,
        "count": 398
    },
    "11-3": {
        "mde": 0.03423347326507442,
        "count": 398
    },
    "11-4": {
        "mde": 0.01598340492518989,
        "count": 398
    },
    "11-5": {
        "mde": 0.013567839195979902,
        "count": 398
    },
    "11-6": {
        "mde": 0.040703517587939705,
        "count": 398
    },
    "11-7": {
        "mde": 0.0030150753768844215,
        "count": 398
    },
    "11-8": {
        "mde": 0.0030150753768844224,
        "count": 398
    },
    "11-9": {
        "mde": 0.012060301507537686,
        "count": 398
    },
    "2-1": {
        "mde": 0.0135678391959799,
        "count": 398
    },
    "2-11": {
        "mde": 0.0,
        "count": 398
    },
    "3-1": {
        "mde": 0.025170428027889265,
        "count": 398
    },
    "3-11": {
        "mde": 0.03476275554800692,
        "count": 398
    },
    "4-1": {
        "mde": 0.028366814813656233,
        "count": 398
    },
    "4-11": {
        "mde": 0.010871008870745696,
        "count": 398
    },
    "5-1": {
        "mde": 0.2787818219521599,
        "count": 398
    },
    "5-11": {
        "mde": 0.018335091950002578,
        "count": 398
    },
    "6-1": {
        "mde": 0.0,
        "count": 398
    },
    "6-10": {
        "mde": 0.01658291457286432,
        "count": 398
    },
    "6-11": {
        "mde": 0.036579239784019946,
        "count": 398
    },
    "6-2": {
        "mde": 0.031941106624920064,
        "count": 398
    },
    "6-3": {
        "mde": 0.06934673366834172,
        "count": 398
    },
    "6-4": {
        "mde": 0.02838836969072156,
        "count": 398
    },
    "6-5": {
        "mde": 0.03894113350981704,
        "count": 398
    },
    "6-6": {
        "mde": 0.03792285591166358,
        "count": 398
    },
    "6-7": {
        "mde": 0.056552525491595215,
        "count": 398
    },
    "6-8": {
        "mde": 0.052479479850515424,
        "count": 398
    },
    "6-9": {
        "mde": 0.013309186620220386,
        "count": 398
    },
    "7-1": {
        "mde": 0.0,
        "count": 398
    },
    "7-11": {
        "mde": 0.0030150753768844224,
        "count": 398
    },
    "8-1": {
        "mde": 0.3100365620650844,
        "count": 398
    },
    "8-11": {
        "mde": 0.016498902376883152,
        "count": 398
    },
    "9-1": {
        "mde": 0.11115306813142747,
        "count": 398
    },
    "9-11": {
        "mde": 0.0,
        "count": 398
    }
}