{
    "1-1": {
        "mde": 0.053476358918289404,
        "count": 386
    },
    "1-10": {
        "mde": 0.0450777202072539,
        "count": 386
    },
    "1-11": {
        "mde": 0.05249274033306064,
        "count": 386
    },
    "1-2": {
        "mde": 0.007872272179656964,
        "count": 386
    },
    "1-3": {
        "mde": 0.027979274611398965,
        "count": 386
    },
    "1-4": {
        "mde": 0.04884280585780719,
        "count": 386
    },
    "1-5": {
        "mde": 0.027979274611398965,
        "count": 386
    },
    "1-6": {
        "mde": 0.010880829015544045,
        "count": 386
    },
    "1-7": {
        "mde": 0.03539429473720571,
        "count": 386
    },
    "1-8": {
        "mde": 0.02797927461139896,
        "count": 386
    },
    "1-9": {
        "mde": 0.08271943759449585,
        "count": 386
    },
    "10-1": {
        "mde": 0.03575129533678757,
        "count": 386
    },
    "10-11": {
        "mde": 0.016277931536268775,
        "count": 386
    },
    "11-1": {
        "mde": 0.11610801085483138,
        "count": 386
    },
    "11-10": {
        "mde": 0.014366798995522201,
        "count": 386
    },
    "11-11": {
        "mde": 0.015544041450777198,
        "count": 386
    },
    "11-2": {
        "mde": 0.010981080469812401,
        "count": 386
    },
    "11-3": {
        "mde": 0.021761658031088083,
        "count": 386
    },
    "11-4": {
        "mde": 0.04982491552532826,
        "count": 386
    },
    "11-5": {
        "mde": 0.057512953367875645,
        "count": 386
    },
    "11-6": {
        "mde": 0.01709844559585492,
        "count": 386
    },
    "11-7": {
        "mde": 0.02176165803108808,
        "count": 386
    },
    "11-8": {
        "mde": 0.0031088082901554385,
        "count": 386
    },
    "11-9": {
        "mde": 0.0,
        "count": 386
    },
    "2-1": {
        "mde": 0.1274726837276788,
        "count": 386
    },
    "2-11": {
        "mde": 0.1556613507104626,
        "count": 386
    },
    "3-1": {
        "mde": 0.017586075387022945,
        "count": 386
    },
    "3-11": {
        "mde": 0.06986294694873921,
        "count": 386
    },
    "4-1": {
        "mde": 0.025112167494409605,
        "count": 386
    },
    "4-11": {
        "mde": 0.03551532429417089,
        "count": 386
    },
    "5-1": {
        "mde": 0.026535338567666537,
        "count": 386
    },
    "5-11": {
        "mde": 0.020584415575833084,
        "count": 386
    },
    "6-1": {
        "mde": 0.04804549614948099,
        "count": 386
    },
    "6-10": {
        "mde": 0.017011821621760348,
        "count": 386
    },
    "6-11": {
        "mde": 0.01865284974093264,
        "count": 386
    },
    "6-2": {
        "mde": 0.013536068288859122,
        "count": 386
    },
    "6-3": {
        "mde": 0.014743960685344929,
        "count": 386
    },
    "6-4": {
        "mde": 0.04903428632105867,
        "count": 386
    },
    "6-5": {
        "mde": 0.004663212435233161,
        "count": 386
    },
    "6-6": {
        "mde": 0.02605324865795345,
        "count": 386
    },
    "6-7": {
        "mde": 0.1164912518349861,
        "count": 386
    },
    "6-8": {
        "mde": 0.05492328909072159,
        "count": 386
    },
    "6-9": {
        "mde": 0.02817433005003816,
        "count": 386
    },
    "7-1": {
        "mde": 0.0,
        "count": 386
    },
    "7-11": {
        "mde": 0.02935701997519069,
        "count": 386
    },
    "8-1": {
        "mde": 0.023316062176165803,
        "count": 386
    },
    "8-11": {
        "mde": 0.07927461139896373,
        "count": 386
    },
    "9-1": {
        "mde": 0.01604853158601569,
        "count": 386
    },
    "9-11": {
        "mde": 0.028733597991044413,
        "count": 386
    }
}