{
    "1-1": {
        "mde": 0.01507537688442211,
        "count": 398
    },
    "1-10": {
        "mde": 0.0973356787909041,
        "count": 398
    },
    "1-11": {
        "mde": 0.0628778478188679,
        "count": 398
    },
    "1-2": {
        "mde": 0.053579426626879666,
        "count": 398
    },
    "1-3": {
        "mde": 0.08684747723788742,
        "count": 398
    },
    "1-4": {
        "mde": 0.2201005025125628,
        "count": 398
    },
    "1-5": {
        "mde": 0.03768844221105527,
        "count": 398
    },
    "1-6": {
        "mde": 0.021105527638190957,
        "count": 398
    },
    "1-7": {
        "mde": 0.12721381629216258,
        "count": 398
    },
    "1-8": {
        "mde": 0.16706242637897817,
        "count": 398
    },
    "1-9": {
        "mde": 0.03131034346097176,
        "count": 398
    },
    "10-1": {
        "mde": 0.02674186263725104,
        "count": 398
    },
    "10-11": {
        "mde": 0.01507537688442211,
        "count": 398
    },
    "11-1": {
        "mde": 0.12211055276381907,
        "count": 398
    },
    "11-10": {
        "mde": 0.02110552763819096,
        "count": 398
    },
    "11-11": {
        "mde": 0.03316582914572864,
        "count": 398
    },
    "11-2": {
        "mde": 0.18549837971302743,
        "count": 398
    },
    "11-3": {
        "mde": 0.12859761987413804,
        "count": 398
    },
    "11-4": {
        "mde": 0.16022503740149402,
        "count": 398
    },
    "11-5": {
        "mde": 0.04851524931239849,
        "count": 398
    },
    "11-6": {
        "mde": 0.11769507710331478,
        "count": 398
    },
    "11-7": {
        "mde": 0.02110552763819095,
        "count": 398
    },
    "11-8": {
        "mde": 0.0030150753768844224,
        "count": 398
    },
    "11-9": {
        "mde": 0.01507537688442211,
        "count": 398
    },
    "2-1": {
        "mde": 0.07537688442211055,
        "count": 398
    },
    "2-11": {
        "mde": 0.05119442553091163,
        "count": 398
    },
    "3-1": {
        "mde": 0.0015075376884422112,
        "count": 398
    },
    "3-11": {
        "mde": 0.022931310378283384,
        "count": 398
    },
    "4-1": {
        "mde": 0.019725014985049843,
        "count": 398
    },
    "4-11": {
        "mde": 0.11429646305486225,
        "count": 398
    },
    "5-1": {
        "mde": 0.22424803327058854,
        "count": 398
    },
    "5-11": {
        "mde": 0.04934188396580427,
        "count": 398
    },
    "6-1": {
        "mde": 0.03015075376884422,
        "count": 398
    },
    "6-10": {
        "mde": 0.031717585873048675,
        "count": 398
    },
    "6-11": {
        "mde": 0.03015075376884422,
        "count": 398
    },
    "6-2": {
        "mde": 0.024351229816707964,
        "count": 398
    },
    "6-3": {
        "mde": 0.006030150753768845,
        "count": 398
    },
    "6-4": {
        "mde": 0.12235697587011789,
        "count": 398
    },
    "6-5": {
        "mde": 0.0271356783919598,
        "count": 398
    },
    "6-6": {
        "mde": 0.009045226130653266,
        "count": 398
    },
    "6-7": {
        "mde": 0.2828549702215732,
        "count": 398
    },
    "6-8": {
        "mde": 0.27576246711042385,
        "count": 398
    },
    "6-9": {
        "mde": 0.17740836594152165,
        "count": 398
    },
    "7-1": {
        "mde": 0.010552763819095479,
        "count": 398
    },
    "7-11": {
        "mde": 0.007903478422792891,
        "count": 398
    },
    "8-1": {
        "mde": 0.12209084302578097,
        "count": 398
    },
    "8-11": {
        "mde": 0.0914417679733126,
        "count": 398
    },
    "9-1": {
        "mde": 0.10508774462185835,
        "count": 398
    },
    "9-11": {
        "mde": 0.006386032126884104,
        "count": 398
    }
}