{
    "1-1": {
        "mde": 0.004931506849315068,
        "count": 365
    },
    "1-10": {
        "mde": 0.18233361903830075,
        "count": 365
    },
    "1-11": {
        "mde": 0.06410958904109587,
        "count": 365
    },
    "1-2": {
        "mde": 0.07561643835616438,
        "count": 365
    },
    "1-3": {
        "mde": 0.05956613914109555,
        "count": 365
    },
    "1-4": {
        "mde": 0.07196777990638761,
        "count": 365
    },
    "1-5": {
        "mde": 0.043144456851345735,
        "count": 365
    },
    "1-6": {
        "mde": 0.052999159129847234,
        "count": 365
    },
    "1-7": {
        "mde": 0.1738452719393181,
        "count": 365
    },
    "1-8": {
        "mde": 0.014794520547945202,
        "count": 365
    },
    "1-9": {
        "mde": 0.03027354717534039,
        "count": 365
    },
    "10-1": {
        "mde": 0.03475419554585909,
        "count": 365
    },
    "10-11": {
        "mde": 0.1282038982765719,
        "count": 365
    },
    "11-1": {
        "mde": 0.1347945205479452,
        "count": 365
    },
    "11-10": {
        "mde": 0.006293304862596474,
        "count": 365
    },
    "11-11": {
        "mde": 0.09534246575342467,
        "count": 365
    },
    "11-2": {
        "mde": 0.033897278282219216,
        "count": 365
    },
    "11-3": {
        "mde": 0.15231263712245321,
        "count": 365
    },
    "11-4": {
        "mde": 0.08383561643835617,
        "count": 365
    },
    "11-5": {
        "mde": 0.06575342465753424,
        "count": 365
    },
    "11-6": {
        "mde": 0.044383561643835626,
        "count": 365
    },
    "11-7": {
        "mde": 0.07881753192660913,
        "count": 365
    },
    "11-8": {
        "mde": 0.004931506849315066,
        "count": 365
    },
    "11-9": {
        "mde": 0.03780821917808219,
        "count": 365
    },
    "2-1": {
        "mde": 0.019060671091425598,
        "count": 365
    },
    "2-11": {
        "mde": 0.06248184725863794,
        "count": 365
    },
    "3-1": {
        "mde": 0.031465001337088315,
        "count": 365
    },
    "3-11": {
        "mde": 0.06570511143691354,
        "count": 365
    },
    "4-1": {
        "mde": 0.04213694408676811,
        "count": 365
    },
    "4-11": {
        "mde": 0.055005591415118016,
        "count": 365
    },
    "5-1": {
        "mde": 0.03917001719136359,
        "count": 365
    },
    "5-11": {
        "mde": 0.03394566828472255,
        "count": 365
    },
    "6-1": {
        "mde": 0.05769822122012347,
        "count": 365
    },
    "6-10": {
        "mde": 0.1104877458888496,
        "count": 365
    },
    "6-11": {
        "mde": 0.11213608224982981,
        "count": 365
    },
    "6-2": {
        "mde": 0.04266972711655587,
        "count": 365
    },
    "6-3": {
        "mde": 0.07342511781968825,
        "count": 365
    },
    "6-4": {
        "mde": 0.025637699766678054,
        "count": 365
    },
    "6-5": {
        "mde": 0.02794520547945205,
        "count": 365
    },
    "6-6": {
        "mde": 0.0646276211762837,
        "count": 365
    },
    "6-7": {
        "mde": 0.38481757687555096,
        "count": 365
    },
    "6-8": {
        "mde": 0.12404673465977417,
        "count": 365
    },
    "6-9": {
        "mde": 0.10637299445398145,
        "count": 365
    },
    "7-1": {
        "mde": 0.0817292590325816,
        "count": 365
    },
    "7-11": {
        "mde": 0.08649642769969614,
        "count": 365
    },
    "8-1": {
        "mde": 0.06597689362385531,
        "count": 365
    },
    "8-11": {
        "mde": 0.023401755579451695,
        "count": 365
    },
    "9-1": {
        "mde": 0.04382181876058478,
        "count": 365
    },
    "9-11": {
        "mde": 0.02236528976788601,
        "count": 365
    }
}