{
    "1-1": {
        "mde": 0.008653846153846153,
        "count": 416
    },
    "1-10": {
        "mde": 0.06993395437790312,
        "count": 416
    },
    "1-11": {
        "mde": 0.01586538461538461,
        "count": 416
    },
    "1-2": {
        "mde": 0.024944478503042853,
        "count": 416
    },
    "1-3": {
        "mde": 0.010096153846153847,
        "count": 416
    },
    "1-4": {
        "mde": 0.02486919329872974,
        "count": 416
    },
    "1-5": {
        "mde": 0.018750000000000003,
        "count": 416
    },
    "1-6": {
        "mde": 0.0430254113867961,
        "count": 416
    },
    "1-7": {
        "mde": 0.07008766886762988,
        "count": 416
    },
    "1-8": {
        "mde": 0.04946691135689185,
        "count": 416
    },
    "1-9": {
        "mde": 0.02754666275998959,
        "count": 416
    },
    "10-1": {
        "mde": 0.061131888909880146,
        "count": 416
    },
    "10-11": {
        "mde": 0.006964077583768545,
        "count": 416
    },
    "11-1": {
        "mde": 0.047698655497882894,
        "count": 416
    },
    "11-10": {
        "mde": 0.006366654176499653,
        "count": 416
    },
    "11-11": {
        "mde": 0.07355769230769231,
        "count": 416
    },
    "11-2": {
        "mde": 0.16861644373905363,
        "count": 416
    },
    "11-3": {
        "mde": 0.02451923076923077,
        "count": 416
    },
    "11-4": {
        "mde": 0.005769230769230768,
        "count": 416
    },
    "11-5": {
        "mde": 0.030288461538461535,
        "count": 416
    },
    "11-6": {
        "mde": 0.04903846153846154,
        "count": 416
    },
    "11-7": {
        "mde": 0.08094678696002545,
        "count": 416
    },
    "11-8": {
        "mde": 0.014657131240627471,
        "count": 416
    },
    "11-9": {
        "mde": 0.04012017378806533,
        "count": 416
    },
    "2-1": {
        "mde": 0.012733308352999314,
        "count": 416
    },
    "2-11": {
        "mde": 0.032071251890624694,
        "count": 416
    },
    "3-1": {
        "mde": 0.0014423076923076926,
        "count": 416
    },
    "3-11": {
        "mde": 0.07719924670660493,
        "count": 416
    },
    "4-1": {
        "mde": 0.008653846153846153,
        "count": 416
    },
    "4-11": {
        "mde": 0.04048711703634444,
        "count": 416
    },
    "5-1": {
        "mde": 0.07500683420533084,
        "count": 416
    },
    "5-11": {
        "mde": 0.037840482659855464,
        "count": 416
    },
    "6-1": {
        "mde": 0.03148694984833456,
        "count": 416
    },
    "6-10": {
        "mde": 0.050874603088783665,
        "count": 416
    },
    "6-11": {
        "mde": 0.11971153846153845,
        "count": 416
    },
    "6-2": {
        "mde": 0.022572521451739738,
        "count": 416
    },
    "6-3": {
        "mde": 0.17360270376466638,
        "count": 416
    },
    "6-4": {
        "mde": 0.06601489848211878,
        "count": 416
    },
    "6-5": {
        "mde": 0.11784888814850202,
        "count": 416
    },
    "6-6": {
        "mde": 0.09166370170658943,
        "count": 416
    },
    "6-7": {
        "mde": 0.141068110739556,
        "count": 416
    },
    "6-8": {
        "mde": 0.014708710135363802,
        "count": 416
    },
    "6-9": {
        "mde": 0.054345012141064866,
        "count": 416
    },
    "7-1": {
        "mde": 0.23743336121247532,
        "count": 416
    },
    "7-11": {
        "mde": 0.12896222978580446,
        "count": 416
    },
    "8-1": {
        "mde": 0.018614588012321766,
        "count": 416
    },
    "8-11": {
        "mde": 0.0252001960889417,
        "count": 416
    },
    "9-1": {
        "mde": 0.0014423076923076915,
        "count": 416
    },
    "9-11": {
        "mde": 0.05952234696683065,
        "count": 416
    }
}