{
    "1-1": {
        "mde": 0.17761194029850746,
        "count": 402
    },
    "1-10": {
        "mde": 0.008955223880597015,
        "count": 402
    },
    "1-11": {
        "mde": 0.026576490260993582,
        "count": 402
    },
    "1-2": {
        "mde": 0.062346197201563855,
        "count": 402
    },
    "1-3": {
        "mde": 0.0586540616139508,
        "count": 402
    },
    "1-4": {
        "mde": 0.06848950681928573,
        "count": 402
    },
    "1-5": {
        "mde": 0.03354050142537251,
        "count": 402
    },
    "1-6": {
        "mde": 0.01522095377191876,
        "count": 402
    },
    "1-7": {
        "mde": 0.010762839628250713,
        "count": 402
    },
    "1-8": {
        "mde": 0.04415798879716107,
        "count": 402
    },
    "1-9": {
        "mde": 0.0642819159813392,
        "count": 402
    },
    "10-1": {
        "mde": 0.1928277191969393,
        "count": 402
    },
    "10-11": {
        "mde": 0.05899091013295181,
        "count": 402
    },
    "11-1": {
        "mde": 0.06809029754001987,
        "count": 402
    },
    "11-10": {
        "mde": 0.07231872466392347,
        "count": 402
    },
    "11-11": {
        "mde": 0.04044629778148177,
        "count": 402
    },
    "11-2": {
        "mde": 0.03329016908044676,
        "count": 402
    },
    "11-3": {
        "mde": 0.008702913275888508,
        "count": 402
    },
    "11-4": {
        "mde": 0.0373134328358209,
        "count": 402
    },
    "11-5": {
        "mde": 0.16902926541732644,
        "count": 402
    },
    "11-6": {
        "mde": 0.12537541615080722,
        "count": 402
    },
    "11-7": {
        "mde": 0.008955223880597015,
        "count": 402
    },
    "11-8": {
        "mde": 0.026865671641791048,
        "count": 402
    },
    "11-9": {
        "mde": 0.09308872654812396,
        "count": 402
    },
    "2-1": {
        "mde": 0.01280073316797235,
        "count": 402
    },
    "2-11": {
        "mde": 0.04055205040778231,
        "count": 402
    },
    "3-1": {
        "mde": 0.02514655516803474,
        "count": 402
    },
    "3-11": {
        "mde": 0.008699144962307748,
        "count": 402
    },
    "4-1": {
        "mde": 0.07721438220673926,
        "count": 402
    },
    "4-11": {
        "mde": 0.29779082360470316,
        "count": 402
    },
    "5-1": {
        "mde": 0.0,
        "count": 402
    },
    "5-11": {
        "mde": 0.13675409416695336,
        "count": 402
    },
    "6-1": {
        "mde": 0.06716417910447761,
        "count": 402
    },
    "6-10": {
        "mde": 0.12710787710472893,
        "count": 402
    },
    "6-11": {
        "mde": 0.08059701492537309,
        "count": 402
    },
    "6-2": {
        "mde": 0.02159613947691589,
        "count": 402
    },
    "6-3": {
        "mde": 0.002985074626865672,
        "count": 402
    },
    "6-4": {
        "mde": 0.13523906426159168,
        "count": 402
    },
    "6-5": {
        "mde": 0.04522848932812668,
        "count": 402
    },
    "6-6": {
        "mde": 0.06522432988463746,
        "count": 402
    },
    "6-7": {
        "mde": 0.016417910447761197,
        "count": 402
    },
    "6-8": {
        "mde": 0.19292177118625384,
        "count": 402
    },
    "6-9": {
        "mde": 0.07244509504194342,
        "count": 402
    },
    "7-1": {
        "mde": 0.1310872046638003,
        "count": 402
    },
    "7-11": {
        "mde": 0.015287523413610874,
        "count": 402
    },
    "8-1": {
        "mde": 0.07761194029850742,
        "count": 402
    },
    "8-11": {
        "mde": 0.016334734194028595,
        "count": 402
    },
    "9-1": {
        "mde": 0.02660959272350178,
        "count": 402
    },
    "9-11": {
        "mde": 0.09958410351005725,
        "count": 402
    }
}