{
    "1-1": {
        "mde": 0.09648241206030152,
        "count": 398
    },
    "1-10": {
        "mde": 0.02164595799855113,
        "count": 398
    },
    "1-11": {
        "mde": 0.08607156360851792,
        "count": 398
    },
    "1-2": {
        "mde": 0.02581268969076251,
        "count": 398
    },
    "1-3": {
        "mde": 0.08867284355020202,
        "count": 398
    },
    "1-4": {
        "mde": 0.03015075376884422,
        "count": 398
    },
    "1-5": {
        "mde": 0.027135678391959798,
        "count": 398
    },
    "1-6": {
        "mde": 0.04824120603015075,
        "count": 398
    },
    "1-7": {
        "mde": 0.08117247769403807,
        "count": 398
    },
    "1-8": {
        "mde": 0.2002780469530124,
        "count": 398
    },
    "1-9": {
        "mde": 0.03994235814265918,
        "count": 398
    },
    "10-1": {
        "mde": 0.02235441275087365,
        "count": 398
    },
    "10-11": {
        "mde": 0.048241206030150745,
        "count": 398
    },
    "11-1": {
        "mde": 0.1100502512562814,
        "count": 398
    },
    "11-10": {
        "mde": 0.02110552763819096,
        "count": 398
    },
    "11-11": {
        "mde": 0.009045226130653266,
        "count": 398
    },
    "11-2": {
        "mde": 0.4824949781182819,
        "count": 398
    },
    "11-3": {
        "mde": 0.15874837364298222,
        "count": 398
    },
    "11-4": {
        "mde": 0.07826287034405506,
        "count": 398
    },
    "11-5": {
        "mde": 0.023345557941303118,
        "count": 398
    },
    "11-6": {
        "mde": 0.042318192681204236,
        "count": 398
    },
    "11-7": {
        "mde": 0.007537688442211054,
        "count": 398
    },
    "11-8": {
        "mde": 0.03467336683417086,
        "count": 398
    },
    "11-9": {
        "mde": 0.009045226130653266,
        "count": 398
    },
    "2-1": {
        "mde": 0.027135678391959798,
        "count": 398
    },
    "2-11": {
        "mde": 0.09738203178768495,
        "count": 398
    },
    "3-1": {
        "mde": 0.013933629176561737,
        "count": 398
    },
    "3-11": {
        "mde": 0.03825132695140154,
        "count": 398
    },
    "4-1": {
        "mde": 0.013933629176561737,
        "count": 398
    },
    "4-11": {
        "mde": 0.1151416238053696,
        "count": 398
    },
    "5-1": {
        "mde": 0.31470003169740296,
        "count": 398
    },
    "5-11": {
        "mde": 0.03771156741989643,
        "count": 398
    },
    "6-1": {
        "mde": 0.009045226130653268,
        "count": 398
    },
    "6-10": {
        "mde": 0.039205092221275176,
        "count": 398
    },
    "6-11": {
        "mde": 0.015075376884422113,
        "count": 398
    },
    "6-2": {
        "mde": 0.0313148988939063,
        "count": 398
    },
    "6-3": {
        "mde": 0.04371859296482412,
        "count": 398
    },
    "6-4": {
        "mde": 0.2707059588707026,
        "count": 398
    },
    "6-5": {
        "mde": 0.051256281407035184,
        "count": 398
    },
    "6-6": {
        "mde": 0.07074517562608641,
        "count": 398
    },
    "6-7": {
        "mde": 0.20756893791692674,
        "count": 398
    },
    "6-8": {
        "mde": 0.2509756394714279,
        "count": 398
    },
    "6-9": {
        "mde": 0.1037750087870144,
        "count": 398
    },
    "7-1": {
        "mde": 0.0577476857640692,
        "count": 398
    },
    "7-11": {
        "mde": 0.06962915087666774,
        "count": 398
    },
    "8-1": {
        "mde": 0.299460627634782,
        "count": 398
    },
    "8-11": {
        "mde": 0.15908270013903217,
        "count": 398
    },
    "9-1": {
        "mde": 0.1717905756538714,
        "count": 398
    },
    "9-11": {
        "mde": 0.003370956749999683,
        "count": 398
    }
}