{
    "1-1": {
        "mde": 0.007211538461538462,
        "count": 416
    },
    "1-10": {
        "mde": 0.06798281981427927,
        "count": 416
    },
    "1-11": {
        "mde": 0.03228629539490553,
        "count": 416
    },
    "1-2": {
        "mde": 0.055691102938521655,
        "count": 416
    },
    "1-3": {
        "mde": 0.03636216714076151,
        "count": 416
    },
    "1-4": {
        "mde": 0.01898405431755055,
        "count": 416
    },
    "1-5": {
        "mde": 0.010096153846153848,
        "count": 416
    },
    "1-6": {
        "mde": 0.047907860627855486,
        "count": 416
    },
    "1-7": {
        "mde": 0.05682126642457376,
        "count": 416
    },
    "1-8": {
        "mde": 0.0522087101353638,
        "count": 416
    },
    "1-9": {
        "mde": 0.05293928479190879,
        "count": 416
    },
    "10-1": {
        "mde": 0.03830242671072699,
        "count": 416
    },
    "10-11": {
        "mde": 0.03088588494573042,
        "count": 416
    },
    "11-1": {
        "mde": 0.08973058187826408,
        "count": 416
    },
    "11-10": {
        "mde": 0.005769230769230766,
        "count": 416
    },
    "11-11": {
        "mde": 0.04759615384615384,
        "count": 416
    },
    "11-2": {
        "mde": 0.09029880384558278,
        "count": 416
    },
    "11-3": {
        "mde": 0.1139423076923077,
        "count": 416
    },
    "11-4": {
        "mde": 0.002884615384615384,
        "count": 416
    },
    "11-5": {
        "mde": 0.03173076923076922,
        "count": 416
    },
    "11-6": {
        "mde": 0.09951923076923078,
        "count": 416
    },
    "11-7": {
        "mde": 0.007211538461538462,
        "count": 416
    },
    "11-8": {
        "mde": 0.03496534714488358,
        "count": 416
    },
    "11-9": {
        "mde": 0.047027237416534584,
        "count": 416
    },
    "2-1": {
        "mde": 0.02054227022180666,
        "count": 416
    },
    "2-11": {
        "mde": 0.18907960809012997,
        "count": 416
    },
    "3-1": {
        "mde": 0.002884615384615385,
        "count": 416
    },
    "3-11": {
        "mde": 0.07793070886537044,
        "count": 416
    },
    "4-1": {
        "mde": 0.008425412384082372,
        "count": 416
    },
    "4-11": {
        "mde": 0.05221414519592676,
        "count": 416
    },
    "5-1": {
        "mde": 0.04820596940879933,
        "count": 416
    },
    "5-11": {
        "mde": 0.049378944198317,
        "count": 416
    },
    "6-1": {
        "mde": 0.1075095061750399,
        "count": 416
    },
    "6-10": {
        "mde": 0.022700147426985357,
        "count": 416
    },
    "6-11": {
        "mde": 0.05048076923076923,
        "count": 416
    },
    "6-2": {
        "mde": 0.03527524757591111,
        "count": 416
    },
    "6-3": {
        "mde": 0.11366428843314245,
        "count": 416
    },
    "6-4": {
        "mde": 0.06257475693336709,
        "count": 416
    },
    "6-5": {
        "mde": 0.11837563720296004,
        "count": 416
    },
    "6-6": {
        "mde": 0.13685600767033373,
        "count": 416
    },
    "6-7": {
        "mde": 0.14508929074127488,
        "count": 416
    },
    "6-8": {
        "mde": 0.0441261304060914,
        "count": 416
    },
    "6-9": {
        "mde": 0.07548312348142222,
        "count": 416
    },
    "7-1": {
        "mde": 0.12315296395080172,
        "count": 416
    },
    "7-11": {
        "mde": 0.09398873806816793,
        "count": 416
    },
    "8-1": {
        "mde": 0.037624693619291404,
        "count": 416
    },
    "8-11": {
        "mde": 0.008994328813701621,
        "count": 416
    },
    "9-1": {
        "mde": 0.0,
        "count": 416
    },
    "9-11": {
        "mde": 0.1798865762740324,
        "count": 416
    }
}