{
    "1-1": {
        "mde": 0.011506849315068493,
        "count": 365
    },
    "1-10": {
        "mde": 0.09780924015797783,
        "count": 365
    },
    "1-11": {
        "mde": 0.0949649253933189,
        "count": 365
    },
    "1-2": {
        "mde": 0.05033506742763832,
        "count": 365
    },
    "1-3": {
        "mde": 0.031620933661643494,
        "count": 365
    },
    "1-4": {
        "mde": 0.12551755638409906,
        "count": 365
    },
    "1-5": {
        "mde": 0.04246183873125255,
        "count": 365
    },
    "1-6": {
        "mde": 0.3483454849747699,
        "count": 365
    },
    "1-7": {
        "mde": 0.13494117476633527,
        "count": 365
    },
    "1-8": {
        "mde": 0.020124888800744027,
        "count": 365
    },
    "1-9": {
        "mde": 0.029497433276710946,
        "count": 365
    },
    "10-1": {
        "mde": 0.027381130273138155,
        "count": 365
    },
    "10-11": {
        "mde": 0.1905117524737432,
        "count": 365
    },
    "11-1": {
        "mde": 0.0821917808219178,
        "count": 365
    },
    "11-10": {
        "mde": 0.013150684931506855,
        "count": 365
    },
    "11-11": {
        "mde": 0.1117808219178082,
        "count": 365
    },
    "11-2": {
        "mde": 0.2841235151831948,
        "count": 365
    },
    "11-3": {
        "mde": 0.13150684931506848,
        "count": 365
    },
    "11-4": {
        "mde": 0.21635469551648862,
        "count": 365
    },
    "11-5": {
        "mde": 0.014794520547945203,
        "count": 365
    },
    "11-6": {
        "mde": 0.01808219178082192,
        "count": 365
    },
    "11-7": {
        "mde": 0.04501670927200192,
        "count": 365
    },
    "11-8": {
        "mde": 0.004931506849315066,
        "count": 365
    },
    "11-9": {
        "mde": 0.03287671232876712,
        "count": 365
    },
    "2-1": {
        "mde": 0.04716864837404388,
        "count": 365
    },
    "2-11": {
        "mde": 0.001643835616438356,
        "count": 365
    },
    "3-1": {
        "mde": 0.0069742038692371805,
        "count": 365
    },
    "3-11": {
        "mde": 0.0319462658633592,
        "count": 365
    },
    "4-1": {
        "mde": 0.05399081129377301,
        "count": 365
    },
    "4-11": {
        "mde": 0.02236528976788601,
        "count": 365
    },
    "5-1": {
        "mde": 0.0872848401509727,
        "count": 365
    },
    "5-11": {
        "mde": 0.04407543978088975,
        "count": 365
    },
    "6-1": {
        "mde": 0.20909507257723325,
        "count": 365
    },
    "6-10": {
        "mde": 0.04787002511519492,
        "count": 365
    },
    "6-11": {
        "mde": 0.12857443841421334,
        "count": 365
    },
    "6-2": {
        "mde": 0.03452054794520548,
        "count": 365
    },
    "6-3": {
        "mde": 0.0257589803469205,
        "count": 365
    },
    "6-4": {
        "mde": 0.03022218872405672,
        "count": 365
    },
    "6-5": {
        "mde": 0.014794520547945207,
        "count": 365
    },
    "6-6": {
        "mde": 0.11950734414691577,
        "count": 365
    },
    "6-7": {
        "mde": 0.023176470433303207,
        "count": 365
    },
    "6-8": {
        "mde": 0.06600782379324904,
        "count": 365
    },
    "6-9": {
        "mde": 0.09147284856303314,
        "count": 365
    },
    "7-1": {
        "mde": 0.08354814046190427,
        "count": 365
    },
    "7-11": {
        "mde": 0.03598116792328491,
        "count": 365
    },
    "8-1": {
        "mde": 0.016837217567867317,
        "count": 365
    },
    "8-11": {
        "mde": 0.022712307659822413,
        "count": 365
    },
    "9-1": {
        "mde": 0.08816434134704208,
        "count": 365
    },
    "9-11": {
        "mde": 0.023412560033620737,
        "count": 365
    }
}