{
    "1-1": {
        "mde": 0.029850746268656716,
        "count": 402
    },
    "1-10": {
        "mde": 0.060156644305965755,
        "count": 402
    },
    "1-11": {
        "mde": 0.0,
        "count": 402
    },
    "1-2": {
        "mde": 0.035264801489506746,
        "count": 402
    },
    "1-3": {
        "mde": 0.015277713399253417,
        "count": 402
    },
    "1-4": {
        "mde": 0.08751239948176708,
        "count": 402
    },
    "1-5": {
        "mde": 0.07283457490548821,
        "count": 402
    },
    "1-6": {
        "mde": 0.007462686567164179,
        "count": 402
    },
    "1-7": {
        "mde": 0.010762839628250713,
        "count": 402
    },
    "1-8": {
        "mde": 0.041134944430882364,
        "count": 402
    },
    "1-9": {
        "mde": 0.009659904410447133,
        "count": 402
    },
    "10-1": {
        "mde": 0.16706572355634614,
        "count": 402
    },
    "10-11": {
        "mde": 0.03196151277966134,
        "count": 402
    },
    "11-1": {
        "mde": 0.03283582089552239,
        "count": 402
    },
    "11-10": {
        "mde": 0.08489487805843782,
        "count": 402
    },
    "11-11": {
        "mde": 0.06716417910447761,
        "count": 402
    },
    "11-2": {
        "mde": 0.0697350814933079,
        "count": 402
    },
    "11-3": {
        "mde": 0.044776119402985086,
        "count": 402
    },
    "11-4": {
        "mde": 0.038805970149253737,
        "count": 402
    },
    "11-5": {
        "mde": 0.05606209420144413,
        "count": 402
    },
    "11-6": {
        "mde": 0.0737318888901827,
        "count": 402
    },
    "11-7": {
        "mde": 0.0270494113815189,
        "count": 402
    },
    "11-8": {
        "mde": 0.038805970149253737,
        "count": 402
    },
    "11-9": {
        "mde": 0.10268453677242083,
        "count": 402
    },
    "2-1": {
        "mde": 0.05631688159195394,
        "count": 402
    },
    "2-11": {
        "mde": 0.052056832396587344,
        "count": 402
    },
    "3-1": {
        "mde": 0.0836297882785923,
        "count": 402
    },
    "3-11": {
        "mde": 0.01142814067088415,
        "count": 402
    },
    "4-1": {
        "mde": 0.04495688629741776,
        "count": 402
    },
    "4-11": {
        "mde": 0.04382191011193716,
        "count": 402
    },
    "5-1": {
        "mde": 0.03731343283582089,
        "count": 402
    },
    "5-11": {
        "mde": 0.18233117066770407,
        "count": 402
    },
    "6-1": {
        "mde": 0.05643320847150247,
        "count": 402
    },
    "6-10": {
        "mde": 0.027726106302300695,
        "count": 402
    },
    "6-11": {
        "mde": 0.02686567164179104,
        "count": 402
    },
    "6-2": {
        "mde": 0.024498826212497157,
        "count": 402
    },
    "6-3": {
        "mde": 0.004477611940298508,
        "count": 402
    },
    "6-4": {
        "mde": 0.012182503970400568,
        "count": 402
    },
    "6-5": {
        "mde": 0.05366277241860143,
        "count": 402
    },
    "6-6": {
        "mde": 0.12133945546127738,
        "count": 402
    },
    "6-7": {
        "mde": 0.4279744309508312,
        "count": 402
    },
    "6-8": {
        "mde": 0.15903323402867073,
        "count": 402
    },
    "6-9": {
        "mde": 0.10074138342955084,
        "count": 402
    },
    "7-1": {
        "mde": 0.2767286055936055,
        "count": 402
    },
    "7-11": {
        "mde": 0.022388059701492536,
        "count": 402
    },
    "8-1": {
        "mde": 0.01732171832158804,
        "count": 402
    },
    "8-11": {
        "mde": 0.04024625617841117,
        "count": 402
    },
    "9-1": {
        "mde": 0.027865740862253675,
        "count": 402
    },
    "9-11": {
        "mde": 0.18208955223880594,
        "count": 402
    }
}