{
    "1-1": {
        "mde": 0.487251428235336,
        "count": 345
    },
    "1-10": {
        "mde": 2.264262252116618,
        "count": 345
    },
    "1-11": {
        "mde": 2.655044277108295,
        "count": 345
    },
    "1-2": {
        "mde": 2.188724086874874,
        "count": 345
    },
    "1-3": {
        "mde": 0.7672170531534466,
        "count": 345
    },
    "1-4": {
        "mde": 3.1751751438100047,
        "count": 345
    },
    "1-5": {
        "mde": 2.358012130375036,
        "count": 345
    },
    "1-6": {
        "mde": 2.1638328734857097,
        "count": 345
    },
    "1-7": {
        "mde": 1.1662046147622251,
        "count": 345
    },
    "1-8": {
        "mde": 2.671015485808394,
        "count": 345
    },
    "1-9": {
        "mde": 4.70376955531121,
        "count": 345
    },
    "10-1": {
        "mde": 3.99381406733985,
        "count": 345
    },
    "10-11": {
        "mde": 3.716540117511919,
        "count": 345
    },
    "11-1": {
        "mde": 2.2142266780652156,
        "count": 345
    },
    "11-10": {
        "mde": 1.1816775313044314,
        "count": 345
    },
    "11-11": {
        "mde": 3.588568306285247,
        "count": 345
    },
    "11-2": {
        "mde": 1.1640207293235687,
        "count": 345
    },
    "11-3": {
        "mde": 1.0312955967313255,
        "count": 345
    },
    "11-4": {
        "mde": 1.7078260869565218,
        "count": 345
    },
    "11-5": {
        "mde": 0.28704564935571003,
        "count": 345
    },
    "11-6": {
        "mde": 1.6568515072935959,
        "count": 345
    },
    "11-7": {
        "mde": 0.12869565217391302,
        "count": 345
    },
    "11-8": {
        "mde": 3.911811307317744,
        "count": 345
    },
    "11-9": {
        "mde": 1.0993486866487998,
        "count": 345
    },
    "2-1": {
        "mde": 3.7691023563768,
        "count": 345
    },
    "2-11": {
        "mde": 2.423009997604939,
        "count": 345
    },
    "3-1": {
        "mde": 2.0455454056622253,
        "count": 345
    },
    "3-11": {
        "mde": 1.021183199804346,
        "count": 345
    },
    "4-1": {
        "mde": 1.4079569229684326,
        "count": 345
    },
    "4-11": {
        "mde": 1.6450736295768043,
        "count": 345
    },
    "5-1": {
        "mde": 0.9791845933461234,
        "count": 345
    },
    "5-11": {
        "mde": 2.2314985333976014,
        "count": 345
    },
    "6-1": {
        "mde": 3.610188291774214,
        "count": 345
    },
    "6-10": {
        "mde": 0.6868108058658959,
        "count": 345
    },
    "6-11": {
        "mde": 2.6469903029528385,
        "count": 345
    },
    "6-2": {
        "mde": 1.0894653152168678,
        "count": 345
    },
    "6-3": {
        "mde": 1.550475354120946,
        "count": 345
    },
    "6-4": {
        "mde": 2.798762791733761,
        "count": 345
    },
    "6-5": {
        "mde": 2.5993237820103228,
        "count": 345
    },
    "6-6": {
        "mde": 3.991231581570711,
        "count": 345
    },
    "6-7": {
        "mde": 2.609896022981445,
        "count": 345
    },
    "6-8": {
        "mde": 2.3866760794841113,
        "count": 345
    },
    "6-9": {
        "mde": 2.0266159956602534,
        "count": 345
    },
    "7-1": {
        "mde": 2.7450457842989446,
        "count": 345
    },
    "7-11": {
        "mde": 1.8087509878784707,
        "count": 345
    },
    "8-1": {
        "mde": 0.09565217391304348,
        "count": 345
    },
    "8-11": {
        "mde": 1.171472848575704,
        "count": 345
    },
    "9-1": {
        "mde": 2.9108273596621554,
        "count": 345
    },
    "9-11": {
        "mde": 1.3162748415644692,
        "count": 345
    }
}