{
    "1-1": {
        "mde": 0.31130434782608696,
        "count": 345
    },
    "1-10": {
        "mde": 0.09819980484383192,
        "count": 345
    },
    "1-11": {
        "mde": 0.8799528462435802,
        "count": 345
    },
    "1-2": {
        "mde": 1.0249098856766259,
        "count": 345
    },
    "1-3": {
        "mde": 0.6396645830304741,
        "count": 345
    },
    "1-4": {
        "mde": 1.792844603601917,
        "count": 345
    },
    "1-5": {
        "mde": 0.07282801244102508,
        "count": 345
    },
    "1-6": {
        "mde": 1.236210690488301,
        "count": 345
    },
    "1-7": {
        "mde": 2.174654590486611,
        "count": 345
    },
    "1-8": {
        "mde": 1.9659484108930472,
        "count": 345
    },
    "1-9": {
        "mde": 0.003478260869565218,
        "count": 345
    },
    "10-1": {
        "mde": 0.26142356556268964,
        "count": 345
    },
    "10-11": {
        "mde": 1.4050343096604687,
        "count": 345
    },
    "11-1": {
        "mde": 1.0956521739130434,
        "count": 345
    },
    "11-10": {
        "mde": 0.17043478260869557,
        "count": 345
    },
    "11-11": {
        "mde": 0.615652173913043,
        "count": 345
    },
    "11-2": {
        "mde": 0.9150155886684748,
        "count": 345
    },
    "11-3": {
        "mde": 1.1586714225695647,
        "count": 345
    },
    "11-4": {
        "mde": 0.6332388372211346,
        "count": 345
    },
    "11-5": {
        "mde": 1.5947826086956522,
        "count": 345
    },
    "11-6": {
        "mde": 0.6034782608695651,
        "count": 345
    },
    "11-7": {
        "mde": 0.11023506922979914,
        "count": 345
    },
    "11-8": {
        "mde": 0.5965217391304344,
        "count": 345
    },
    "11-9": {
        "mde": 0.7651531094407626,
        "count": 345
    },
    "2-1": {
        "mde": 0.7029612218646389,
        "count": 345
    },
    "2-11": {
        "mde": 0.6020213524524667,
        "count": 345
    },
    "3-1": {
        "mde": 0.025304040322544605,
        "count": 345
    },
    "3-11": {
        "mde": 0.44545698680868606,
        "count": 345
    },
    "4-1": {
        "mde": 0.68,
        "count": 345
    },
    "4-11": {
        "mde": 0.1389081157930989,
        "count": 345
    },
    "5-1": {
        "mde": 0.012173913043478259,
        "count": 345
    },
    "5-11": {
        "mde": 1.124071292539754,
        "count": 345
    },
    "6-1": {
        "mde": 2.399915900817087,
        "count": 345
    },
    "6-10": {
        "mde": 0.06200430581304091,
        "count": 345
    },
    "6-11": {
        "mde": 0.9499410725251822,
        "count": 345
    },
    "6-2": {
        "mde": 1.225819874835289,
        "count": 345
    },
    "6-3": {
        "mde": 0.22997577039565184,
        "count": 345
    },
    "6-4": {
        "mde": 0.8251704642019937,
        "count": 345
    },
    "6-5": {
        "mde": 0.35501705216737983,
        "count": 345
    },
    "6-6": {
        "mde": 0.10675680836023393,
        "count": 345
    },
    "6-7": {
        "mde": 0.5614986771814323,
        "count": 345
    },
    "6-8": {
        "mde": 1.0592190575901301,
        "count": 345
    },
    "6-9": {
        "mde": 1.0063669194932434,
        "count": 345
    },
    "7-1": {
        "mde": 2.80737846637804,
        "count": 345
    },
    "7-11": {
        "mde": 1.7199999999999995,
        "count": 345
    },
    "8-1": {
        "mde": 0.2452173913043478,
        "count": 345
    },
    "8-11": {
        "mde": 0.015652173913043473,
        "count": 345
    },
    "9-1": {
        "mde": 0.786007904125638,
        "count": 345
    },
    "9-11": {
        "mde": 0.16225590861190659,
        "count": 345
    }
}