{
    "1-1": {
        "mde": 0.3008695652173913,
        "count": 345
    },
    "1-10": {
        "mde": 0.07364750547635067,
        "count": 345
    },
    "1-11": {
        "mde": 0.7319753937540769,
        "count": 345
    },
    "1-2": {
        "mde": 0.4926462448214327,
        "count": 345
    },
    "1-3": {
        "mde": 0.3837301092419703,
        "count": 345
    },
    "1-4": {
        "mde": 1.170922689952991,
        "count": 345
    },
    "1-5": {
        "mde": 0.054341236958670124,
        "count": 345
    },
    "1-6": {
        "mde": 1.0241244624246797,
        "count": 345
    },
    "1-7": {
        "mde": 0.856123472510281,
        "count": 345
    },
    "1-8": {
        "mde": 0.4698931821944772,
        "count": 345
    },
    "1-9": {
        "mde": 0.03304347826086957,
        "count": 345
    },
    "10-1": {
        "mde": 0.06608695652173914,
        "count": 345
    },
    "10-11": {
        "mde": 0.5790388381252535,
        "count": 345
    },
    "11-1": {
        "mde": 0.9582608695652175,
        "count": 345
    },
    "11-10": {
        "mde": 0.42956521739130415,
        "count": 345
    },
    "11-11": {
        "mde": 1.2,
        "count": 345
    },
    "11-2": {
        "mde": 1.6179747280629189,
        "count": 345
    },
    "11-3": {
        "mde": 1.2519033220934117,
        "count": 345
    },
    "11-4": {
        "mde": 1.3776735263655102,
        "count": 345
    },
    "11-5": {
        "mde": 0.808695652173913,
        "count": 345
    },
    "11-6": {
        "mde": 2.1234782608695655,
        "count": 345
    },
    "11-7": {
        "mde": 0.03719159096892957,
        "count": 345
    },
    "11-8": {
        "mde": 0.5704347826086954,
        "count": 345
    },
    "11-9": {
        "mde": 1.2090597786300845,
        "count": 345
    },
    "2-1": {
        "mde": 0.5592165280925132,
        "count": 345
    },
    "2-11": {
        "mde": 0.5881908416321913,
        "count": 345
    },
    "3-1": {
        "mde": 0.003478260869565217,
        "count": 345
    },
    "3-11": {
        "mde": 0.4580284829181722,
        "count": 345
    },
    "4-1": {
        "mde": 0.11130434782608693,
        "count": 345
    },
    "4-11": {
        "mde": 0.22275799086495132,
        "count": 345
    },
    "5-1": {
        "mde": 0.022608695652173907,
        "count": 345
    },
    "5-11": {
        "mde": 2.1361021026069453,
        "count": 345
    },
    "6-1": {
        "mde": 1.2158256543343335,
        "count": 345
    },
    "6-10": {
        "mde": 0.9330070962303749,
        "count": 345
    },
    "6-11": {
        "mde": 0.8574011550590397,
        "count": 345
    },
    "6-2": {
        "mde": 0.6472411522316242,
        "count": 345
    },
    "6-3": {
        "mde": 0.7933132407316686,
        "count": 345
    },
    "6-4": {
        "mde": 0.4795046275785269,
        "count": 345
    },
    "6-5": {
        "mde": 0.5391304347826087,
        "count": 345
    },
    "6-6": {
        "mde": 0.1370973076432092,
        "count": 345
    },
    "6-7": {
        "mde": 0.6557485692948837,
        "count": 345
    },
    "6-8": {
        "mde": 0.16425826624199136,
        "count": 345
    },
    "6-9": {
        "mde": 1.5843058391658025,
        "count": 345
    },
    "7-1": {
        "mde": 2.1713239238478197,
        "count": 345
    },
    "7-11": {
        "mde": 0.6444858047166739,
        "count": 345
    },
    "8-1": {
        "mde": 0.382608695652174,
        "count": 345
    },
    "8-11": {
        "mde": 0.11105886013771056,
        "count": 345
    },
    "9-1": {
        "mde": 0.7879611951834147,
        "count": 345
    },
    "9-11": {
        "mde": 1.0025583177240376,
        "count": 345
    }
}