{
    "1-1": {
        "mde": 0.39652173913043476,
        "count": 345
    },
    "1-10": {
        "mde": 0.09919000001364399,
        "count": 345
    },
    "1-11": {
        "mde": 0.716531589841648,
        "count": 345
    },
    "1-2": {
        "mde": 0.8349753265315694,
        "count": 345
    },
    "1-3": {
        "mde": 0.1829317246920332,
        "count": 345
    },
    "1-4": {
        "mde": 1.0460824533023476,
        "count": 345
    },
    "1-5": {
        "mde": 0.13717111099989496,
        "count": 345
    },
    "1-6": {
        "mde": 1.6512655859112901,
        "count": 345
    },
    "1-7": {
        "mde": 1.6584112563665,
        "count": 345
    },
    "1-8": {
        "mde": 0.43950813093119395,
        "count": 345
    },
    "1-9": {
        "mde": 0.057955748383194346,
        "count": 345
    },
    "10-1": {
        "mde": 0.14685058941667095,
        "count": 345
    },
    "10-11": {
        "mde": 0.982066662634477,
        "count": 345
    },
    "11-1": {
        "mde": 0.42782608695652163,
        "count": 345
    },
    "11-10": {
        "mde": 0.44941602358673555,
        "count": 345
    },
    "11-11": {
        "mde": 1.2041793464998831,
        "count": 345
    },
    "11-2": {
        "mde": 0.955956194942109,
        "count": 345
    },
    "11-3": {
        "mde": 1.2150413457853795,
        "count": 345
    },
    "11-4": {
        "mde": 0.23506483071333634,
        "count": 345
    },
    "11-5": {
        "mde": 0.07652173913043478,
        "count": 345
    },
    "11-6": {
        "mde": 0.6034782608695651,
        "count": 345
    },
    "11-7": {
        "mde": 0.0327494815562527,
        "count": 345
    },
    "11-8": {
        "mde": 0.5826086956521735,
        "count": 345
    },
    "11-9": {
        "mde": 1.231078427731603,
        "count": 345
    },
    "2-1": {
        "mde": 0.38719766642846964,
        "count": 345
    },
    "2-11": {
        "mde": 0.5874980666101598,
        "count": 345
    },
    "3-1": {
        "mde": 0.0,
        "count": 345
    },
    "3-11": {
        "mde": 0.2619226978703722,
        "count": 345
    },
    "4-1": {
        "mde": 0.11862800443639648,
        "count": 345
    },
    "4-11": {
        "mde": 0.020362093795651078,
        "count": 345
    },
    "5-1": {
        "mde": 0.026444988097245006,
        "count": 345
    },
    "5-11": {
        "mde": 0.8613038631587051,
        "count": 345
    },
    "6-1": {
        "mde": 2.0745519819441656,
        "count": 345
    },
    "6-10": {
        "mde": 0.02476980989064223,
        "count": 345
    },
    "6-11": {
        "mde": 0.6090715073077906,
        "count": 345
    },
    "6-2": {
        "mde": 1.1242218996499287,
        "count": 345
    },
    "6-3": {
        "mde": 1.2339219117443534,
        "count": 345
    },
    "6-4": {
        "mde": 1.2093544462492947,
        "count": 345
    },
    "6-5": {
        "mde": 0.6956521739130433,
        "count": 345
    },
    "6-6": {
        "mde": 0.9324443381241801,
        "count": 345
    },
    "6-7": {
        "mde": 0.06690806253043406,
        "count": 345
    },
    "6-8": {
        "mde": 0.26386224438096545,
        "count": 345
    },
    "6-9": {
        "mde": 2.0412243189413757,
        "count": 345
    },
    "7-1": {
        "mde": 0.6587164943939843,
        "count": 345
    },
    "7-11": {
        "mde": 1.962221096103513,
        "count": 345
    },
    "8-1": {
        "mde": 0.10260869565217393,
        "count": 345
    },
    "8-11": {
        "mde": 0.08456135061162398,
        "count": 345
    },
    "9-1": {
        "mde": 1.0633660597394916,
        "count": 345
    },
    "9-11": {
        "mde": 0.1879373076254363,
        "count": 345
    }
}