{
    "1-1": {
        "mde": 0.5785967592959121,
        "count": 345
    },
    "1-10": {
        "mde": 0.6888608808711404,
        "count": 345
    },
    "1-11": {
        "mde": 1.2629485469270278,
        "count": 345
    },
    "1-2": {
        "mde": 2.056532865702827,
        "count": 345
    },
    "1-3": {
        "mde": 1.0142325426086192,
        "count": 345
    },
    "1-4": {
        "mde": 3.0974489281061857,
        "count": 345
    },
    "1-5": {
        "mde": 1.3560541629343308,
        "count": 345
    },
    "1-6": {
        "mde": 1.9590474976832655,
        "count": 345
    },
    "1-7": {
        "mde": 1.7904763155186032,
        "count": 345
    },
    "1-8": {
        "mde": 2.171866702640657,
        "count": 345
    },
    "1-9": {
        "mde": 0.030796876404346727,
        "count": 345
    },
    "10-1": {
        "mde": 0.12650553965905828,
        "count": 345
    },
    "10-11": {
        "mde": 2.810414820862586,
        "count": 345
    },
    "11-1": {
        "mde": 0.9669565217391305,
        "count": 345
    },
    "11-10": {
        "mde": 0.18669785971896258,
        "count": 345
    },
    "11-11": {
        "mde": 0.8898733864970817,
        "count": 345
    },
    "11-2": {
        "mde": 0.8556317518200451,
        "count": 345
    },
    "11-3": {
        "mde": 1.352689298703779,
        "count": 345
    },
    "11-4": {
        "mde": 1.4962166179484118,
        "count": 345
    },
    "11-5": {
        "mde": 0.1565217391304348,
        "count": 345
    },
    "11-6": {
        "mde": 1.4643478260869567,
        "count": 345
    },
    "11-7": {
        "mde": 0.08318426416494834,
        "count": 345
    },
    "11-8": {
        "mde": 3.089913890254349,
        "count": 345
    },
    "11-9": {
        "mde": 1.117212121077687,
        "count": 345
    },
    "2-1": {
        "mde": 1.555341551344478,
        "count": 345
    },
    "2-11": {
        "mde": 0.6491003742744461,
        "count": 345
    },
    "3-1": {
        "mde": 0.24714373519708652,
        "count": 345
    },
    "3-11": {
        "mde": 1.556556695643413,
        "count": 345
    },
    "4-1": {
        "mde": 0.33009140807014226,
        "count": 345
    },
    "4-11": {
        "mde": 0.9384444370008069,
        "count": 345
    },
    "5-1": {
        "mde": 0.017391304347826087,
        "count": 345
    },
    "5-11": {
        "mde": 1.0682588369593677,
        "count": 345
    },
    "6-1": {
        "mde": 1.7097156519372978,
        "count": 345
    },
    "6-10": {
        "mde": 0.14971057518783096,
        "count": 345
    },
    "6-11": {
        "mde": 1.262209268894381,
        "count": 345
    },
    "6-2": {
        "mde": 0.7430620480333633,
        "count": 345
    },
    "6-3": {
        "mde": 1.3000425926640358,
        "count": 345
    },
    "6-4": {
        "mde": 1.0188389819799173,
        "count": 345
    },
    "6-5": {
        "mde": 2.5119931792249934,
        "count": 345
    },
    "6-6": {
        "mde": 3.088733055464949,
        "count": 345
    },
    "6-7": {
        "mde": 2.648458958035642,
        "count": 345
    },
    "6-8": {
        "mde": 2.4167238526195645,
        "count": 345
    },
    "6-9": {
        "mde": 1.2196106410971692,
        "count": 345
    },
    "7-1": {
        "mde": 0.05889132454046348,
        "count": 345
    },
    "7-11": {
        "mde": 2.0295652173913044,
        "count": 345
    },
    "8-1": {
        "mde": 0.6973913043478261,
        "count": 345
    },
    "8-11": {
        "mde": 0.010434782608695648,
        "count": 345
    },
    "9-1": {
        "mde": 1.269417307131725,
        "count": 345
    },
    "9-11": {
        "mde": 0.02124102944674903,
        "count": 345
    }
}