{
    "10": {
        "mde": 0.0,
        "count": 399
    },
    "1": {
        "mde": 0.01045343270731406,
        "count": 399
    },
    "0": {
        "mde": 0.015037593984962405,
        "count": 399
    },
    "9": {
        "mde": 0.003007518796992482,
        "count": 399
    },
    "8": {
        "mde": 0.009933159812727802,
        "count": 399
    },
    "7": {
        "mde": 0.015948197406712765,
        "count": 399
    },
    "6": {
        "mde": 0.032061644747061184,
        "count": 399
    },
    "5": {
        "mde": 0.003007518796992482,
        "count": 399
    },
    "4": {
        "mde": 0.001503759398496241,
        "count": 399
    },
    "3": {
        "mde": 0.010526315789473684,
        "count": 399
    },
    "2": {
        "mde": 0.0015037593984962396,
        "count": 399
    },
    "45": {
        "mde": 0.007518796992481204,
        "count": 399
    },
    "33": {
        "mde": 0.0316541342833471,
        "count": 399
    },
    "44": {
        "mde": 0.015037593984962405,
        "count": 399
    },
    "35": {
        "mde": 0.006637915131388113,
        "count": 399
    },
    "34": {
        "mde": 0.006015037593984961,
        "count": 399
    },
    "43": {
        "mde": 0.008117812988974689,
        "count": 399
    },
    "42": {
        "mde": 0.0,
        "count": 399
    },
    "41": {
        "mde": 0.001503759398496241,
        "count": 399
    },
    "40": {
        "mde": 0.0,
        "count": 399
    },
    "39": {
        "mde": 0.0,
        "count": 399
    },
    "38": {
        "mde": 0.006200158835515278,
        "count": 399
    },
    "37": {
        "mde": 0.0,
        "count": 399
    },
    "36": {
        "mde": 0.004866267635338031,
        "count": 399
    },
    "11": {
        "mde": 0.00770391823401152,
        "count": 399
    },
    "29": {
        "mde": 0.011014368902762042,
        "count": 399
    },
    "12": {
        "mde": 0.008228775872179819,
        "count": 399
    },
    "28": {
        "mde": 0.019548872180451125,
        "count": 399
    },
    "13": {
        "mde": 0.01434079858232415,
        "count": 399
    },
    "27": {
        "mde": 0.001503759398496241,
        "count": 399
    },
    "14": {
        "mde": 0.008764552067287502,
        "count": 399
    },
    "26": {
        "mde": 0.009889460485024773,
        "count": 399
    },
    "15": {
        "mde": 0.004511278195488722,
        "count": 399
    },
    "24": {
        "mde": 0.016015460962214862,
        "count": 399
    },
    "25": {
        "mde": 0.006015037593984964,
        "count": 399
    },
    "16": {
        "mde": 0.006015037593984964,
        "count": 399
    },
    "17": {
        "mde": 0.0,
        "count": 399
    },
    "18": {
        "mde": 0.004511278195488721,
        "count": 399
    },
    "19": {
        "mde": 0.0,
        "count": 399
    },
    "20": {
        "mde": 0.024815253760940806,
        "count": 399
    },
    "21": {
        "mde": 0.010633184679496954,
        "count": 399
    },
    "22": {
        "mde": 0.007518796992481203,
        "count": 399
    },
    "23": {
        "mde": 0.015186495509162085,
        "count": 399
    },
    "48": {
        "mde": 0.028794752543473565,
        "count": 399
    },
    "30": {
        "mde": 0.018169567714734165,
        "count": 399
    },
    "47": {
        "mde": 0.003007518796992482,
        "count": 399
    },
    "31": {
        "mde": 0.023621359296991534,
        "count": 399
    },
    "46": {
        "mde": 0.0,
        "count": 399
    },
    "32": {
        "mde": 0.004511278195488721,
        "count": 399
    }
}