{
    "10": {
        "mde": 0.18089783239214788,
        "count": 399
    },
    "1": {
        "mde": 0.8362411710955839,
        "count": 399
    },
    "0": {
        "mde": 0.330485148858762,
        "count": 399
    },
    "9": {
        "mde": 0.06917293233082707,
        "count": 399
    },
    "8": {
        "mde": 0.018117250499306885,
        "count": 399
    },
    "7": {
        "mde": 0.32225797648750143,
        "count": 399
    },
    "6": {
        "mde": 0.28922606922717403,
        "count": 399
    },
    "5": {
        "mde": 0.027216570697132007,
        "count": 399
    },
    "4": {
        "mde": 0.5297673854128568,
        "count": 399
    },
    "3": {
        "mde": 0.22803496514276994,
        "count": 399
    },
    "2": {
        "mde": 0.11388612320186425,
        "count": 399
    },
    "45": {
        "mde": 0.016839156431857998,
        "count": 399
    },
    "33": {
        "mde": 0.9709936906093337,
        "count": 399
    },
    "44": {
        "mde": 0.048120300751879695,
        "count": 399
    },
    "35": {
        "mde": 0.08730495172417957,
        "count": 399
    },
    "34": {
        "mde": 0.0583612777081303,
        "count": 399
    },
    "43": {
        "mde": 0.07190474259607815,
        "count": 399
    },
    "42": {
        "mde": 0.021052631578947364,
        "count": 399
    },
    "41": {
        "mde": 0.043609022556390986,
        "count": 399
    },
    "40": {
        "mde": 0.07394783136526076,
        "count": 399
    },
    "39": {
        "mde": 0.0791536847664827,
        "count": 399
    },
    "38": {
        "mde": 0.048120300751879695,
        "count": 399
    },
    "37": {
        "mde": 0.12396039129620517,
        "count": 399
    },
    "36": {
        "mde": 0.03806033393161017,
        "count": 399
    },
    "11": {
        "mde": 0.13599259411050885,
        "count": 399
    },
    "29": {
        "mde": 0.07140605778796585,
        "count": 399
    },
    "12": {
        "mde": 0.037377719551979154,
        "count": 399
    },
    "28": {
        "mde": 0.26778257648991727,
        "count": 399
    },
    "13": {
        "mde": 0.7860339176254447,
        "count": 399
    },
    "27": {
        "mde": 0.32229256439148385,
        "count": 399
    },
    "14": {
        "mde": 0.31841879717912847,
        "count": 399
    },
    "26": {
        "mde": 0.16837643510575298,
        "count": 399
    },
    "15": {
        "mde": 0.26316060161527793,
        "count": 399
    },
    "24": {
        "mde": 0.08340859923933536,
        "count": 399
    },
    "25": {
        "mde": 0.18510645097459683,
        "count": 399
    },
    "16": {
        "mde": 0.26712446318293265,
        "count": 399
    },
    "17": {
        "mde": 0.6013625551365024,
        "count": 399
    },
    "18": {
        "mde": 0.09323279594543635,
        "count": 399
    },
    "19": {
        "mde": 0.2880778535963575,
        "count": 399
    },
    "20": {
        "mde": 0.16492702971268622,
        "count": 399
    },
    "21": {
        "mde": 0.26008294423365164,
        "count": 399
    },
    "22": {
        "mde": 0.43085104083747566,
        "count": 399
    },
    "23": {
        "mde": 0.2824714418467529,
        "count": 399
    },
    "48": {
        "mde": 0.17217081521124905,
        "count": 399
    },
    "30": {
        "mde": 0.18482885662412693,
        "count": 399
    },
    "47": {
        "mde": 0.047929332843035466,
        "count": 399
    },
    "31": {
        "mde": 0.08327147038307278,
        "count": 399
    },
    "46": {
        "mde": 0.42124688948048133,
        "count": 399
    },
    "32": {
        "mde": 0.2634488654210457,
        "count": 399
    }
}