{
    "10": {
        "mde": 0.0,
        "count": 399
    },
    "1": {
        "mde": 0.01786023203351465,
        "count": 399
    },
    "0": {
        "mde": 0.025218540773336857,
        "count": 399
    },
    "9": {
        "mde": 0.02752543350962305,
        "count": 399
    },
    "8": {
        "mde": 0.012030075187969924,
        "count": 399
    },
    "7": {
        "mde": 0.004511278195488722,
        "count": 399
    },
    "6": {
        "mde": 0.015932694106191338,
        "count": 399
    },
    "5": {
        "mde": 0.001503759398496241,
        "count": 399
    },
    "4": {
        "mde": 0.014113029785164669,
        "count": 399
    },
    "3": {
        "mde": 0.02154068469223573,
        "count": 399
    },
    "2": {
        "mde": 0.006015037593984961,
        "count": 399
    },
    "45": {
        "mde": 0.01654135338345865,
        "count": 399
    },
    "33": {
        "mde": 0.015037593984962405,
        "count": 399
    },
    "44": {
        "mde": 0.006015037593984961,
        "count": 399
    },
    "35": {
        "mde": 0.005134155732891872,
        "count": 399
    },
    "34": {
        "mde": 0.010526315789473684,
        "count": 399
    },
    "43": {
        "mde": 0.0,
        "count": 399
    },
    "42": {
        "mde": 0.001503759398496241,
        "count": 399
    },
    "41": {
        "mde": 0.006015037593984964,
        "count": 399
    },
    "40": {
        "mde": 0.0,
        "count": 399
    },
    "39": {
        "mde": 0.0,
        "count": 399
    },
    "38": {
        "mde": 0.012030075187969924,
        "count": 399
    },
    "37": {
        "mde": 0.004511278195488722,
        "count": 399
    },
    "36": {
        "mde": 0.007873786432330514,
        "count": 399
    },
    "11": {
        "mde": 0.004511278195488722,
        "count": 399
    },
    "29": {
        "mde": 0.011014368902762042,
        "count": 399
    },
    "12": {
        "mde": 0.012848125932808317,
        "count": 399
    },
    "28": {
        "mde": 0.03147384450496353,
        "count": 399
    },
    "13": {
        "mde": 0.003007518796992482,
        "count": 399
    },
    "27": {
        "mde": 0.006015037593984964,
        "count": 399
    },
    "14": {
        "mde": 0.004253273871798783,
        "count": 399
    },
    "26": {
        "mde": 0.023141429206891332,
        "count": 399
    },
    "15": {
        "mde": 0.022556390977443608,
        "count": 399
    },
    "24": {
        "mde": 0.012214161646424759,
        "count": 399
    },
    "25": {
        "mde": 0.00902255639097744,
        "count": 399
    },
    "16": {
        "mde": 0.0,
        "count": 399
    },
    "17": {
        "mde": 0.007615782108640571,
        "count": 399
    },
    "18": {
        "mde": 0.010526315789473684,
        "count": 399
    },
    "19": {
        "mde": 0.0015037593984962403,
        "count": 399
    },
    "20": {
        "mde": 0.027822772557933285,
        "count": 399
    },
    "21": {
        "mde": 0.009510609504265802,
        "count": 399
    },
    "22": {
        "mde": 0.0015037593984962396,
        "count": 399
    },
    "23": {
        "mde": 0.0464364847745841,
        "count": 399
    },
    "48": {
        "mde": 0.007518796992481204,
        "count": 399
    },
    "30": {
        "mde": 0.009645433928380595,
        "count": 399
    },
    "47": {
        "mde": 0.010526315789473687,
        "count": 399
    },
    "31": {
        "mde": 0.021863392221570934,
        "count": 399
    },
    "46": {
        "mde": 0.0,
        "count": 399
    },
    "32": {
        "mde": 0.011105510988172187,
        "count": 399
    }
}