{
    "10": {
        "mde": 0.0,
        "count": 399
    },
    "1": {
        "mde": 0.008117812988974689,
        "count": 399
    },
    "0": {
        "mde": 0.015037593984962405,
        "count": 399
    },
    "9": {
        "mde": 0.0,
        "count": 399
    },
    "8": {
        "mde": 0.007518796992481203,
        "count": 399
    },
    "7": {
        "mde": 0.007762823549125382,
        "count": 399
    },
    "6": {
        "mde": 0.004511278195488722,
        "count": 399
    },
    "5": {
        "mde": 0.001503759398496241,
        "count": 399
    },
    "4": {
        "mde": 0.0,
        "count": 399
    },
    "3": {
        "mde": 0.013926762667310022,
        "count": 399
    },
    "2": {
        "mde": 0.012518128301258284,
        "count": 399
    },
    "45": {
        "mde": 0.010526315789473687,
        "count": 399
    },
    "33": {
        "mde": 0.017653559067354288,
        "count": 399
    },
    "44": {
        "mde": 0.019548872180451128,
        "count": 399
    },
    "35": {
        "mde": 0.0015037593984962396,
        "count": 399
    },
    "34": {
        "mde": 0.004511278195488721,
        "count": 399
    },
    "43": {
        "mde": 0.0,
        "count": 399
    },
    "42": {
        "mde": 0.0,
        "count": 399
    },
    "41": {
        "mde": 0.006015037593984964,
        "count": 399
    },
    "40": {
        "mde": 0.007518796992481203,
        "count": 399
    },
    "39": {
        "mde": 0.006015037593984964,
        "count": 399
    },
    "38": {
        "mde": 0.006200158835515278,
        "count": 399
    },
    "37": {
        "mde": 0.0,
        "count": 399
    },
    "36": {
        "mde": 0.0126362770487712,
        "count": 399
    },
    "11": {
        "mde": 0.003007518796992481,
        "count": 399
    },
    "29": {
        "mde": 0.0095106095042658,
        "count": 399
    },
    "12": {
        "mde": 0.001503759398496241,
        "count": 399
    },
    "28": {
        "mde": 0.03388820732521013,
        "count": 399
    },
    "13": {
        "mde": 0.010526315789473682,
        "count": 399
    },
    "27": {
        "mde": 0.004511278195488722,
        "count": 399
    },
    "14": {
        "mde": 0.011748209323370323,
        "count": 399
    },
    "26": {
        "mde": 0.027252790414462647,
        "count": 399
    },
    "15": {
        "mde": 0.012030075187969927,
        "count": 399
    },
    "24": {
        "mde": 0.006881941688032292,
        "count": 399
    },
    "25": {
        "mde": 0.004511278195488721,
        "count": 399
    },
    "16": {
        "mde": 0.003007518796992481,
        "count": 399
    },
    "17": {
        "mde": 0.0,
        "count": 399
    },
    "18": {
        "mde": 0.006015037593984964,
        "count": 399
    },
    "19": {
        "mde": 0.0,
        "count": 399
    },
    "20": {
        "mde": 0.00962875825177872,
        "count": 399
    },
    "21": {
        "mde": 0.011744736354746849,
        "count": 399
    },
    "22": {
        "mde": 0.007518796992481203,
        "count": 399
    },
    "23": {
        "mde": 0.00766769851668088,
        "count": 399
    },
    "48": {
        "mde": 0.007518796992481204,
        "count": 399
    },
    "30": {
        "mde": 0.018657620828022525,
        "count": 399
    },
    "47": {
        "mde": 0.004511278195488721,
        "count": 399
    },
    "31": {
        "mde": 0.023135586176142114,
        "count": 399
    },
    "46": {
        "mde": 0.0,
        "count": 399
    },
    "32": {
        "mde": 0.0,
        "count": 399
    }
}