{
    "10": {
        "mde": 0.03610268977908605,
        "count": 399
    },
    "1": {
        "mde": 0.01946201133124574,
        "count": 399
    },
    "0": {
        "mde": 0.043263653555291735,
        "count": 399
    },
    "9": {
        "mde": 0.045112781954887216,
        "count": 399
    },
    "8": {
        "mde": 0.01669025490765832,
        "count": 399
    },
    "7": {
        "mde": 0.021445559659791218,
        "count": 399
    },
    "6": {
        "mde": 0.01819401430615456,
        "count": 399
    },
    "5": {
        "mde": 0.015037593984962405,
        "count": 399
    },
    "4": {
        "mde": 0.09203841183567381,
        "count": 399
    },
    "3": {
        "mde": 0.04700946943422731,
        "count": 399
    },
    "2": {
        "mde": 0.01704524434750763,
        "count": 399
    },
    "45": {
        "mde": 0.00363039633439563,
        "count": 399
    },
    "33": {
        "mde": 0.00212663693589939,
        "count": 399
    },
    "44": {
        "mde": 0.021052631578947368,
        "count": 399
    },
    "35": {
        "mde": 0.008141674529884353,
        "count": 399
    },
    "34": {
        "mde": 0.024167019265963118,
        "count": 399
    },
    "43": {
        "mde": 0.016541353383458645,
        "count": 399
    },
    "42": {
        "mde": 0.021052631578947368,
        "count": 399
    },
    "41": {
        "mde": 0.019548872180451128,
        "count": 399
    },
    "40": {
        "mde": 0.05974087151544302,
        "count": 399
    },
    "39": {
        "mde": 0.010633184679496954,
        "count": 399
    },
    "38": {
        "mde": 0.0030075187969924805,
        "count": 399
    },
    "37": {
        "mde": 0.021382773619989307,
        "count": 399
    },
    "36": {
        "mde": 0.02140762101879668,
        "count": 399
    },
    "11": {
        "mde": 0.010711437031004,
        "count": 399
    },
    "29": {
        "mde": 0.024401162048743395,
        "count": 399
    },
    "12": {
        "mde": 0.010947533668091005,
        "count": 399
    },
    "28": {
        "mde": 0.031578947368421054,
        "count": 399
    },
    "13": {
        "mde": 0.03531621259283996,
        "count": 399
    },
    "27": {
        "mde": 0.009022556390977444,
        "count": 399
    },
    "14": {
        "mde": 0.03007518796992481,
        "count": 399
    },
    "26": {
        "mde": 0.024074368636075694,
        "count": 399
    },
    "15": {
        "mde": 0.05375106900868207,
        "count": 399
    },
    "24": {
        "mde": 0.004866267635338031,
        "count": 399
    },
    "25": {
        "mde": 0.03007518796992481,
        "count": 399
    },
    "16": {
        "mde": 0.0817691495370269,
        "count": 399
    },
    "17": {
        "mde": 0.034108606538214827,
        "count": 399
    },
    "18": {
        "mde": 0.024453078456783704,
        "count": 399
    },
    "19": {
        "mde": 0.02929102788987726,
        "count": 399
    },
    "20": {
        "mde": 0.043615469927896645,
        "count": 399
    },
    "21": {
        "mde": 0.043648671244942046,
        "count": 399
    },
    "22": {
        "mde": 0.034979394246257386,
        "count": 399
    },
    "23": {
        "mde": 0.038008610913758095,
        "count": 399
    },
    "48": {
        "mde": 0.007518796992481203,
        "count": 399
    },
    "30": {
        "mde": 0.0,
        "count": 399
    },
    "47": {
        "mde": 0.015131214659095563,
        "count": 399
    },
    "31": {
        "mde": 0.015037593984962405,
        "count": 399
    },
    "46": {
        "mde": 0.0,
        "count": 399
    },
    "32": {
        "mde": 0.06900532905262906,
        "count": 399
    }
}