{
    "1-1": {
        "mde": 0.056084265856626056,
        "count": 398
    },
    "1-10": {
        "mde": 0.1122379955674824,
        "count": 398
    },
    "1-11": {
        "mde": 0.10093523713878136,
        "count": 398
    },
    "1-2": {
        "mde": 0.03768844221105527,
        "count": 398
    },
    "1-3": {
        "mde": 0.06187430867878182,
        "count": 398
    },
    "1-4": {
        "mde": 0.07088058006759593,
        "count": 398
    },
    "1-5": {
        "mde": 0.06749295921749097,
        "count": 398
    },
    "1-6": {
        "mde": 0.0135678391959799,
        "count": 398
    },
    "1-7": {
        "mde": 0.16441977080361048,
        "count": 398
    },
    "1-8": {
        "mde": 0.3656807005661006,
        "count": 398
    },
    "1-9": {
        "mde": 0.015497653099417866,
        "count": 398
    },
    "10-1": {
        "mde": 0.1131544644609046,
        "count": 398
    },
    "10-11": {
        "mde": 0.3170024552474615,
        "count": 398
    },
    "11-1": {
        "mde": 0.10251256281407033,
        "count": 398
    },
    "11-10": {
        "mde": 0.032014172830401685,
        "count": 398
    },
    "11-11": {
        "mde": 0.0,
        "count": 398
    },
    "11-2": {
        "mde": 0.09628885822817393,
        "count": 398
    },
    "11-3": {
        "mde": 0.0829145728643216,
        "count": 398
    },
    "11-4": {
        "mde": 0.09103291176954949,
        "count": 398
    },
    "11-5": {
        "mde": 0.21240216367822112,
        "count": 398
    },
    "11-6": {
        "mde": 0.06607681190177683,
        "count": 398
    },
    "11-7": {
        "mde": 0.010702039467727817,
        "count": 398
    },
    "11-8": {
        "mde": 0.021105527638190957,
        "count": 398
    },
    "11-9": {
        "mde": 0.05526539550692185,
        "count": 398
    },
    "2-1": {
        "mde": 0.057971089065543525,
        "count": 398
    },
    "2-11": {
        "mde": 0.048694316200621764,
        "count": 398
    },
    "3-1": {
        "mde": 0.0047672527540226824,
        "count": 398
    },
    "3-11": {
        "mde": 0.2235456322332019,
        "count": 398
    },
    "4-1": {
        "mde": 0.2836233753287295,
        "count": 398
    },
    "4-11": {
        "mde": 0.004522613065326633,
        "count": 398
    },
    "5-1": {
        "mde": 0.37848555047520305,
        "count": 398
    },
    "5-11": {
        "mde": 0.2510612852080263,
        "count": 398
    },
    "6-1": {
        "mde": 0.009045226130653266,
        "count": 398
    },
    "6-10": {
        "mde": 0.03813802203218146,
        "count": 398
    },
    "6-11": {
        "mde": 0.0135678391959799,
        "count": 398
    },
    "6-2": {
        "mde": 0.08437912174449716,
        "count": 398
    },
    "6-3": {
        "mde": 0.11159455672131383,
        "count": 398
    },
    "6-4": {
        "mde": 0.28694254571744465,
        "count": 398
    },
    "6-5": {
        "mde": 0.12378780429662112,
        "count": 398
    },
    "6-6": {
        "mde": 0.03316582914572865,
        "count": 398
    },
    "6-7": {
        "mde": 0.061640903552200386,
        "count": 398
    },
    "6-8": {
        "mde": 0.06313269420854836,
        "count": 398
    },
    "6-9": {
        "mde": 0.22457279673969088,
        "count": 398
    },
    "7-1": {
        "mde": 0.01507537688442211,
        "count": 398
    },
    "7-11": {
        "mde": 0.00426396048956712,
        "count": 398
    },
    "8-1": {
        "mde": 0.11253928207032794,
        "count": 398
    },
    "8-11": {
        "mde": 0.08034907730856337,
        "count": 398
    },
    "9-1": {
        "mde": 0.14737201633957156,
        "count": 398
    },
    "9-11": {
        "mde": 0.026081250873988604,
        "count": 398
    }
}