{
    "1-1": {
        "mde": 0.27748609369777594,
        "count": 402
    },
    "1-10": {
        "mde": 0.04247354605265717,
        "count": 402
    },
    "1-11": {
        "mde": 0.3140345137872132,
        "count": 402
    },
    "1-2": {
        "mde": 0.08473067555477683,
        "count": 402
    },
    "1-3": {
        "mde": 0.2156187511387012,
        "count": 402
    },
    "1-4": {
        "mde": 0.2973267727093636,
        "count": 402
    },
    "1-5": {
        "mde": 0.04116896094674638,
        "count": 402
    },
    "1-6": {
        "mde": 0.04725657282043374,
        "count": 402
    },
    "1-7": {
        "mde": 0.38281371156280763,
        "count": 402
    },
    "1-8": {
        "mde": 0.35528978407528616,
        "count": 402
    },
    "1-9": {
        "mde": 0.06571769366743738,
        "count": 402
    },
    "10-1": {
        "mde": 0.19132930649015711,
        "count": 402
    },
    "10-11": {
        "mde": 0.16209239289421815,
        "count": 402
    },
    "11-1": {
        "mde": 0.07313432835820892,
        "count": 402
    },
    "11-10": {
        "mde": 0.22567072741975797,
        "count": 402
    },
    "11-11": {
        "mde": 0.02835820895522388,
        "count": 402
    },
    "11-2": {
        "mde": 0.10762556684339404,
        "count": 402
    },
    "11-3": {
        "mde": 0.03766577310074595,
        "count": 402
    },
    "11-4": {
        "mde": 0.10036215027928252,
        "count": 402
    },
    "11-5": {
        "mde": 0.06868140427687212,
        "count": 402
    },
    "11-6": {
        "mde": 0.25547555885816287,
        "count": 402
    },
    "11-7": {
        "mde": 0.3258907792674732,
        "count": 402
    },
    "11-8": {
        "mde": 0.056373626289953745,
        "count": 402
    },
    "11-9": {
        "mde": 0.14396785419518215,
        "count": 402
    },
    "2-1": {
        "mde": 0.0649898563684553,
        "count": 402
    },
    "2-11": {
        "mde": 0.2279985453920389,
        "count": 402
    },
    "3-1": {
        "mde": 0.23523591487104042,
        "count": 402
    },
    "3-11": {
        "mde": 0.06262532676941002,
        "count": 402
    },
    "4-1": {
        "mde": 0.20102981670589198,
        "count": 402
    },
    "4-11": {
        "mde": 0.012424709433338446,
        "count": 402
    },
    "5-1": {
        "mde": 0.04274583376669986,
        "count": 402
    },
    "5-11": {
        "mde": 0.054436023813432204,
        "count": 402
    },
    "6-1": {
        "mde": 0.2735146094782682,
        "count": 402
    },
    "6-10": {
        "mde": 0.1378764069103527,
        "count": 402
    },
    "6-11": {
        "mde": 0.1464164470352131,
        "count": 402
    },
    "6-2": {
        "mde": 0.06538631867537005,
        "count": 402
    },
    "6-3": {
        "mde": 0.26513461211916955,
        "count": 402
    },
    "6-4": {
        "mde": 0.2146123318262808,
        "count": 402
    },
    "6-5": {
        "mde": 0.35643356467298587,
        "count": 402
    },
    "6-6": {
        "mde": 0.1415783325527657,
        "count": 402
    },
    "6-7": {
        "mde": 0.11795254177950489,
        "count": 402
    },
    "6-8": {
        "mde": 0.2510898516912606,
        "count": 402
    },
    "6-9": {
        "mde": 0.20540442419630572,
        "count": 402
    },
    "7-1": {
        "mde": 0.10186001679288854,
        "count": 402
    },
    "7-11": {
        "mde": 0.1582089552238806,
        "count": 402
    },
    "8-1": {
        "mde": 0.06304871744346162,
        "count": 402
    },
    "8-11": {
        "mde": 0.025373134328358197,
        "count": 402
    },
    "9-1": {
        "mde": 0.07038115591183154,
        "count": 402
    },
    "9-11": {
        "mde": 0.20515761895291115,
        "count": 402
    }
}