{
    "1-1": {
        "mde": 0.11886241284646057,
        "count": 386
    },
    "1-10": {
        "mde": 0.03685344869090591,
        "count": 386
    },
    "1-11": {
        "mde": 0.23503115909087663,
        "count": 386
    },
    "1-2": {
        "mde": 0.06595024864527409,
        "count": 386
    },
    "1-3": {
        "mde": 0.019940560297532942,
        "count": 386
    },
    "1-4": {
        "mde": 0.04532996527487314,
        "count": 386
    },
    "1-5": {
        "mde": 0.02517829900598793,
        "count": 386
    },
    "1-6": {
        "mde": 0.011479530788291975,
        "count": 386
    },
    "1-7": {
        "mde": 0.16442852525078258,
        "count": 386
    },
    "1-8": {
        "mde": 0.4646719637510148,
        "count": 386
    },
    "1-9": {
        "mde": 0.04155284015498972,
        "count": 386
    },
    "10-1": {
        "mde": 0.05150664811582175,
        "count": 386
    },
    "10-11": {
        "mde": 0.48551807781882395,
        "count": 386
    },
    "11-1": {
        "mde": 0.14782231012475563,
        "count": 386
    },
    "11-10": {
        "mde": 0.03384357362913785,
        "count": 386
    },
    "11-11": {
        "mde": 0.004663212435233158,
        "count": 386
    },
    "11-2": {
        "mde": 0.03948951038438497,
        "count": 386
    },
    "11-3": {
        "mde": 0.07926018043927227,
        "count": 386
    },
    "11-4": {
        "mde": 0.2321959008821977,
        "count": 386
    },
    "11-5": {
        "mde": 0.17281918117227818,
        "count": 386
    },
    "11-6": {
        "mde": 0.015544041450777202,
        "count": 386
    },
    "11-7": {
        "mde": 0.1533569637384043,
        "count": 386
    },
    "11-8": {
        "mde": 0.3081152507962371,
        "count": 386
    },
    "11-9": {
        "mde": 0.03648518542227914,
        "count": 386
    },
    "2-1": {
        "mde": 0.10219278217205735,
        "count": 386
    },
    "2-11": {
        "mde": 0.05672397280176783,
        "count": 386
    },
    "3-1": {
        "mde": 0.07285829002232931,
        "count": 386
    },
    "3-11": {
        "mde": 0.025545044145404424,
        "count": 386
    },
    "4-1": {
        "mde": 0.05681911325895281,
        "count": 386
    },
    "4-11": {
        "mde": 0.025237411363989316,
        "count": 386
    },
    "5-1": {
        "mde": 0.07334264173690193,
        "count": 386
    },
    "5-11": {
        "mde": 0.03419689119170984,
        "count": 386
    },
    "6-1": {
        "mde": 0.043831148746920574,
        "count": 386
    },
    "6-10": {
        "mde": 0.054898667158480054,
        "count": 386
    },
    "6-11": {
        "mde": 0.029869611453854618,
        "count": 386
    },
    "6-2": {
        "mde": 0.17442953219180318,
        "count": 386
    },
    "6-3": {
        "mde": 0.014925894197475588,
        "count": 386
    },
    "6-4": {
        "mde": 0.13180663863420092,
        "count": 386
    },
    "6-5": {
        "mde": 0.05471900987289422,
        "count": 386
    },
    "6-6": {
        "mde": 0.009326424870466322,
        "count": 386
    },
    "6-7": {
        "mde": 0.04067180061232607,
        "count": 386
    },
    "6-8": {
        "mde": 0.09330520800857459,
        "count": 386
    },
    "6-9": {
        "mde": 0.07767906064147004,
        "count": 386
    },
    "7-1": {
        "mde": 0.01088082901554404,
        "count": 386
    },
    "7-11": {
        "mde": 0.10891709150648228,
        "count": 386
    },
    "8-1": {
        "mde": 0.25310782012631383,
        "count": 386
    },
    "8-11": {
        "mde": 0.04851335835216277,
        "count": 386
    },
    "9-1": {
        "mde": 0.2506883326454726,
        "count": 386
    },
    "9-11": {
        "mde": 0.15063105577194852,
        "count": 386
    }
}