{
    "1-1": {
        "mde": 0.3366904384319994,
        "count": 365
    },
    "1-10": {
        "mde": 0.11255823145678223,
        "count": 365
    },
    "1-11": {
        "mde": 0.27692758096878817,
        "count": 365
    },
    "1-2": {
        "mde": 0.146025528208078,
        "count": 365
    },
    "1-3": {
        "mde": 0.15637968930451993,
        "count": 365
    },
    "1-4": {
        "mde": 0.33084666667023016,
        "count": 365
    },
    "1-5": {
        "mde": 0.3755617351167962,
        "count": 365
    },
    "1-6": {
        "mde": 0.23136290696436362,
        "count": 365
    },
    "1-7": {
        "mde": 0.1099696796801043,
        "count": 365
    },
    "1-8": {
        "mde": 0.49348085216009296,
        "count": 365
    },
    "1-9": {
        "mde": 0.014794520547945196,
        "count": 365
    },
    "10-1": {
        "mde": 0.13616935239480066,
        "count": 365
    },
    "10-11": {
        "mde": 0.34500520179265515,
        "count": 365
    },
    "11-1": {
        "mde": 0.17589041095890412,
        "count": 365
    },
    "11-10": {
        "mde": 0.08235461419380145,
        "count": 365
    },
    "11-11": {
        "mde": 0.15948908275753,
        "count": 365
    },
    "11-2": {
        "mde": 0.14810413635900832,
        "count": 365
    },
    "11-3": {
        "mde": 0.30651950131203987,
        "count": 365
    },
    "11-4": {
        "mde": 0.03287671232876712,
        "count": 365
    },
    "11-5": {
        "mde": 0.011506849315068493,
        "count": 365
    },
    "11-6": {
        "mde": 0.1394141090562849,
        "count": 365
    },
    "11-7": {
        "mde": 0.6898482577797647,
        "count": 365
    },
    "11-8": {
        "mde": 0.21516731507082482,
        "count": 365
    },
    "11-9": {
        "mde": 0.0793242920359029,
        "count": 365
    },
    "2-1": {
        "mde": 0.24212207733492308,
        "count": 365
    },
    "2-11": {
        "mde": 0.09523478453664586,
        "count": 365
    },
    "3-1": {
        "mde": 0.14043043687748366,
        "count": 365
    },
    "3-11": {
        "mde": 0.17418118106012667,
        "count": 365
    },
    "4-1": {
        "mde": 0.15360917679411337,
        "count": 365
    },
    "4-11": {
        "mde": 0.04440077198260546,
        "count": 365
    },
    "5-1": {
        "mde": 0.022436894203846876,
        "count": 365
    },
    "5-11": {
        "mde": 0.2486252536312941,
        "count": 365
    },
    "6-1": {
        "mde": 0.3974306788179765,
        "count": 365
    },
    "6-10": {
        "mde": 0.023364808655146348,
        "count": 365
    },
    "6-11": {
        "mde": 0.04802649320873392,
        "count": 365
    },
    "6-2": {
        "mde": 0.13582531086342411,
        "count": 365
    },
    "6-3": {
        "mde": 0.4044962325999286,
        "count": 365
    },
    "6-4": {
        "mde": 0.34484001344703435,
        "count": 365
    },
    "6-5": {
        "mde": 0.16553410728229992,
        "count": 365
    },
    "6-6": {
        "mde": 0.28681606905513024,
        "count": 365
    },
    "6-7": {
        "mde": 0.5141781670766467,
        "count": 365
    },
    "6-8": {
        "mde": 0.19773095983603203,
        "count": 365
    },
    "6-9": {
        "mde": 0.057011873996569096,
        "count": 365
    },
    "7-1": {
        "mde": 0.031232876712328772,
        "count": 365
    },
    "7-11": {
        "mde": 0.2573216205829985,
        "count": 365
    },
    "8-1": {
        "mde": 0.069185603935666,
        "count": 365
    },
    "8-11": {
        "mde": 0.0016438356164383552,
        "count": 365
    },
    "9-1": {
        "mde": 0.17052832279163518,
        "count": 365
    },
    "9-11": {
        "mde": 0.029400293618915024,
        "count": 365
    }
}