{
    "1-1": {
        "mde": 0.017307692307692305,
        "count": 416
    },
    "1-10": {
        "mde": 0.08968053093507242,
        "count": 416
    },
    "1-11": {
        "mde": 0.06346153846153846,
        "count": 416
    },
    "1-2": {
        "mde": 0.037228393546635444,
        "count": 416
    },
    "1-3": {
        "mde": 0.039409337854876735,
        "count": 416
    },
    "1-4": {
        "mde": 0.014978603087213228,
        "count": 416
    },
    "1-5": {
        "mde": 0.03487757025561202,
        "count": 416
    },
    "1-6": {
        "mde": 0.033601526741507244,
        "count": 416
    },
    "1-7": {
        "mde": 0.31594071494031206,
        "count": 416
    },
    "1-8": {
        "mde": 0.08088598566643536,
        "count": 416
    },
    "1-9": {
        "mde": 0.07347202248437798,
        "count": 416
    },
    "10-1": {
        "mde": 0.07553283646313572,
        "count": 416
    },
    "10-11": {
        "mde": 0.6533065730193328,
        "count": 416
    },
    "11-1": {
        "mde": 0.1837286030872132,
        "count": 416
    },
    "11-10": {
        "mde": 0.05206685412764715,
        "count": 416
    },
    "11-11": {
        "mde": 0.2496679126227077,
        "count": 416
    },
    "11-2": {
        "mde": 0.08086535510244214,
        "count": 416
    },
    "11-3": {
        "mde": 0.0389423076923077,
        "count": 416
    },
    "11-4": {
        "mde": 0.005769230769230768,
        "count": 416
    },
    "11-5": {
        "mde": 0.028846153846153837,
        "count": 416
    },
    "11-6": {
        "mde": 0.2162363676263238,
        "count": 416
    },
    "11-7": {
        "mde": 0.2084102463647414,
        "count": 416
    },
    "11-8": {
        "mde": 0.01730769230769231,
        "count": 416
    },
    "11-9": {
        "mde": 0.040725098044470845,
        "count": 416
    },
    "2-1": {
        "mde": 0.0613655399004535,
        "count": 416
    },
    "2-11": {
        "mde": 0.017567797914661946,
        "count": 416
    },
    "3-1": {
        "mde": 0.1081749419284527,
        "count": 416
    },
    "3-11": {
        "mde": 0.025559638488084176,
        "count": 416
    },
    "4-1": {
        "mde": 0.04786405052584482,
        "count": 416
    },
    "4-11": {
        "mde": 0.028287774233537535,
        "count": 416
    },
    "5-1": {
        "mde": 0.18120848971652162,
        "count": 416
    },
    "5-11": {
        "mde": 0.004326923076923076,
        "count": 416
    },
    "6-1": {
        "mde": 0.12511378638320836,
        "count": 416
    },
    "6-10": {
        "mde": 0.016420910779520924,
        "count": 416
    },
    "6-11": {
        "mde": 0.18402997655993758,
        "count": 416
    },
    "6-2": {
        "mde": 0.1752075973664595,
        "count": 416
    },
    "6-3": {
        "mde": 0.14769668508860384,
        "count": 416
    },
    "6-4": {
        "mde": 0.07130880052809191,
        "count": 416
    },
    "6-5": {
        "mde": 0.1117629341116906,
        "count": 416
    },
    "6-6": {
        "mde": 0.08152841913116801,
        "count": 416
    },
    "6-7": {
        "mde": 0.18441659653475562,
        "count": 416
    },
    "6-8": {
        "mde": 0.052375541104304944,
        "count": 416
    },
    "6-9": {
        "mde": 0.1350845368035616,
        "count": 416
    },
    "7-1": {
        "mde": 0.14567307692307693,
        "count": 416
    },
    "7-11": {
        "mde": 0.08725467574296537,
        "count": 416
    },
    "8-1": {
        "mde": 0.04471153846153846,
        "count": 416
    },
    "8-11": {
        "mde": 0.08353916074367787,
        "count": 416
    },
    "9-1": {
        "mde": 0.09536718258991311,
        "count": 416
    },
    "9-11": {
        "mde": 0.05068552835366743,
        "count": 416
    }
}