{
    "1-1": {
        "mde": 0.001643835616438356,
        "count": 365
    },
    "1-10": {
        "mde": 0.04943776171394221,
        "count": 365
    },
    "1-11": {
        "mde": 0.0295890410958904,
        "count": 365
    },
    "1-2": {
        "mde": 0.022050762020339332,
        "count": 365
    },
    "1-3": {
        "mde": 0.01808219178082192,
        "count": 365
    },
    "1-4": {
        "mde": 0.07019184068400257,
        "count": 365
    },
    "1-5": {
        "mde": 0.011506849315068497,
        "count": 365
    },
    "1-6": {
        "mde": 0.04856755045670762,
        "count": 365
    },
    "1-7": {
        "mde": 0.028270749085784502,
        "count": 365
    },
    "1-8": {
        "mde": 0.061782412418352924,
        "count": 365
    },
    "1-9": {
        "mde": 0.03130404069631553,
        "count": 365
    },
    "10-1": {
        "mde": 0.01901161955770065,
        "count": 365
    },
    "10-11": {
        "mde": 0.006293304862596474,
        "count": 365
    },
    "11-1": {
        "mde": 0.019726027397260273,
        "count": 365
    },
    "11-10": {
        "mde": 0.0,
        "count": 365
    },
    "11-11": {
        "mde": 0.0,
        "count": 365
    },
    "11-2": {
        "mde": 0.010649932051428616,
        "count": 365
    },
    "11-3": {
        "mde": 0.018082191780821915,
        "count": 365
    },
    "11-4": {
        "mde": 0.003287671232876713,
        "count": 365
    },
    "11-5": {
        "mde": 0.0016438356164383565,
        "count": 365
    },
    "11-6": {
        "mde": 0.023013698630136994,
        "count": 365
    },
    "11-7": {
        "mde": 0.003287671232876713,
        "count": 365
    },
    "11-8": {
        "mde": 0.0,
        "count": 365
    },
    "11-9": {
        "mde": 0.010496161326796448,
        "count": 365
    },
    "2-1": {
        "mde": 0.010065379110604374,
        "count": 365
    },
    "2-11": {
        "mde": 0.014794520547945203,
        "count": 365
    },
    "3-1": {
        "mde": 0.0,
        "count": 365
    },
    "3-11": {
        "mde": 0.03923914782356343,
        "count": 365
    },
    "4-1": {
        "mde": 0.009214604836379158,
        "count": 365
    },
    "4-11": {
        "mde": 0.012586609725192955,
        "count": 365
    },
    "5-1": {
        "mde": 0.006293304862596477,
        "count": 365
    },
    "5-11": {
        "mde": 0.0195800377891141,
        "count": 365
    },
    "6-1": {
        "mde": 0.013150684931506852,
        "count": 365
    },
    "6-10": {
        "mde": 0.008325197428349555,
        "count": 365
    },
    "6-11": {
        "mde": 0.05890019489563611,
        "count": 365
    },
    "6-2": {
        "mde": 0.003287671232876712,
        "count": 365
    },
    "6-3": {
        "mde": 0.016262337907384388,
        "count": 365
    },
    "6-4": {
        "mde": 0.019348487037154537,
        "count": 365
    },
    "6-5": {
        "mde": 0.009863013698630137,
        "count": 365
    },
    "6-6": {
        "mde": 0.02136986301369863,
        "count": 365
    },
    "6-7": {
        "mde": 0.01760252701232773,
        "count": 365
    },
    "6-8": {
        "mde": 0.06866388917275136,
        "count": 365
    },
    "6-9": {
        "mde": 0.053066581418290605,
        "count": 365
    },
    "7-1": {
        "mde": 0.05500000405918305,
        "count": 365
    },
    "7-11": {
        "mde": 0.01885830567945137,
        "count": 365
    },
    "8-1": {
        "mde": 0.016438356164383557,
        "count": 365
    },
    "8-11": {
        "mde": 0.013150684931506848,
        "count": 365
    },
    "9-1": {
        "mde": 0.023445050178010466,
        "count": 365
    },
    "9-11": {
        "mde": 0.011506849315068492,
        "count": 365
    }
}