{
    "1-1": {
        "mde": 0.004931506849315068,
        "count": 365
    },
    "1-10": {
        "mde": 0.056077496565258456,
        "count": 365
    },
    "1-11": {
        "mde": 0.0565235585870704,
        "count": 365
    },
    "1-2": {
        "mde": 0.06274499798336573,
        "count": 365
    },
    "1-3": {
        "mde": 0.03945205479452055,
        "count": 365
    },
    "1-4": {
        "mde": 0.06170590480427373,
        "count": 365
    },
    "1-5": {
        "mde": 0.01643835616438356,
        "count": 365
    },
    "1-6": {
        "mde": 0.040348372374515835,
        "count": 365
    },
    "1-7": {
        "mde": 0.033202255935099574,
        "count": 365
    },
    "1-8": {
        "mde": 0.09695404757622328,
        "count": 365
    },
    "1-9": {
        "mde": 0.025342040326025324,
        "count": 365
    },
    "10-1": {
        "mde": 0.02462402541365642,
        "count": 365
    },
    "10-11": {
        "mde": 0.008900077088832486,
        "count": 365
    },
    "11-1": {
        "mde": 0.029589041095890414,
        "count": 365
    },
    "11-10": {
        "mde": 0.003968570239517415,
        "count": 365
    },
    "11-11": {
        "mde": 0.014794520547945203,
        "count": 365
    },
    "11-2": {
        "mde": 0.012974666674507676,
        "count": 365
    },
    "11-3": {
        "mde": 0.07420625034037966,
        "count": 365
    },
    "11-4": {
        "mde": 0.08484784620142012,
        "count": 365
    },
    "11-5": {
        "mde": 0.004931506849315068,
        "count": 365
    },
    "11-6": {
        "mde": 0.018082191780821922,
        "count": 365
    },
    "11-7": {
        "mde": 0.1887813629031151,
        "count": 365
    },
    "11-8": {
        "mde": 0.003287671232876713,
        "count": 365
    },
    "11-9": {
        "mde": 0.010496161326796444,
        "count": 365
    },
    "2-1": {
        "mde": 0.010065379110604374,
        "count": 365
    },
    "2-11": {
        "mde": 0.00735145636438287,
        "count": 365
    },
    "3-1": {
        "mde": 0.01778080081050734,
        "count": 365
    },
    "3-11": {
        "mde": 0.04606596828123402,
        "count": 365
    },
    "4-1": {
        "mde": 0.02863924126332486,
        "count": 365
    },
    "4-11": {
        "mde": 0.02580227494547926,
        "count": 365
    },
    "5-1": {
        "mde": 0.010649932051428617,
        "count": 365
    },
    "5-11": {
        "mde": 0.029443051487744232,
        "count": 365
    },
    "6-1": {
        "mde": 0.013150684931506852,
        "count": 365
    },
    "6-10": {
        "mde": 0.0152885968434177,
        "count": 365
    },
    "6-11": {
        "mde": 0.09013307160796488,
        "count": 365
    },
    "6-2": {
        "mde": 0.003675728182191435,
        "count": 365
    },
    "6-3": {
        "mde": 0.05774118986371344,
        "count": 365
    },
    "6-4": {
        "mde": 0.03640061889101156,
        "count": 365
    },
    "6-5": {
        "mde": 0.009863013698630137,
        "count": 365
    },
    "6-6": {
        "mde": 0.026023482566868983,
        "count": 365
    },
    "6-7": {
        "mde": 0.18958563767669573,
        "count": 365
    },
    "6-8": {
        "mde": 0.07239655243534882,
        "count": 365
    },
    "6-9": {
        "mde": 0.035153695573371786,
        "count": 365
    },
    "7-1": {
        "mde": 0.06438313589365505,
        "count": 365
    },
    "7-11": {
        "mde": 0.040531815204645015,
        "count": 365
    },
    "8-1": {
        "mde": 0.02136986301369862,
        "count": 365
    },
    "8-11": {
        "mde": 0.013150684931506847,
        "count": 365
    },
    "9-1": {
        "mde": 0.02508888579444882,
        "count": 365
    },
    "9-11": {
        "mde": 0.006575342465753424,
        "count": 365
    }
}