{
    "1-1": {
        "mde": 0.004931506849315068,
        "count": 365
    },
    "1-10": {
        "mde": 0.04292681163375161,
        "count": 365
    },
    "1-11": {
        "mde": 0.06638657228570054,
        "count": 365
    },
    "1-2": {
        "mde": 0.0750934847564542,
        "count": 365
    },
    "1-3": {
        "mde": 0.03945205479452055,
        "count": 365
    },
    "1-4": {
        "mde": 0.06170590480427373,
        "count": 365
    },
    "1-5": {
        "mde": 0.011506849315068497,
        "count": 365
    },
    "1-6": {
        "mde": 0.040348372374515835,
        "count": 365
    },
    "1-7": {
        "mde": 0.04322804143689593,
        "count": 365
    },
    "1-8": {
        "mde": 0.08324172943806644,
        "count": 365
    },
    "1-9": {
        "mde": 0.02205436909314861,
        "count": 365
    },
    "10-1": {
        "mde": 0.02462402541365642,
        "count": 365
    },
    "10-11": {
        "mde": 0.017800154177664965,
        "count": 365
    },
    "11-1": {
        "mde": 0.029589041095890414,
        "count": 365
    },
    "11-10": {
        "mde": 0.003968570239517415,
        "count": 365
    },
    "11-11": {
        "mde": 0.014794520547945203,
        "count": 365
    },
    "11-2": {
        "mde": 0.010649932051428616,
        "count": 365
    },
    "11-3": {
        "mde": 0.07420625034037966,
        "count": 365
    },
    "11-4": {
        "mde": 0.0789041095890411,
        "count": 365
    },
    "11-5": {
        "mde": 0.006575342465753426,
        "count": 365
    },
    "11-6": {
        "mde": 0.018082191780821922,
        "count": 365
    },
    "11-7": {
        "mde": 0.2615570679590449,
        "count": 365
    },
    "11-8": {
        "mde": 0.0,
        "count": 365
    },
    "11-9": {
        "mde": 0.01519925137189368,
        "count": 365
    },
    "2-1": {
        "mde": 0.010065379110604374,
        "count": 365
    },
    "2-11": {
        "mde": 0.008995291980821227,
        "count": 365
    },
    "3-1": {
        "mde": 0.02370773441400979,
        "count": 365
    },
    "3-11": {
        "mde": 0.04606596828123402,
        "count": 365
    },
    "4-1": {
        "mde": 0.02863924126332486,
        "count": 365
    },
    "4-11": {
        "mde": 0.02580227494547926,
        "count": 365
    },
    "5-1": {
        "mde": 0.010649932051428617,
        "count": 365
    },
    "5-11": {
        "mde": 0.029443051487744232,
        "count": 365
    },
    "6-1": {
        "mde": 0.01643835616438356,
        "count": 365
    },
    "6-10": {
        "mde": 0.016932432459856057,
        "count": 365
    },
    "6-11": {
        "mde": 0.08684540037508817,
        "count": 365
    },
    "6-2": {
        "mde": 0.005319563798629791,
        "count": 365
    },
    "6-3": {
        "mde": 0.0593850254801518,
        "count": 365
    },
    "6-4": {
        "mde": 0.03640061889101156,
        "count": 365
    },
    "6-5": {
        "mde": 0.009863013698630137,
        "count": 365
    },
    "6-6": {
        "mde": 0.026023482566868983,
        "count": 365
    },
    "6-7": {
        "mde": 0.20390049345614675,
        "count": 365
    },
    "6-8": {
        "mde": 0.07239655243534882,
        "count": 365
    },
    "6-9": {
        "mde": 0.04858397610837166,
        "count": 365
    },
    "7-1": {
        "mde": 0.06438313589365505,
        "count": 365
    },
    "7-11": {
        "mde": 0.040531815204645015,
        "count": 365
    },
    "8-1": {
        "mde": 0.02136986301369862,
        "count": 365
    },
    "8-11": {
        "mde": 0.014794520547945202,
        "count": 365
    },
    "9-1": {
        "mde": 0.02508888579444882,
        "count": 365
    },
    "9-11": {
        "mde": 0.00821917808219178,
        "count": 365
    }
}