{
    "1-1": {
        "mde": 0.004931506849315068,
        "count": 365
    },
    "1-10": {
        "mde": 0.049704519511479264,
        "count": 365
    },
    "1-11": {
        "mde": 0.06967424351857725,
        "count": 365
    },
    "1-2": {
        "mde": 0.07294029303892348,
        "count": 365
    },
    "1-3": {
        "mde": 0.04109589041095891,
        "count": 365
    },
    "1-4": {
        "mde": 0.06690416945112586,
        "count": 365
    },
    "1-5": {
        "mde": 0.011506849315068497,
        "count": 365
    },
    "1-6": {
        "mde": 0.04873032225987383,
        "count": 365
    },
    "1-7": {
        "mde": 0.04322804143689593,
        "count": 365
    },
    "1-8": {
        "mde": 0.09162367932342445,
        "count": 365
    },
    "1-9": {
        "mde": 0.01470291272876574,
        "count": 365
    },
    "10-1": {
        "mde": 0.028592595653173836,
        "count": 365
    },
    "10-11": {
        "mde": 0.01615631856122661,
        "count": 365
    },
    "11-1": {
        "mde": 0.029589041095890414,
        "count": 365
    },
    "11-10": {
        "mde": 0.003968570239517415,
        "count": 365
    },
    "11-11": {
        "mde": 0.014794520547945203,
        "count": 365
    },
    "11-2": {
        "mde": 0.012974666674507676,
        "count": 365
    },
    "11-3": {
        "mde": 0.06434323664174951,
        "count": 365
    },
    "11-4": {
        "mde": 0.0821917808219178,
        "count": 365
    },
    "11-5": {
        "mde": 0.004931506849315068,
        "count": 365
    },
    "11-6": {
        "mde": 0.02465753424657535,
        "count": 365
    },
    "11-7": {
        "mde": 0.2615570679590449,
        "count": 365
    },
    "11-8": {
        "mde": 0.0016438356164383565,
        "count": 365
    },
    "11-9": {
        "mde": 0.01519925137189368,
        "count": 365
    },
    "2-1": {
        "mde": 0.010065379110604374,
        "count": 365
    },
    "2-11": {
        "mde": 0.010065379110604372,
        "count": 365
    },
    "3-1": {
        "mde": 0.02370773441400979,
        "count": 365
    },
    "3-11": {
        "mde": 0.04606596828123402,
        "count": 365
    },
    "4-1": {
        "mde": 0.030283076879763216,
        "count": 365
    },
    "4-11": {
        "mde": 0.02580227494547926,
        "count": 365
    },
    "5-1": {
        "mde": 0.010649932051428617,
        "count": 365
    },
    "5-11": {
        "mde": 0.029443051487744232,
        "count": 365
    },
    "6-1": {
        "mde": 0.01808219178082192,
        "count": 365
    },
    "6-10": {
        "mde": 0.01857626807629441,
        "count": 365
    },
    "6-11": {
        "mde": 0.08775643529939918,
        "count": 365
    },
    "6-2": {
        "mde": 0.005319563798629791,
        "count": 365
    },
    "6-3": {
        "mde": 0.06740649961512372,
        "count": 365
    },
    "6-4": {
        "mde": 0.03120235424415943,
        "count": 365
    },
    "6-5": {
        "mde": 0.009863013698630137,
        "count": 365
    },
    "6-6": {
        "mde": 0.03259882503262241,
        "count": 365
    },
    "6-7": {
        "mde": 0.20718816468902349,
        "count": 365
    },
    "6-8": {
        "mde": 0.07239655243534882,
        "count": 365
    },
    "6-9": {
        "mde": 0.0512232384789974,
        "count": 365
    },
    "7-1": {
        "mde": 0.06157534652493648,
        "count": 365
    },
    "7-11": {
        "mde": 0.08071159389529169,
        "count": 365
    },
    "8-1": {
        "mde": 0.0295890410958904,
        "count": 365
    },
    "8-11": {
        "mde": 0.01643835616438356,
        "count": 365
    },
    "9-1": {
        "mde": 0.02508888579444882,
        "count": 365
    },
    "9-11": {
        "mde": 0.011506849315068492,
        "count": 365
    }
}