{
    "1-1": {
        "mde": 0.004931506849315068,
        "count": 365
    },
    "1-10": {
        "mde": 0.12059128520232254,
        "count": 365
    },
    "1-11": {
        "mde": 0.06638657228570054,
        "count": 365
    },
    "1-2": {
        "mde": 0.022050762020339332,
        "count": 365
    },
    "1-3": {
        "mde": 0.04148394736027363,
        "count": 365
    },
    "1-4": {
        "mde": 0.05157613330810652,
        "count": 365
    },
    "1-5": {
        "mde": 0.0447882924677841,
        "count": 365
    },
    "1-6": {
        "mde": 0.02532020422591701,
        "count": 365
    },
    "1-7": {
        "mde": 0.06098468961138541,
        "count": 365
    },
    "1-8": {
        "mde": 0.030621050127540475,
        "count": 365
    },
    "1-9": {
        "mde": 0.03027354717534039,
        "count": 365
    },
    "10-1": {
        "mde": 0.03146652431298237,
        "count": 365
    },
    "10-11": {
        "mde": 0.0910918579107503,
        "count": 365
    },
    "11-1": {
        "mde": 0.06904109589041095,
        "count": 365
    },
    "11-10": {
        "mde": 0.002324734623079059,
        "count": 365
    },
    "11-11": {
        "mde": 0.042739726027397264,
        "count": 365
    },
    "11-2": {
        "mde": 0.018294230473137465,
        "count": 365
    },
    "11-3": {
        "mde": 0.10849315068493151,
        "count": 365
    },
    "11-4": {
        "mde": 0.06183414757128313,
        "count": 365
    },
    "11-5": {
        "mde": 0.013150684931506848,
        "count": 365
    },
    "11-6": {
        "mde": 0.039452054794520554,
        "count": 365
    },
    "11-7": {
        "mde": 0.2593797167475324,
        "count": 365
    },
    "11-8": {
        "mde": 0.0016438356164383552,
        "count": 365
    },
    "11-9": {
        "mde": 0.03350985995693343,
        "count": 365
    },
    "2-1": {
        "mde": 0.010065379110604374,
        "count": 365
    },
    "2-11": {
        "mde": 0.031610392102660596,
        "count": 365
    },
    "3-1": {
        "mde": 0.01778080081050734,
        "count": 365
    },
    "3-11": {
        "mde": 0.05823235592075301,
        "count": 365
    },
    "4-1": {
        "mde": 0.04633978197943286,
        "count": 365
    },
    "4-11": {
        "mde": 0.038502254961954994,
        "count": 365
    },
    "5-1": {
        "mde": 0.020034412155392284,
        "count": 365
    },
    "5-11": {
        "mde": 0.03337078862423962,
        "count": 365
    },
    "6-1": {
        "mde": 0.006575342465753424,
        "count": 365
    },
    "6-10": {
        "mde": 0.030296287257506174,
        "count": 365
    },
    "6-11": {
        "mde": 0.11377991786626818,
        "count": 365
    },
    "6-2": {
        "mde": 0.03907840937218414,
        "count": 365
    },
    "6-3": {
        "mde": 0.06829590702315332,
        "count": 365
    },
    "6-4": {
        "mde": 0.029558518627721075,
        "count": 365
    },
    "6-5": {
        "mde": 0.029751812899056634,
        "count": 365
    },
    "6-6": {
        "mde": 0.05147693624477686,
        "count": 365
    },
    "6-7": {
        "mde": 0.2326148945587759,
        "count": 365
    },
    "6-8": {
        "mde": 0.08224410370496149,
        "count": 365
    },
    "6-9": {
        "mde": 0.04690507372514555,
        "count": 365
    },
    "7-1": {
        "mde": 0.0598710806093843,
        "count": 365
    },
    "7-11": {
        "mde": 0.04528010641560115,
        "count": 365
    },
    "8-1": {
        "mde": 0.05202593529973727,
        "count": 365
    },
    "8-11": {
        "mde": 0.02136986301369863,
        "count": 365
    },
    "9-1": {
        "mde": 0.02400912538432436,
        "count": 365
    },
    "9-11": {
        "mde": 0.023412560033620744,
        "count": 365
    }
}