{
    "1-1": {
        "mde": 0.01643835616438356,
        "count": 365
    },
    "1-10": {
        "mde": 0.5851026730656494,
        "count": 365
    },
    "1-11": {
        "mde": 0.4097979047950037,
        "count": 365
    },
    "1-2": {
        "mde": 0.15695851606006087,
        "count": 365
    },
    "1-3": {
        "mde": 0.07068493150684933,
        "count": 365
    },
    "1-4": {
        "mde": 0.21486117062471544,
        "count": 365
    },
    "1-5": {
        "mde": 0.08464507808625313,
        "count": 365
    },
    "1-6": {
        "mde": 1.6198714459557693,
        "count": 365
    },
    "1-7": {
        "mde": 0.34198380001733764,
        "count": 365
    },
    "1-8": {
        "mde": 0.0371963925932939,
        "count": 365
    },
    "1-9": {
        "mde": 0.07515839926026704,
        "count": 365
    },
    "10-1": {
        "mde": 0.04762284287420898,
        "count": 365
    },
    "10-11": {
        "mde": 0.261077309594622,
        "count": 365
    },
    "11-1": {
        "mde": 0.07232876712328767,
        "count": 365
    },
    "11-10": {
        "mde": 0.021369863013698642,
        "count": 365
    },
    "11-11": {
        "mde": 0.23835616438356164,
        "count": 365
    },
    "11-2": {
        "mde": 0.24701787493463115,
        "count": 365
    },
    "11-3": {
        "mde": 0.14409345904026144,
        "count": 365
    },
    "11-4": {
        "mde": 0.2903272982562146,
        "count": 365
    },
    "11-5": {
        "mde": 0.07726027397260272,
        "count": 365
    },
    "11-6": {
        "mde": 0.037808219178082206,
        "count": 365
    },
    "11-7": {
        "mde": 0.22795553040149094,
        "count": 365
    },
    "11-8": {
        "mde": 0.0,
        "count": 365
    },
    "11-9": {
        "mde": 0.24442712674278874,
        "count": 365
    },
    "2-1": {
        "mde": 0.14663746326553342,
        "count": 365
    },
    "2-11": {
        "mde": 0.012040364910142615,
        "count": 365
    },
    "3-1": {
        "mde": 0.03501687978185841,
        "count": 365
    },
    "3-11": {
        "mde": 0.1617139939007045,
        "count": 365
    },
    "4-1": {
        "mde": 0.058640280539931124,
        "count": 365
    },
    "4-11": {
        "mde": 0.013150684931506848,
        "count": 365
    },
    "5-1": {
        "mde": 0.03984011174383527,
        "count": 365
    },
    "5-11": {
        "mde": 0.07176469191697378,
        "count": 365
    },
    "6-1": {
        "mde": 0.627945205479452,
        "count": 365
    },
    "6-10": {
        "mde": 0.29528903839075515,
        "count": 365
    },
    "6-11": {
        "mde": 0.16180641107500207,
        "count": 365
    },
    "6-2": {
        "mde": 0.11990839218082054,
        "count": 365
    },
    "6-3": {
        "mde": 0.04122359544733737,
        "count": 365
    },
    "6-4": {
        "mde": 0.03060127085895437,
        "count": 365
    },
    "6-5": {
        "mde": 0.03945205479452055,
        "count": 365
    },
    "6-6": {
        "mde": 0.2835356454587298,
        "count": 365
    },
    "6-7": {
        "mde": 0.469159029463347,
        "count": 365
    },
    "6-8": {
        "mde": 0.18582153572753465,
        "count": 365
    },
    "6-9": {
        "mde": 0.3568823321706002,
        "count": 365
    },
    "7-1": {
        "mde": 0.13527716387104133,
        "count": 365
    },
    "7-11": {
        "mde": 0.07789761240870456,
        "count": 365
    },
    "8-1": {
        "mde": 0.07259552492082469,
        "count": 365
    },
    "8-11": {
        "mde": 0.042566040093461155,
        "count": 365
    },
    "9-1": {
        "mde": 0.03421915697489091,
        "count": 365
    },
    "9-11": {
        "mde": 0.02834406688293581,
        "count": 365
    }
}