{
    "1-1": {
        "mde": 0.004931506849315068,
        "count": 365
    },
    "1-10": {
        "mde": 0.051081597330380556,
        "count": 365
    },
    "1-11": {
        "mde": 0.027945205479452045,
        "count": 365
    },
    "1-2": {
        "mde": 0.015475419554585909,
        "count": 365
    },
    "1-3": {
        "mde": 0.01643835616438356,
        "count": 365
    },
    "1-4": {
        "mde": 0.04788960067174606,
        "count": 365
    },
    "1-5": {
        "mde": 0.011506849315068497,
        "count": 365
    },
    "1-6": {
        "mde": 0.028178853080105665,
        "count": 365
    },
    "1-7": {
        "mde": 0.028270749085784502,
        "count": 365
    },
    "1-8": {
        "mde": 0.0700015905005447,
        "count": 365
    },
    "1-9": {
        "mde": 0.02205436909314861,
        "count": 365
    },
    "10-1": {
        "mde": 0.01901161955770065,
        "count": 365
    },
    "10-11": {
        "mde": 0.003968570239517415,
        "count": 365
    },
    "11-1": {
        "mde": 0.013150684931506848,
        "count": 365
    },
    "11-10": {
        "mde": 0.0,
        "count": 365
    },
    "11-11": {
        "mde": 0.0,
        "count": 365
    },
    "11-2": {
        "mde": 0.010649932051428616,
        "count": 365
    },
    "11-3": {
        "mde": 0.02136986301369863,
        "count": 365
    },
    "11-4": {
        "mde": 0.004931506849315068,
        "count": 365
    },
    "11-5": {
        "mde": 0.003287671232876712,
        "count": 365
    },
    "11-6": {
        "mde": 0.014794520547945207,
        "count": 365
    },
    "11-7": {
        "mde": 0.0016438356164383565,
        "count": 365
    },
    "11-8": {
        "mde": 0.0,
        "count": 365
    },
    "11-9": {
        "mde": 0.010496161326796448,
        "count": 365
    },
    "2-1": {
        "mde": 0.022162650786961828,
        "count": 365
    },
    "2-11": {
        "mde": 0.014794520547945203,
        "count": 365
    },
    "3-1": {
        "mde": 0.0,
        "count": 365
    },
    "3-11": {
        "mde": 0.03923914782356343,
        "count": 365
    },
    "4-1": {
        "mde": 0.009214604836379158,
        "count": 365
    },
    "4-11": {
        "mde": 0.012586609725192955,
        "count": 365
    },
    "5-1": {
        "mde": 0.008900077088832486,
        "count": 365
    },
    "5-11": {
        "mde": 0.00464946924615812,
        "count": 365
    },
    "6-1": {
        "mde": 0.013150684931506852,
        "count": 365
    },
    "6-10": {
        "mde": 0.00464946924615812,
        "count": 365
    },
    "6-11": {
        "mde": 0.062187866128512834,
        "count": 365
    },
    "6-2": {
        "mde": 0.003287671232876712,
        "count": 365
    },
    "6-3": {
        "mde": 0.012974666674507676,
        "count": 365
    },
    "6-4": {
        "mde": 0.020992322653592892,
        "count": 365
    },
    "6-5": {
        "mde": 0.009863013698630137,
        "count": 365
    },
    "6-6": {
        "mde": 0.006575342465753424,
        "count": 365
    },
    "6-7": {
        "mde": 0.01643835616438356,
        "count": 365
    },
    "6-8": {
        "mde": 0.06856423610879032,
        "count": 365
    },
    "6-9": {
        "mde": 0.04713964781478815,
        "count": 365
    },
    "7-1": {
        "mde": 0.0566438396756214,
        "count": 365
    },
    "7-11": {
        "mde": 0.01885830567945137,
        "count": 365
    },
    "8-1": {
        "mde": 0.008219178082191777,
        "count": 365
    },
    "8-11": {
        "mde": 0.003287671232876713,
        "count": 365
    },
    "9-1": {
        "mde": 0.026732721410887176,
        "count": 365
    },
    "9-11": {
        "mde": 0.01808219178082191,
        "count": 365
    }
}