{
    "1-1": {
        "mde": 0.004931506849315068,
        "count": 365
    },
    "1-10": {
        "mde": 0.11237210712013078,
        "count": 365
    },
    "1-11": {
        "mde": 0.0713180791350156,
        "count": 365
    },
    "1-2": {
        "mde": 0.022050762020339332,
        "count": 365
    },
    "1-3": {
        "mde": 0.039840111743835276,
        "count": 365
    },
    "1-4": {
        "mde": 0.05157613330810652,
        "count": 365
    },
    "1-5": {
        "mde": 0.033281443152715605,
        "count": 365
    },
    "1-6": {
        "mde": 0.033702154111275015,
        "count": 365
    },
    "1-7": {
        "mde": 0.06262852522782375,
        "count": 365
    },
    "1-8": {
        "mde": 0.030621050127540475,
        "count": 365
    },
    "1-9": {
        "mde": 0.03027354717534039,
        "count": 365
    },
    "10-1": {
        "mde": 0.03146652431298237,
        "count": 365
    },
    "10-11": {
        "mde": 0.0910918579107503,
        "count": 365
    },
    "11-1": {
        "mde": 0.06739726027397261,
        "count": 365
    },
    "11-10": {
        "mde": 0.002324734623079059,
        "count": 365
    },
    "11-11": {
        "mde": 0.042739726027397264,
        "count": 365
    },
    "11-2": {
        "mde": 0.018294230473137465,
        "count": 365
    },
    "11-3": {
        "mde": 0.1117808219178082,
        "count": 365
    },
    "11-4": {
        "mde": 0.053614969489091356,
        "count": 365
    },
    "11-5": {
        "mde": 0.00821917808219178,
        "count": 365
    },
    "11-6": {
        "mde": 0.0378082191780822,
        "count": 365
    },
    "11-7": {
        "mde": 0.2385866581601239,
        "count": 365
    },
    "11-8": {
        "mde": 0.004931506849315068,
        "count": 365
    },
    "11-9": {
        "mde": 0.03350985995693343,
        "count": 365
    },
    "2-1": {
        "mde": 0.010065379110604374,
        "count": 365
    },
    "2-11": {
        "mde": 0.02425893573827773,
        "count": 365
    },
    "3-1": {
        "mde": 0.029634668017512238,
        "count": 365
    },
    "3-11": {
        "mde": 0.05823235592075301,
        "count": 365
    },
    "4-1": {
        "mde": 0.04041284837593041,
        "count": 365
    },
    "4-11": {
        "mde": 0.038502254961954994,
        "count": 365
    },
    "5-1": {
        "mde": 0.01257580527102392,
        "count": 365
    },
    "5-11": {
        "mde": 0.03337078862423962,
        "count": 365
    },
    "6-1": {
        "mde": 0.006575342465753426,
        "count": 365
    },
    "6-10": {
        "mde": 0.02904050859038254,
        "count": 365
    },
    "6-11": {
        "mde": 0.10884841101695311,
        "count": 365
    },
    "6-2": {
        "mde": 0.03907840937218414,
        "count": 365
    },
    "6-3": {
        "mde": 0.06829590702315332,
        "count": 365
    },
    "6-4": {
        "mde": 0.029558518627721075,
        "count": 365
    },
    "6-5": {
        "mde": 0.02136986301369863,
        "count": 365
    },
    "6-6": {
        "mde": 0.05805227871053029,
        "count": 365
    },
    "6-7": {
        "mde": 0.23817954903625724,
        "count": 365
    },
    "6-8": {
        "mde": 0.08224410370496149,
        "count": 365
    },
    "6-9": {
        "mde": 0.04871168114475014,
        "count": 365
    },
    "7-1": {
        "mde": 0.0598710806093843,
        "count": 365
    },
    "7-11": {
        "mde": 0.024565926427395877,
        "count": 365
    },
    "8-1": {
        "mde": 0.05202593529973727,
        "count": 365
    },
    "8-11": {
        "mde": 0.019726027397260273,
        "count": 365
    },
    "9-1": {
        "mde": 0.02072145415144765,
        "count": 365
    },
    "9-11": {
        "mde": 0.01808219178082192,
        "count": 365
    }
}