{
    "1-1": {
        "mde": 0.019726027397260273,
        "count": 365
    },
    "1-10": {
        "mde": 0.5321788528388577,
        "count": 365
    },
    "1-11": {
        "mde": 0.3594628373673654,
        "count": 365
    },
    "1-2": {
        "mde": 0.14506360979567767,
        "count": 365
    },
    "1-3": {
        "mde": 0.0756164383561644,
        "count": 365
    },
    "1-4": {
        "mde": 0.24260867215694762,
        "count": 365
    },
    "1-5": {
        "mde": 0.07806973562049971,
        "count": 365
    },
    "1-6": {
        "mde": 1.6490271985280025,
        "count": 365
    },
    "1-7": {
        "mde": 0.3277533546757064,
        "count": 365
    },
    "1-8": {
        "mde": 0.0371963925932939,
        "count": 365
    },
    "1-9": {
        "mde": 0.07515839926026704,
        "count": 365
    },
    "10-1": {
        "mde": 0.04762284287420898,
        "count": 365
    },
    "10-11": {
        "mde": 0.258203779570849,
        "count": 365
    },
    "11-1": {
        "mde": 0.08547945205479451,
        "count": 365
    },
    "11-10": {
        "mde": 0.021369863013698642,
        "count": 365
    },
    "11-11": {
        "mde": 0.2153424657534247,
        "count": 365
    },
    "11-2": {
        "mde": 0.20543175775981415,
        "count": 365
    },
    "11-3": {
        "mde": 0.14244962342382309,
        "count": 365
    },
    "11-4": {
        "mde": 0.2870396270233379,
        "count": 365
    },
    "11-5": {
        "mde": 0.08547945205479451,
        "count": 365
    },
    "11-6": {
        "mde": 0.037808219178082206,
        "count": 365
    },
    "11-7": {
        "mde": 0.18636941322667386,
        "count": 365
    },
    "11-8": {
        "mde": 0.0,
        "count": 365
    },
    "11-9": {
        "mde": 0.20376087947642274,
        "count": 365
    },
    "2-1": {
        "mde": 0.21881183780441876,
        "count": 365
    },
    "2-11": {
        "mde": 0.008485935879728842,
        "count": 365
    },
    "3-1": {
        "mde": 0.03501687978185841,
        "count": 365
    },
    "3-11": {
        "mde": 0.17157700759933464,
        "count": 365
    },
    "4-1": {
        "mde": 0.06028411615636948,
        "count": 365
    },
    "4-11": {
        "mde": 0.0190776185350093,
        "count": 365
    },
    "5-1": {
        "mde": 0.0349086048945202,
        "count": 365
    },
    "5-11": {
        "mde": 0.06847702068409707,
        "count": 365
    },
    "6-1": {
        "mde": 0.6246575342465753,
        "count": 365
    },
    "6-10": {
        "mde": 0.2736371377738996,
        "count": 365
    },
    "6-11": {
        "mde": 0.17139153747748748,
        "count": 365
    },
    "6-2": {
        "mde": 0.11198205615595473,
        "count": 365
    },
    "6-3": {
        "mde": 0.04122359544733737,
        "count": 365
    },
    "6-4": {
        "mde": 0.023280456427674054,
        "count": 365
    },
    "6-5": {
        "mde": 0.034520547945205475,
        "count": 365
    },
    "6-6": {
        "mde": 0.252302768746401,
        "count": 365
    },
    "6-7": {
        "mde": 0.4658713582304703,
        "count": 365
    },
    "6-8": {
        "mde": 0.19370677452108287,
        "count": 365
    },
    "6-9": {
        "mde": 0.761212432211658,
        "count": 365
    },
    "7-1": {
        "mde": 0.14034471871536716,
        "count": 365
    },
    "7-11": {
        "mde": 0.07460994117582785,
        "count": 365
    },
    "8-1": {
        "mde": 0.06602018245507127,
        "count": 365
    },
    "8-11": {
        "mde": 0.0366391064899587,
        "count": 365
    },
    "9-1": {
        "mde": 0.03257532135845255,
        "count": 365
    },
    "9-11": {
        "mde": 0.016837217567867317,
        "count": 365
    }
}