{
    "1-1": {
        "mde": 0.03945205479452055,
        "count": 365
    },
    "1-10": {
        "mde": 0.8471194441887874,
        "count": 365
    },
    "1-11": {
        "mde": 0.3877948941531387,
        "count": 365
    },
    "1-2": {
        "mde": 0.15431825602319715,
        "count": 365
    },
    "1-3": {
        "mde": 0.06082191780821919,
        "count": 365
    },
    "1-4": {
        "mde": 0.3753576316259822,
        "count": 365
    },
    "1-5": {
        "mde": 0.08977895034754242,
        "count": 365
    },
    "1-6": {
        "mde": 1.8214411859710151,
        "count": 365
    },
    "1-7": {
        "mde": 0.433073215928424,
        "count": 365
    },
    "1-8": {
        "mde": 0.0455783424786519,
        "count": 365
    },
    "1-9": {
        "mde": 0.07515839926026704,
        "count": 365
    },
    "10-1": {
        "mde": 0.045298108251129926,
        "count": 365
    },
    "10-11": {
        "mde": 0.29082912249367865,
        "count": 365
    },
    "11-1": {
        "mde": 0.12821917808219177,
        "count": 365
    },
    "11-10": {
        "mde": 0.042739726027397264,
        "count": 365
    },
    "11-11": {
        "mde": 0.29753424657534244,
        "count": 365
    },
    "11-2": {
        "mde": 0.280661750459126,
        "count": 365
    },
    "11-3": {
        "mde": 0.17210364480849297,
        "count": 365
    },
    "11-4": {
        "mde": 0.30019031195484475,
        "count": 365
    },
    "11-5": {
        "mde": 0.10520547945205479,
        "count": 365
    },
    "11-6": {
        "mde": 0.050958904109589045,
        "count": 365
    },
    "11-7": {
        "mde": 0.06818640416797614,
        "count": 365
    },
    "11-8": {
        "mde": 0.0016438356164383552,
        "count": 365
    },
    "11-9": {
        "mde": 0.333574068533764,
        "count": 365
    },
    "2-1": {
        "mde": 0.11164803824174398,
        "count": 365
    },
    "2-11": {
        "mde": 0.008485935879728842,
        "count": 365
    },
    "3-1": {
        "mde": 0.026450683807730233,
        "count": 365
    },
    "3-11": {
        "mde": 0.22089207609248532,
        "count": 365
    },
    "4-1": {
        "mde": 0.061561580513713805,
        "count": 365
    },
    "4-11": {
        "mde": 0.0190776185350093,
        "count": 365
    },
    "5-1": {
        "mde": 0.037328554409588,
        "count": 365
    },
    "5-11": {
        "mde": 0.1581103005765593,
        "count": 365
    },
    "6-1": {
        "mde": 0.6147945205479453,
        "count": 365
    },
    "6-10": {
        "mde": 0.36376605907485215,
        "count": 365
    },
    "6-11": {
        "mde": 0.2357790138147281,
        "count": 365
    },
    "6-2": {
        "mde": 0.1485104457589113,
        "count": 365
    },
    "6-3": {
        "mde": 0.04741088096377607,
        "count": 365
    },
    "6-4": {
        "mde": 0.0493150684931507,
        "count": 365
    },
    "6-5": {
        "mde": 0.05917808219178083,
        "count": 365
    },
    "6-6": {
        "mde": 0.27531646737653803,
        "count": 365
    },
    "6-7": {
        "mde": 0.3409014226079351,
        "count": 365
    },
    "6-8": {
        "mde": 0.1259175067511457,
        "count": 365
    },
    "6-9": {
        "mde": 1.0346394889230761,
        "count": 365
    },
    "7-1": {
        "mde": 0.13693548178375406,
        "count": 365
    },
    "7-11": {
        "mde": 0.10384694575771991,
        "count": 365
    },
    "8-1": {
        "mde": 0.10764958846110428,
        "count": 365
    },
    "8-11": {
        "mde": 0.029068337270017904,
        "count": 365
    },
    "9-1": {
        "mde": 0.04546565437702315,
        "count": 365
    },
    "9-11": {
        "mde": 0.037339358863757034,
        "count": 365
    }
}