{
    "1-1": {
        "mde": 0.00821917808219178,
        "count": 365
    },
    "1-10": {
        "mde": 0.08049955520297611,
        "count": 365
    },
    "1-11": {
        "mde": 0.16109589041095881,
        "count": 365
    },
    "1-2": {
        "mde": 0.024375496643418395,
        "count": 365
    },
    "1-3": {
        "mde": 0.039840111743835276,
        "count": 365
    },
    "1-4": {
        "mde": 0.08849495084550188,
        "count": 365
    },
    "1-5": {
        "mde": 0.043144456851345735,
        "count": 365
    },
    "1-6": {
        "mde": 0.03984847419834039,
        "count": 365
    },
    "1-7": {
        "mde": 0.21780016038569416,
        "count": 365
    },
    "1-8": {
        "mde": 0.02897721451110212,
        "count": 365
    },
    "1-9": {
        "mde": 0.024565926427395877,
        "count": 365
    },
    "10-1": {
        "mde": 0.03214742331962308,
        "count": 365
    },
    "10-11": {
        "mde": 0.09698630136986303,
        "count": 365
    },
    "11-1": {
        "mde": 0.20876712328767127,
        "count": 365
    },
    "11-10": {
        "mde": 0.012586609725192948,
        "count": 365
    },
    "11-11": {
        "mde": 0.03945205479452055,
        "count": 365
    },
    "11-2": {
        "mde": 0.015969495850058406,
        "count": 365
    },
    "11-3": {
        "mde": 0.1128605823279327,
        "count": 365
    },
    "11-4": {
        "mde": 0.21863013698630132,
        "count": 365
    },
    "11-5": {
        "mde": 0.02794520547945205,
        "count": 365
    },
    "11-6": {
        "mde": 0.03452054794520548,
        "count": 365
    },
    "11-7": {
        "mde": 0.404397611264318,
        "count": 365
    },
    "11-8": {
        "mde": 0.0,
        "count": 365
    },
    "11-9": {
        "mde": 0.05175169188285224,
        "count": 365
    },
    "2-1": {
        "mde": 0.0197415700980663,
        "count": 365
    },
    "2-11": {
        "mde": 0.037196713698827454,
        "count": 365
    },
    "3-1": {
        "mde": 0.02370773441400979,
        "count": 365
    },
    "3-11": {
        "mde": 0.06773700400266662,
        "count": 365
    },
    "4-1": {
        "mde": 0.03621001048326566,
        "count": 365
    },
    "4-11": {
        "mde": 0.02599997889269913,
        "count": 365
    },
    "5-1": {
        "mde": 0.03287671232876712,
        "count": 365
    },
    "5-11": {
        "mde": 0.029402218384722203,
        "count": 365
    },
    "6-1": {
        "mde": 0.06583541197992476,
        "count": 365
    },
    "6-10": {
        "mde": 0.05062989586425584,
        "count": 365
    },
    "6-11": {
        "mde": 0.12199909594845995,
        "count": 365
    },
    "6-2": {
        "mde": 0.03955807414067833,
        "count": 365
    },
    "6-3": {
        "mde": 0.05893432056512069,
        "count": 365
    },
    "6-4": {
        "mde": 0.08086444062924653,
        "count": 365
    },
    "6-5": {
        "mde": 0.026301369863013697,
        "count": 365
    },
    "6-6": {
        "mde": 0.07414261686598346,
        "count": 365
    },
    "6-7": {
        "mde": 0.42446130586402275,
        "count": 365
    },
    "6-8": {
        "mde": 0.08956770929185971,
        "count": 365
    },
    "6-9": {
        "mde": 0.05116669742660569,
        "count": 365
    },
    "7-1": {
        "mde": 0.07630943677376788,
        "count": 365
    },
    "7-11": {
        "mde": 0.1155986066457326,
        "count": 365
    },
    "8-1": {
        "mde": 0.08050465637426345,
        "count": 365
    },
    "8-11": {
        "mde": 0.023013698630136983,
        "count": 365
    },
    "9-1": {
        "mde": 0.03785384609970402,
        "count": 365
    },
    "9-11": {
        "mde": 0.02465753424657534,
        "count": 365
    }
}