{
    "1-1": {
        "mde": 0.009863013698630137,
        "count": 365
    },
    "1-10": {
        "mde": 0.08049955520297611,
        "count": 365
    },
    "1-11": {
        "mde": 0.17917808219178075,
        "count": 365
    },
    "1-2": {
        "mde": 0.02805122482560983,
        "count": 365
    },
    "1-3": {
        "mde": 0.04148394736027363,
        "count": 365
    },
    "1-4": {
        "mde": 0.08849495084550188,
        "count": 365
    },
    "1-5": {
        "mde": 0.043144456851345735,
        "count": 365
    },
    "1-6": {
        "mde": 0.03984847419834039,
        "count": 365
    },
    "1-7": {
        "mde": 0.22273166723500917,
        "count": 365
    },
    "1-8": {
        "mde": 0.03202879614366129,
        "count": 365
    },
    "1-9": {
        "mde": 0.022922090810957522,
        "count": 365
    },
    "10-1": {
        "mde": 0.03214742331962308,
        "count": 365
    },
    "10-11": {
        "mde": 0.09698630136986303,
        "count": 365
    },
    "11-1": {
        "mde": 0.21534246575342464,
        "count": 365
    },
    "11-10": {
        "mde": 0.012586609725192948,
        "count": 365
    },
    "11-11": {
        "mde": 0.03945205479452055,
        "count": 365
    },
    "11-2": {
        "mde": 0.015969495850058406,
        "count": 365
    },
    "11-3": {
        "mde": 0.11450441794437104,
        "count": 365
    },
    "11-4": {
        "mde": 0.22226827962015847,
        "count": 365
    },
    "11-5": {
        "mde": 0.03616438356164384,
        "count": 365
    },
    "11-6": {
        "mde": 0.036164383561643844,
        "count": 365
    },
    "11-7": {
        "mde": 0.42519066985172654,
        "count": 365
    },
    "11-8": {
        "mde": 0.0016438356164383552,
        "count": 365
    },
    "11-9": {
        "mde": 0.054651306166414226,
        "count": 365
    },
    "2-1": {
        "mde": 0.02371014033758372,
        "count": 365
    },
    "2-11": {
        "mde": 0.0441601131138956,
        "count": 365
    },
    "3-1": {
        "mde": 0.02370773441400979,
        "count": 365
    },
    "3-11": {
        "mde": 0.07102467523554333,
        "count": 365
    },
    "4-1": {
        "mde": 0.03647676828080273,
        "count": 365
    },
    "4-11": {
        "mde": 0.033570748112639937,
        "count": 365
    },
    "5-1": {
        "mde": 0.03287671232876712,
        "count": 365
    },
    "5-11": {
        "mde": 0.029402218384722203,
        "count": 365
    },
    "6-1": {
        "mde": 0.07241075444567818,
        "count": 365
    },
    "6-10": {
        "mde": 0.0522737314806942,
        "count": 365
    },
    "6-11": {
        "mde": 0.12199909594845995,
        "count": 365
    },
    "6-2": {
        "mde": 0.04487763793930812,
        "count": 365
    },
    "6-3": {
        "mde": 0.06486125416862314,
        "count": 365
    },
    "6-4": {
        "mde": 0.07922060501280817,
        "count": 365
    },
    "6-5": {
        "mde": 0.026301369863013697,
        "count": 365
    },
    "6-6": {
        "mde": 0.07414261686598346,
        "count": 365
    },
    "6-7": {
        "mde": 0.5112386029427768,
        "count": 365
    },
    "6-8": {
        "mde": 0.08956770929185971,
        "count": 365
    },
    "6-9": {
        "mde": 0.04787902619372898,
        "count": 365
    },
    "7-1": {
        "mde": 0.07630943677376788,
        "count": 365
    },
    "7-11": {
        "mde": 0.13389283711887007,
        "count": 365
    },
    "8-1": {
        "mde": 0.07339579831343589,
        "count": 365
    },
    "8-11": {
        "mde": 0.01808219178082192,
        "count": 365
    },
    "9-1": {
        "mde": 0.04378077970320647,
        "count": 365
    },
    "9-11": {
        "mde": 0.02794520547945205,
        "count": 365
    }
}