{
    "1-1": {
        "mde": 0.004931506849315068,
        "count": 365
    },
    "1-10": {
        "mde": 0.05272543294681892,
        "count": 365
    },
    "1-11": {
        "mde": 0.027945205479452045,
        "count": 365
    },
    "1-2": {
        "mde": 0.02862610448609276,
        "count": 365
    },
    "1-3": {
        "mde": 0.02108782541054168,
        "count": 365
    },
    "1-4": {
        "mde": 0.05486380454098323,
        "count": 365
    },
    "1-5": {
        "mde": 0.011506849315068497,
        "count": 365
    },
    "1-6": {
        "mde": 0.038704536758077474,
        "count": 365
    },
    "1-7": {
        "mde": 0.028270749085784502,
        "count": 365
    },
    "1-8": {
        "mde": 0.061782412418352924,
        "count": 365
    },
    "1-9": {
        "mde": 0.015570634446574652,
        "count": 365
    },
    "10-1": {
        "mde": 0.01901161955770065,
        "count": 365
    },
    "10-11": {
        "mde": 0.003968570239517415,
        "count": 365
    },
    "11-1": {
        "mde": 0.013150684931506848,
        "count": 365
    },
    "11-10": {
        "mde": 0.0,
        "count": 365
    },
    "11-11": {
        "mde": 0.0,
        "count": 365
    },
    "11-2": {
        "mde": 0.010649932051428616,
        "count": 365
    },
    "11-3": {
        "mde": 0.014794520547945207,
        "count": 365
    },
    "11-4": {
        "mde": 0.004931506849315068,
        "count": 365
    },
    "11-5": {
        "mde": 0.003287671232876712,
        "count": 365
    },
    "11-6": {
        "mde": 0.016438356164383567,
        "count": 365
    },
    "11-7": {
        "mde": 0.0016438356164383565,
        "count": 365
    },
    "11-8": {
        "mde": 0.0,
        "count": 365
    },
    "11-9": {
        "mde": 0.010496161326796448,
        "count": 365
    },
    "2-1": {
        "mde": 0.022162650786961828,
        "count": 365
    },
    "2-11": {
        "mde": 0.014794520547945203,
        "count": 365
    },
    "3-1": {
        "mde": 0.0,
        "count": 365
    },
    "3-11": {
        "mde": 0.03923914782356343,
        "count": 365
    },
    "4-1": {
        "mde": 0.009214604836379158,
        "count": 365
    },
    "4-11": {
        "mde": 0.017236078971351078,
        "count": 365
    },
    "5-1": {
        "mde": 0.006293304862596477,
        "count": 365
    },
    "5-11": {
        "mde": 0.025675715486373336,
        "count": 365
    },
    "6-1": {
        "mde": 0.014794520547945207,
        "count": 365
    },
    "6-10": {
        "mde": 0.00464946924615812,
        "count": 365
    },
    "6-11": {
        "mde": 0.05725635927919776,
        "count": 365
    },
    "6-2": {
        "mde": 0.001643835616438356,
        "count": 365
    },
    "6-3": {
        "mde": 0.025561276399700628,
        "count": 365
    },
    "6-4": {
        "mde": 0.019348487037154537,
        "count": 365
    },
    "6-5": {
        "mde": 0.01643835616438356,
        "count": 365
    },
    "6-6": {
        "mde": 0.034520547945205475,
        "count": 365
    },
    "6-7": {
        "mde": 0.01760252701232773,
        "count": 365
    },
    "6-8": {
        "mde": 0.06719828778849668,
        "count": 365
    },
    "6-9": {
        "mde": 0.04649123895253718,
        "count": 365
    },
    "7-1": {
        "mde": 0.044974218557386696,
        "count": 365
    },
    "7-11": {
        "mde": 0.01916195219094638,
        "count": 365
    },
    "8-1": {
        "mde": 0.011506849315068486,
        "count": 365
    },
    "8-11": {
        "mde": 0.004931506849315068,
        "count": 365
    },
    "9-1": {
        "mde": 0.020157378945133756,
        "count": 365
    },
    "9-11": {
        "mde": 0.01808219178082191,
        "count": 365
    }
}