{
    "1-1": {
        "mde": 0.004931506849315068,
        "count": 365
    },
    "1-10": {
        "mde": 0.12059128520232254,
        "count": 365
    },
    "1-11": {
        "mde": 0.08415684572554709,
        "count": 365
    },
    "1-2": {
        "mde": 0.022050762020339332,
        "count": 365
    },
    "1-3": {
        "mde": 0.04477161859315034,
        "count": 365
    },
    "1-4": {
        "mde": 0.06499357603715043,
        "count": 365
    },
    "1-5": {
        "mde": 0.03821295000203067,
        "count": 365
    },
    "1-6": {
        "mde": 0.053707777112028315,
        "count": 365
    },
    "1-7": {
        "mde": 0.0724915389264539,
        "count": 365
    },
    "1-8": {
        "mde": 0.030621050127540475,
        "count": 365
    },
    "1-9": {
        "mde": 0.03027354717534039,
        "count": 365
    },
    "10-1": {
        "mde": 0.03146652431298237,
        "count": 365
    },
    "10-11": {
        "mde": 0.10327960623245948,
        "count": 365
    },
    "11-1": {
        "mde": 0.07232876712328767,
        "count": 365
    },
    "11-10": {
        "mde": 0.003968570239517415,
        "count": 365
    },
    "11-11": {
        "mde": 0.046027397260273974,
        "count": 365
    },
    "11-2": {
        "mde": 0.020618965096216524,
        "count": 365
    },
    "11-3": {
        "mde": 0.11342465753424658,
        "count": 365
    },
    "11-4": {
        "mde": 0.07498483250278999,
        "count": 365
    },
    "11-5": {
        "mde": 0.014794520547945207,
        "count": 365
    },
    "11-6": {
        "mde": 0.04273972602739727,
        "count": 365
    },
    "11-7": {
        "mde": 0.16581095310419405,
        "count": 365
    },
    "11-8": {
        "mde": 0.0032876712328767104,
        "count": 365
    },
    "11-9": {
        "mde": 0.04008520242268686,
        "count": 365
    },
    "2-1": {
        "mde": 0.010065379110604374,
        "count": 365
    },
    "2-11": {
        "mde": 0.03896184846704347,
        "count": 365
    },
    "3-1": {
        "mde": 0.0269954056468865,
        "count": 365
    },
    "3-11": {
        "mde": 0.06925954046732731,
        "count": 365
    },
    "4-1": {
        "mde": 0.04871228655252152,
        "count": 365
    },
    "4-11": {
        "mde": 0.04278535294901909,
        "count": 365
    },
    "5-1": {
        "mde": 0.01490053989410298,
        "count": 365
    },
    "5-11": {
        "mde": 0.036658459857116334,
        "count": 365
    },
    "6-1": {
        "mde": 0.006575342465753424,
        "count": 365
    },
    "6-10": {
        "mde": 0.042353965325055615,
        "count": 365
    },
    "6-11": {
        "mde": 0.11542375348270652,
        "count": 365
    },
    "6-2": {
        "mde": 0.04111030193793722,
        "count": 365
    },
    "6-3": {
        "mde": 0.06993974263959167,
        "count": 365
    },
    "6-4": {
        "mde": 0.03120235424415943,
        "count": 365
    },
    "6-5": {
        "mde": 0.02136986301369863,
        "count": 365
    },
    "6-6": {
        "mde": 0.05476460747765357,
        "count": 365
    },
    "6-7": {
        "mde": 0.307099304328802,
        "count": 365
    },
    "6-8": {
        "mde": 0.08208133190179526,
        "count": 365
    },
    "6-9": {
        "mde": 0.04871168114475014,
        "count": 365
    },
    "7-1": {
        "mde": 0.0598710806093843,
        "count": 365
    },
    "7-11": {
        "mde": 0.06357433688873862,
        "count": 365
    },
    "8-1": {
        "mde": 0.05531360653261398,
        "count": 365
    },
    "8-11": {
        "mde": 0.014794520547945202,
        "count": 365
    },
    "9-1": {
        "mde": 0.023360716522073388,
        "count": 365
    },
    "9-11": {
        "mde": 0.0250563956500591,
        "count": 365
    }
}