{
    "1-1": {
        "mde": 0.009863013698630137,
        "count": 365
    },
    "1-10": {
        "mde": 0.08214339081941445,
        "count": 365
    },
    "1-11": {
        "mde": 0.16273972602739717,
        "count": 365
    },
    "1-2": {
        "mde": 0.03627040290780161,
        "count": 365
    },
    "1-3": {
        "mde": 0.043127782976711986,
        "count": 365
    },
    "1-4": {
        "mde": 0.08849495084550188,
        "count": 365
    },
    "1-5": {
        "mde": 0.043144456851345735,
        "count": 365
    },
    "1-6": {
        "mde": 0.057082749794056475,
        "count": 365
    },
    "1-7": {
        "mde": 0.21780016038569416,
        "count": 365
    },
    "1-8": {
        "mde": 0.03202879614366129,
        "count": 365
    },
    "1-9": {
        "mde": 0.022922090810957522,
        "count": 365
    },
    "10-1": {
        "mde": 0.03146652431298237,
        "count": 365
    },
    "10-11": {
        "mde": 0.09698630136986303,
        "count": 365
    },
    "11-1": {
        "mde": 0.2136986301369863,
        "count": 365
    },
    "11-10": {
        "mde": 0.014911344348272008,
        "count": 365
    },
    "11-11": {
        "mde": 0.03945205479452055,
        "count": 365
    },
    "11-2": {
        "mde": 0.018294230473137465,
        "count": 365
    },
    "11-3": {
        "mde": 0.11614825356080939,
        "count": 365
    },
    "11-4": {
        "mde": 0.21557611335407822,
        "count": 365
    },
    "11-5": {
        "mde": 0.04273972602739726,
        "count": 365
    },
    "11-6": {
        "mde": 0.036164383561643844,
        "count": 365
    },
    "11-7": {
        "mde": 0.3732080233832052,
        "count": 365
    },
    "11-8": {
        "mde": 0.0032876712328767104,
        "count": 365
    },
    "11-9": {
        "mde": 0.051363634933537516,
        "count": 365
    },
    "2-1": {
        "mde": 0.0197415700980663,
        "count": 365
    },
    "2-11": {
        "mde": 0.04251627749745725,
        "count": 365
    },
    "3-1": {
        "mde": 0.02370773441400979,
        "count": 365
    },
    "3-11": {
        "mde": 0.07102467523554333,
        "count": 365
    },
    "4-1": {
        "mde": 0.04049310847032975,
        "count": 365
    },
    "4-11": {
        "mde": 0.033570748112639937,
        "count": 365
    },
    "5-1": {
        "mde": 0.029589041095890407,
        "count": 365
    },
    "5-11": {
        "mde": 0.029402218384722203,
        "count": 365
    },
    "6-1": {
        "mde": 0.08062993252786996,
        "count": 365
    },
    "6-10": {
        "mde": 0.05391756709713254,
        "count": 365
    },
    "6-11": {
        "mde": 0.12528676718133666,
        "count": 365
    },
    "6-2": {
        "mde": 0.04816530917218482,
        "count": 365
    },
    "6-3": {
        "mde": 0.05060912313677113,
        "count": 365
    },
    "6-4": {
        "mde": 0.08250827624568488,
        "count": 365
    },
    "6-5": {
        "mde": 0.026301369863013697,
        "count": 365
    },
    "6-6": {
        "mde": 0.07414261686598346,
        "count": 365
    },
    "6-7": {
        "mde": 0.49808791801127,
        "count": 365
    },
    "6-8": {
        "mde": 0.08956770929185971,
        "count": 365
    },
    "6-9": {
        "mde": 0.05116669742660569,
        "count": 365
    },
    "7-1": {
        "mde": 0.07795327239020622,
        "count": 365
    },
    "7-11": {
        "mde": 0.13389283711887007,
        "count": 365
    },
    "8-1": {
        "mde": 0.08023789857672636,
        "count": 365
    },
    "8-11": {
        "mde": 0.014794520547945202,
        "count": 365
    },
    "9-1": {
        "mde": 0.04378077970320647,
        "count": 365
    },
    "9-11": {
        "mde": 0.02794520547945205,
        "count": 365
    }
}