{
    "1-1": {
        "mde": 0.17115075330489823,
        "count": 416
    },
    "1-10": {
        "mde": 2.2678355941999913,
        "count": 416
    },
    "1-11": {
        "mde": 0.3329823172911174,
        "count": 416
    },
    "1-2": {
        "mde": 0.6127645829625142,
        "count": 416
    },
    "1-3": {
        "mde": 0.738165984791148,
        "count": 416
    },
    "1-4": {
        "mde": 0.5710812118231277,
        "count": 416
    },
    "1-5": {
        "mde": 0.6944422746823994,
        "count": 416
    },
    "1-6": {
        "mde": 1.1752022099058856,
        "count": 416
    },
    "1-7": {
        "mde": 1.067761103709463,
        "count": 416
    },
    "1-8": {
        "mde": 1.456460938550703,
        "count": 416
    },
    "1-9": {
        "mde": 1.0198400661781868,
        "count": 416
    },
    "10-1": {
        "mde": 1.0559975014265879,
        "count": 416
    },
    "10-11": {
        "mde": 1.846944819911093,
        "count": 416
    },
    "11-1": {
        "mde": 0.6618470380064727,
        "count": 416
    },
    "11-10": {
        "mde": 0.9643175959990989,
        "count": 416
    },
    "11-11": {
        "mde": 1.902930862546558,
        "count": 416
    },
    "11-2": {
        "mde": 0.6467860958012455,
        "count": 416
    },
    "11-3": {
        "mde": 0.2264423076923077,
        "count": 416
    },
    "11-4": {
        "mde": 0.08798076923076922,
        "count": 416
    },
    "11-5": {
        "mde": 0.36923076923076914,
        "count": 416
    },
    "11-6": {
        "mde": 0.7406146956988499,
        "count": 416
    },
    "11-7": {
        "mde": 0.8659850586489922,
        "count": 416
    },
    "11-8": {
        "mde": 1.37387934978765,
        "count": 416
    },
    "11-9": {
        "mde": 0.10862036836228955,
        "count": 416
    },
    "2-1": {
        "mde": 1.2551512605733817,
        "count": 416
    },
    "2-11": {
        "mde": 0.28746096068203386,
        "count": 416
    },
    "3-1": {
        "mde": 0.010189175628239393,
        "count": 416
    },
    "3-11": {
        "mde": 0.804617573862639,
        "count": 416
    },
    "4-1": {
        "mde": 1.5654622962259865,
        "count": 416
    },
    "4-11": {
        "mde": 0.1726420453988005,
        "count": 416
    },
    "5-1": {
        "mde": 1.7705875901490902,
        "count": 416
    },
    "5-11": {
        "mde": 0.28510839755565853,
        "count": 416
    },
    "6-1": {
        "mde": 1.4440587191479137,
        "count": 416
    },
    "6-10": {
        "mde": 0.27421037512989577,
        "count": 416
    },
    "6-11": {
        "mde": 1.0491707725621184,
        "count": 416
    },
    "6-2": {
        "mde": 0.9091673283136547,
        "count": 416
    },
    "6-3": {
        "mde": 0.3242986759881416,
        "count": 416
    },
    "6-4": {
        "mde": 1.5298417362200092,
        "count": 416
    },
    "6-5": {
        "mde": 1.0632921483163196,
        "count": 416
    },
    "6-6": {
        "mde": 0.8100532161210678,
        "count": 416
    },
    "6-7": {
        "mde": 0.9403315952897191,
        "count": 416
    },
    "6-8": {
        "mde": 0.5177027837001333,
        "count": 416
    },
    "6-9": {
        "mde": 0.6207577994551478,
        "count": 416
    },
    "7-1": {
        "mde": 1.4141320944874307,
        "count": 416
    },
    "7-11": {
        "mde": 0.11323776063444611,
        "count": 416
    },
    "8-1": {
        "mde": 0.16185265710859612,
        "count": 416
    },
    "8-11": {
        "mde": 1.0250827573690182,
        "count": 416
    },
    "9-1": {
        "mde": 2.8283412833528634,
        "count": 416
    },
    "9-11": {
        "mde": 1.0354316003227793,
        "count": 416
    }
}