{
    "1-1": {
        "mde": 0.35735738984445997,
        "count": 398
    },
    "1-10": {
        "mde": 0.45586738948980765,
        "count": 398
    },
    "1-11": {
        "mde": 1.3051599803511316,
        "count": 398
    },
    "1-2": {
        "mde": 0.10552763819095476,
        "count": 398
    },
    "1-3": {
        "mde": 0.4041250967387416,
        "count": 398
    },
    "1-4": {
        "mde": 1.7193336102185395,
        "count": 398
    },
    "1-5": {
        "mde": 1.599286129836925,
        "count": 398
    },
    "1-6": {
        "mde": 0.37839195979899504,
        "count": 398
    },
    "1-7": {
        "mde": 1.016583286396229,
        "count": 398
    },
    "1-8": {
        "mde": 0.8247083290318004,
        "count": 398
    },
    "1-9": {
        "mde": 0.273736469134327,
        "count": 398
    },
    "10-1": {
        "mde": 0.12071015248019921,
        "count": 398
    },
    "10-11": {
        "mde": 0.4795640081702638,
        "count": 398
    },
    "11-1": {
        "mde": 0.5381909547738691,
        "count": 398
    },
    "11-10": {
        "mde": 0.3024882893276999,
        "count": 398
    },
    "11-11": {
        "mde": 0.18946553439990194,
        "count": 398
    },
    "11-2": {
        "mde": 0.6851849581221419,
        "count": 398
    },
    "11-3": {
        "mde": 0.08743718592964825,
        "count": 398
    },
    "11-4": {
        "mde": 0.09721399202146518,
        "count": 398
    },
    "11-5": {
        "mde": 1.2219937769024454,
        "count": 398
    },
    "11-6": {
        "mde": 0.4766636201866855,
        "count": 398
    },
    "11-7": {
        "mde": 1.0297626096651908,
        "count": 398
    },
    "11-8": {
        "mde": 0.17409841413201796,
        "count": 398
    },
    "11-9": {
        "mde": 0.5772618671339415,
        "count": 398
    },
    "2-1": {
        "mde": 1.5297551542257461,
        "count": 398
    },
    "2-11": {
        "mde": 2.076579631360418,
        "count": 398
    },
    "3-1": {
        "mde": 0.3990761587222804,
        "count": 398
    },
    "3-11": {
        "mde": 0.5792625260049091,
        "count": 398
    },
    "4-1": {
        "mde": 1.2414769006787807,
        "count": 398
    },
    "4-11": {
        "mde": 0.6145180391436587,
        "count": 398
    },
    "5-1": {
        "mde": 1.34256394583717,
        "count": 398
    },
    "5-11": {
        "mde": 2.189913526680909,
        "count": 398
    },
    "6-1": {
        "mde": 1.210615197839525,
        "count": 398
    },
    "6-10": {
        "mde": 0.6484489835274758,
        "count": 398
    },
    "6-11": {
        "mde": 0.2662642879682624,
        "count": 398
    },
    "6-2": {
        "mde": 0.8649279219648733,
        "count": 398
    },
    "6-3": {
        "mde": 1.0680838815561635,
        "count": 398
    },
    "6-4": {
        "mde": 0.7404075410544416,
        "count": 398
    },
    "6-5": {
        "mde": 1.2484141956260548,
        "count": 398
    },
    "6-6": {
        "mde": 1.2315385820436526,
        "count": 398
    },
    "6-7": {
        "mde": 1.1161606673212412,
        "count": 398
    },
    "6-8": {
        "mde": 1.361240111594051,
        "count": 398
    },
    "6-9": {
        "mde": 2.3065461217580023,
        "count": 398
    },
    "7-1": {
        "mde": 1.137401074685966,
        "count": 398
    },
    "7-11": {
        "mde": 0.18090452261306533,
        "count": 398
    },
    "8-1": {
        "mde": 1.1582762070856913,
        "count": 398
    },
    "8-11": {
        "mde": 0.5204179302207735,
        "count": 398
    },
    "9-1": {
        "mde": 2.8308990033633963,
        "count": 398
    },
    "9-11": {
        "mde": 0.27376579861273365,
        "count": 398
    }
}