{
    "1-1": {
        "mde": 0.4629821478017695,
        "count": 402
    },
    "1-10": {
        "mde": 0.6546379640254526,
        "count": 402
    },
    "1-11": {
        "mde": 2.694551728148527,
        "count": 402
    },
    "1-2": {
        "mde": 0.09053261828282445,
        "count": 402
    },
    "1-3": {
        "mde": 0.3008202694835312,
        "count": 402
    },
    "1-4": {
        "mde": 1.535406115319278,
        "count": 402
    },
    "1-5": {
        "mde": 1.4382421354390844,
        "count": 402
    },
    "1-6": {
        "mde": 1.6486062169848197,
        "count": 402
    },
    "1-7": {
        "mde": 1.4159421766427114,
        "count": 402
    },
    "1-8": {
        "mde": 1.2282617458951994,
        "count": 402
    },
    "1-9": {
        "mde": 1.6030047098768603,
        "count": 402
    },
    "10-1": {
        "mde": 1.5607076661808779,
        "count": 402
    },
    "10-11": {
        "mde": 2.270594912814332,
        "count": 402
    },
    "11-1": {
        "mde": 0.3805970149253731,
        "count": 402
    },
    "11-10": {
        "mde": 1.2008280908347355,
        "count": 402
    },
    "11-11": {
        "mde": 0.3903591928784149,
        "count": 402
    },
    "11-2": {
        "mde": 1.2403337854622054,
        "count": 402
    },
    "11-3": {
        "mde": 0.21044776119402983,
        "count": 402
    },
    "11-4": {
        "mde": 0.07014925373134329,
        "count": 402
    },
    "11-5": {
        "mde": 0.6889284620069402,
        "count": 402
    },
    "11-6": {
        "mde": 0.46567164179104475,
        "count": 402
    },
    "11-7": {
        "mde": 1.3240047353643214,
        "count": 402
    },
    "11-8": {
        "mde": 0.1663959423496098,
        "count": 402
    },
    "11-9": {
        "mde": 0.7785568720541803,
        "count": 402
    },
    "2-1": {
        "mde": 0.28481829389291785,
        "count": 402
    },
    "2-11": {
        "mde": 0.4659022442483901,
        "count": 402
    },
    "3-1": {
        "mde": 0.9543916978778334,
        "count": 402
    },
    "3-11": {
        "mde": 1.043811354935151,
        "count": 402
    },
    "4-1": {
        "mde": 1.2021873651952915,
        "count": 402
    },
    "4-11": {
        "mde": 0.059775933762866995,
        "count": 402
    },
    "5-1": {
        "mde": 1.41097517748741,
        "count": 402
    },
    "5-11": {
        "mde": 1.5621689618793697,
        "count": 402
    },
    "6-1": {
        "mde": 1.2663525890524585,
        "count": 402
    },
    "6-10": {
        "mde": 0.5237850711432054,
        "count": 402
    },
    "6-11": {
        "mde": 0.372378610698765,
        "count": 402
    },
    "6-2": {
        "mde": 0.7600557298176298,
        "count": 402
    },
    "6-3": {
        "mde": 0.3493843847006984,
        "count": 402
    },
    "6-4": {
        "mde": 1.8420859027578689,
        "count": 402
    },
    "6-5": {
        "mde": 0.7545484179240977,
        "count": 402
    },
    "6-6": {
        "mde": 0.4377306161151551,
        "count": 402
    },
    "6-7": {
        "mde": 0.8640412978651019,
        "count": 402
    },
    "6-8": {
        "mde": 0.10788089062860946,
        "count": 402
    },
    "6-9": {
        "mde": 1.072843703546339,
        "count": 402
    },
    "7-1": {
        "mde": 0.6384147185102167,
        "count": 402
    },
    "7-11": {
        "mde": 0.483535988130852,
        "count": 402
    },
    "8-1": {
        "mde": 1.2333331564326493,
        "count": 402
    },
    "8-11": {
        "mde": 0.26659324856845407,
        "count": 402
    },
    "9-1": {
        "mde": 0.8241169779500748,
        "count": 402
    },
    "9-11": {
        "mde": 0.6143421457603742,
        "count": 402
    }
}