{
    "1-1": {
        "mde": 0.5229792556459983,
        "count": 386
    },
    "1-10": {
        "mde": 0.40985823084856626,
        "count": 386
    },
    "1-11": {
        "mde": 0.7842835056273568,
        "count": 386
    },
    "1-2": {
        "mde": 0.26378127773338755,
        "count": 386
    },
    "1-3": {
        "mde": 0.23508285690593267,
        "count": 386
    },
    "1-4": {
        "mde": 0.33209706317203136,
        "count": 386
    },
    "1-5": {
        "mde": 0.9193957185630612,
        "count": 386
    },
    "1-6": {
        "mde": 1.4709848046179408,
        "count": 386
    },
    "1-7": {
        "mde": 0.4985254555208295,
        "count": 386
    },
    "1-8": {
        "mde": 0.6928418578552472,
        "count": 386
    },
    "1-9": {
        "mde": 0.19517268403456456,
        "count": 386
    },
    "10-1": {
        "mde": 0.86632307836126,
        "count": 386
    },
    "10-11": {
        "mde": 0.3216515024599342,
        "count": 386
    },
    "11-1": {
        "mde": 2.416866071120074,
        "count": 386
    },
    "11-10": {
        "mde": 0.3699785025852903,
        "count": 386
    },
    "11-11": {
        "mde": 0.1673851065293158,
        "count": 386
    },
    "11-2": {
        "mde": 0.35890091537874425,
        "count": 386
    },
    "11-3": {
        "mde": 0.33226787595797225,
        "count": 386
    },
    "11-4": {
        "mde": 0.22696268172604303,
        "count": 386
    },
    "11-5": {
        "mde": 0.2455958549222798,
        "count": 386
    },
    "11-6": {
        "mde": 0.1539964784640396,
        "count": 386
    },
    "11-7": {
        "mde": 0.6386729098758064,
        "count": 386
    },
    "11-8": {
        "mde": 1.3978345186600198,
        "count": 386
    },
    "11-9": {
        "mde": 0.5922999756270565,
        "count": 386
    },
    "2-1": {
        "mde": 0.38377198536802665,
        "count": 386
    },
    "2-11": {
        "mde": 0.8493788866618965,
        "count": 386
    },
    "3-1": {
        "mde": 0.049916111459390816,
        "count": 386
    },
    "3-11": {
        "mde": 0.4941010232564427,
        "count": 386
    },
    "4-1": {
        "mde": 0.3876058321492857,
        "count": 386
    },
    "4-11": {
        "mde": 0.20283236500303406,
        "count": 386
    },
    "5-1": {
        "mde": 0.3821667524171219,
        "count": 386
    },
    "5-11": {
        "mde": 0.9894742780326287,
        "count": 386
    },
    "6-1": {
        "mde": 0.21851397194978378,
        "count": 386
    },
    "6-10": {
        "mde": 0.8543294552920574,
        "count": 386
    },
    "6-11": {
        "mde": 0.3196817157352704,
        "count": 386
    },
    "6-2": {
        "mde": 0.6853114786796024,
        "count": 386
    },
    "6-3": {
        "mde": 0.02259015219762119,
        "count": 386
    },
    "6-4": {
        "mde": 0.940474597873868,
        "count": 386
    },
    "6-5": {
        "mde": 0.3674977695780995,
        "count": 386
    },
    "6-6": {
        "mde": 0.45108003980448225,
        "count": 386
    },
    "6-7": {
        "mde": 1.1046354158495557,
        "count": 386
    },
    "6-8": {
        "mde": 1.5343480504017368,
        "count": 386
    },
    "6-9": {
        "mde": 0.7021547374225101,
        "count": 386
    },
    "7-1": {
        "mde": 0.8156816089237716,
        "count": 386
    },
    "7-11": {
        "mde": 1.038674350653441,
        "count": 386
    },
    "8-1": {
        "mde": 1.187346746683084,
        "count": 386
    },
    "8-11": {
        "mde": 0.8253949915427379,
        "count": 386
    },
    "9-1": {
        "mde": 3.5991348310317117,
        "count": 386
    },
    "9-11": {
        "mde": 0.3237822667996201,
        "count": 386
    }
}