{
    "1-1": {
        "mde": 0.9162563362337918,
        "count": 365
    },
    "1-10": {
        "mde": 1.6867252581231407,
        "count": 365
    },
    "1-11": {
        "mde": 2.5443578179631703,
        "count": 365
    },
    "1-2": {
        "mde": 1.232119419998835,
        "count": 365
    },
    "1-3": {
        "mde": 0.3132675078329144,
        "count": 365
    },
    "1-4": {
        "mde": 2.6686243815552184,
        "count": 365
    },
    "1-5": {
        "mde": 1.3066246189758877,
        "count": 365
    },
    "1-6": {
        "mde": 0.5826831252498684,
        "count": 365
    },
    "1-7": {
        "mde": 0.9421800293638548,
        "count": 365
    },
    "1-8": {
        "mde": 3.020459147718698,
        "count": 365
    },
    "1-9": {
        "mde": 0.3613601665352602,
        "count": 365
    },
    "10-1": {
        "mde": 0.23082340106582064,
        "count": 365
    },
    "10-11": {
        "mde": 0.9318630915113797,
        "count": 365
    },
    "11-1": {
        "mde": 0.32876712328767127,
        "count": 365
    },
    "11-10": {
        "mde": 0.7724484135307671,
        "count": 365
    },
    "11-11": {
        "mde": 0.5397906946913498,
        "count": 365
    },
    "11-2": {
        "mde": 0.7836282526243109,
        "count": 365
    },
    "11-3": {
        "mde": 0.6727283189549339,
        "count": 365
    },
    "11-4": {
        "mde": 0.11342465753424659,
        "count": 365
    },
    "11-5": {
        "mde": 0.5580363878712321,
        "count": 365
    },
    "11-6": {
        "mde": 1.1386576580189123,
        "count": 365
    },
    "11-7": {
        "mde": 0.3731506849315069,
        "count": 365
    },
    "11-8": {
        "mde": 0.49390108464528865,
        "count": 365
    },
    "11-9": {
        "mde": 0.5193327980027955,
        "count": 365
    },
    "2-1": {
        "mde": 1.6354248541125131,
        "count": 365
    },
    "2-11": {
        "mde": 0.1561938804108092,
        "count": 365
    },
    "3-1": {
        "mde": 0.14552369085136632,
        "count": 365
    },
    "3-11": {
        "mde": 0.7459918254390406,
        "count": 365
    },
    "4-1": {
        "mde": 0.3682747625300372,
        "count": 365
    },
    "4-11": {
        "mde": 0.4236956089455794,
        "count": 365
    },
    "5-1": {
        "mde": 0.5298496262982312,
        "count": 365
    },
    "5-11": {
        "mde": 0.8373900351274218,
        "count": 365
    },
    "6-1": {
        "mde": 1.7021942111092792,
        "count": 365
    },
    "6-10": {
        "mde": 0.2350638002416114,
        "count": 365
    },
    "6-11": {
        "mde": 1.2239614982287146,
        "count": 365
    },
    "6-2": {
        "mde": 0.8387100993298545,
        "count": 365
    },
    "6-3": {
        "mde": 1.0195614218325786,
        "count": 365
    },
    "6-4": {
        "mde": 1.9937558566351756,
        "count": 365
    },
    "6-5": {
        "mde": 0.9775575571498558,
        "count": 365
    },
    "6-6": {
        "mde": 1.4784979003494874,
        "count": 365
    },
    "6-7": {
        "mde": 1.4623731325812956,
        "count": 365
    },
    "6-8": {
        "mde": 1.1724784350515705,
        "count": 365
    },
    "6-9": {
        "mde": 0.6981372938853737,
        "count": 365
    },
    "7-1": {
        "mde": 0.1273730838968084,
        "count": 365
    },
    "7-11": {
        "mde": 1.3104553128342915,
        "count": 365
    },
    "8-1": {
        "mde": 0.1181646864678519,
        "count": 365
    },
    "8-11": {
        "mde": 0.7155018720256098,
        "count": 365
    },
    "9-1": {
        "mde": 0.6059242290495731,
        "count": 365
    },
    "9-11": {
        "mde": 0.5371567062152368,
        "count": 365
    }
}