{
    "1-1": {
        "mde": 0.6611940298507463,
        "count": 402
    },
    "1-10": {
        "mde": 0.10233111951219652,
        "count": 402
    },
    "1-11": {
        "mde": 0.1808461558450796,
        "count": 402
    },
    "1-2": {
        "mde": 0.09154738601366644,
        "count": 402
    },
    "1-3": {
        "mde": 0.1296516241611977,
        "count": 402
    },
    "1-4": {
        "mde": 1.5957964464384167,
        "count": 402
    },
    "1-5": {
        "mde": 0.7626709777188915,
        "count": 402
    },
    "1-6": {
        "mde": 0.002985074626865672,
        "count": 402
    },
    "1-7": {
        "mde": 0.2483913508982925,
        "count": 402
    },
    "1-8": {
        "mde": 0.11188009079237868,
        "count": 402
    },
    "1-9": {
        "mde": 0.05918279976492318,
        "count": 402
    },
    "10-1": {
        "mde": 0.19338767038972965,
        "count": 402
    },
    "10-11": {
        "mde": 0.40670510821264266,
        "count": 402
    },
    "11-1": {
        "mde": 1.3074626865671646,
        "count": 402
    },
    "11-10": {
        "mde": 1.2123309274139575,
        "count": 402
    },
    "11-11": {
        "mde": 0.15671641791044777,
        "count": 402
    },
    "11-2": {
        "mde": 0.09988122644757208,
        "count": 402
    },
    "11-3": {
        "mde": 0.008702913275888508,
        "count": 402
    },
    "11-4": {
        "mde": 0.13564515073717695,
        "count": 402
    },
    "11-5": {
        "mde": 0.047042468072247795,
        "count": 402
    },
    "11-6": {
        "mde": 0.35073119213766163,
        "count": 402
    },
    "11-7": {
        "mde": 0.07313432835820896,
        "count": 402
    },
    "11-8": {
        "mde": 0.4395415756485611,
        "count": 402
    },
    "11-9": {
        "mde": 0.586671223260475,
        "count": 402
    },
    "2-1": {
        "mde": 1.7744091381539437,
        "count": 402
    },
    "2-11": {
        "mde": 0.5104279494186534,
        "count": 402
    },
    "3-1": {
        "mde": 0.04922228580083634,
        "count": 402
    },
    "3-11": {
        "mde": 0.4305507993513893,
        "count": 402
    },
    "4-1": {
        "mde": 0.14432963388168513,
        "count": 402
    },
    "4-11": {
        "mde": 0.28416326499816874,
        "count": 402
    },
    "5-1": {
        "mde": 0.004477611940298507,
        "count": 402
    },
    "5-11": {
        "mde": 0.5647702971571794,
        "count": 402
    },
    "6-1": {
        "mde": 0.3892690293670248,
        "count": 402
    },
    "6-10": {
        "mde": 0.10576871131602367,
        "count": 402
    },
    "6-11": {
        "mde": 0.06567164179104477,
        "count": 402
    },
    "6-2": {
        "mde": 0.15824025450645124,
        "count": 402
    },
    "6-3": {
        "mde": 0.07912602137376716,
        "count": 402
    },
    "6-4": {
        "mde": 0.17998687377088837,
        "count": 402
    },
    "6-5": {
        "mde": 0.8838353921946537,
        "count": 402
    },
    "6-6": {
        "mde": 0.5886378127187393,
        "count": 402
    },
    "6-7": {
        "mde": 0.4991558439423605,
        "count": 402
    },
    "6-8": {
        "mde": 0.5503664082635819,
        "count": 402
    },
    "6-9": {
        "mde": 0.05967948597321595,
        "count": 402
    },
    "7-1": {
        "mde": 0.2799523043351295,
        "count": 402
    },
    "7-11": {
        "mde": 0.021513751585631482,
        "count": 402
    },
    "8-1": {
        "mde": 0.06716417910447757,
        "count": 402
    },
    "8-11": {
        "mde": 0.2196515496476413,
        "count": 402
    },
    "9-1": {
        "mde": 0.10869914496230777,
        "count": 402
    },
    "9-11": {
        "mde": 0.27188399650771394,
        "count": 402
    }
}