{
    "1-1": {
        "mde": 0.00821917808219178,
        "count": 365
    },
    "1-10": {
        "mde": 0.057533682818854646,
        "count": 365
    },
    "1-11": {
        "mde": 0.10059520188993067,
        "count": 365
    },
    "1-2": {
        "mde": 0.017119255171024268,
        "count": 365
    },
    "1-3": {
        "mde": 0.0,
        "count": 365
    },
    "1-4": {
        "mde": 0.04547645883119218,
        "count": 365
    },
    "1-5": {
        "mde": 0.017214470063013007,
        "count": 365
    },
    "1-6": {
        "mde": 0.003287671232876713,
        "count": 365
    },
    "1-7": {
        "mde": 0.05602645895391488,
        "count": 365
    },
    "1-8": {
        "mde": 0.06082191780821917,
        "count": 365
    },
    "1-9": {
        "mde": 0.04351583992602671,
        "count": 365
    },
    "10-1": {
        "mde": 0.029711734316681934,
        "count": 365
    },
    "10-11": {
        "mde": 0.015182577497259929,
        "count": 365
    },
    "11-1": {
        "mde": 0.009863013698630137,
        "count": 365
    },
    "11-10": {
        "mde": 0.0016438356164383576,
        "count": 365
    },
    "11-11": {
        "mde": 0.03317316145890238,
        "count": 365
    },
    "11-2": {
        "mde": 0.014314855779451017,
        "count": 365
    },
    "11-3": {
        "mde": 0.06983881869737849,
        "count": 365
    },
    "11-4": {
        "mde": 0.011506849315068493,
        "count": 365
    },
    "11-5": {
        "mde": 0.0,
        "count": 365
    },
    "11-6": {
        "mde": 0.029589041095890417,
        "count": 365
    },
    "11-7": {
        "mde": 0.017071503792549868,
        "count": 365
    },
    "11-8": {
        "mde": 0.0,
        "count": 365
    },
    "11-9": {
        "mde": 0.02442296015693274,
        "count": 365
    },
    "2-1": {
        "mde": 0.023830645631788456,
        "count": 365
    },
    "2-11": {
        "mde": 0.026301369863013697,
        "count": 365
    },
    "3-1": {
        "mde": 0.0,
        "count": 365
    },
    "3-11": {
        "mde": 0.042479374114461003,
        "count": 365
    },
    "4-1": {
        "mde": 0.043453115178427676,
        "count": 365
    },
    "4-11": {
        "mde": 0.03134970051265557,
        "count": 365
    },
    "5-1": {
        "mde": 0.009863013698630137,
        "count": 365
    },
    "5-11": {
        "mde": 0.022050762020339332,
        "count": 365
    },
    "6-1": {
        "mde": 0.059294905992107634,
        "count": 365
    },
    "6-10": {
        "mde": 0.01819901558114872,
        "count": 365
    },
    "6-11": {
        "mde": 0.0356086089693544,
        "count": 365
    },
    "6-2": {
        "mde": 0.018671482968283158,
        "count": 365
    },
    "6-3": {
        "mde": 0.045181284450803126,
        "count": 365
    },
    "6-4": {
        "mde": 0.16147651432064844,
        "count": 365
    },
    "6-5": {
        "mde": 0.04011472477386222,
        "count": 365
    },
    "6-6": {
        "mde": 0.046027397260273974,
        "count": 365
    },
    "6-7": {
        "mde": 0.043011822017418815,
        "count": 365
    },
    "6-8": {
        "mde": 0.19121945505100757,
        "count": 365
    },
    "6-9": {
        "mde": 0.06622107061791035,
        "count": 365
    },
    "7-1": {
        "mde": 0.04435008087355707,
        "count": 365
    },
    "7-11": {
        "mde": 0.008995291980821227,
        "count": 365
    },
    "8-1": {
        "mde": 0.034520547945205475,
        "count": 365
    },
    "8-11": {
        "mde": 0.008995291980821225,
        "count": 365
    },
    "9-1": {
        "mde": 0.02072145415144765,
        "count": 365
    },
    "9-11": {
        "mde": 0.016837217567867317,
        "count": 365
    }
}