{
    "1-1": {
        "mde": 0.01507537688442211,
        "count": 398
    },
    "1-10": {
        "mde": 0.004263960489567119,
        "count": 398
    },
    "1-11": {
        "mde": 0.031658291457286436,
        "count": 398
    },
    "1-2": {
        "mde": 0.019597989949748745,
        "count": 398
    },
    "1-3": {
        "mde": 0.05803281040396572,
        "count": 398
    },
    "1-4": {
        "mde": 0.010918553799677315,
        "count": 398
    },
    "1-5": {
        "mde": 0.028643216080402007,
        "count": 398
    },
    "1-6": {
        "mde": 0.02864321608040201,
        "count": 398
    },
    "1-7": {
        "mde": 0.0015075376884422112,
        "count": 398
    },
    "1-8": {
        "mde": 0.025278134073817644,
        "count": 398
    },
    "1-9": {
        "mde": 0.011133414282112317,
        "count": 398
    },
    "10-1": {
        "mde": 0.04808969085921355,
        "count": 398
    },
    "10-11": {
        "mde": 0.016065609421345297,
        "count": 398
    },
    "11-1": {
        "mde": 0.04189189303201108,
        "count": 398
    },
    "11-10": {
        "mde": 0.006030150753768847,
        "count": 398
    },
    "11-11": {
        "mde": 0.006030150753768845,
        "count": 398
    },
    "11-2": {
        "mde": 0.08155631082451173,
        "count": 398
    },
    "11-3": {
        "mde": 0.026695784822863375,
        "count": 398
    },
    "11-4": {
        "mde": 0.07599392120829726,
        "count": 398
    },
    "11-5": {
        "mde": 0.006030150753768845,
        "count": 398
    },
    "11-6": {
        "mde": 0.040703517587939705,
        "count": 398
    },
    "11-7": {
        "mde": 0.012060301507537686,
        "count": 398
    },
    "11-8": {
        "mde": 0.0030150753768844224,
        "count": 398
    },
    "11-9": {
        "mde": 0.0015075376884422101,
        "count": 398
    },
    "2-1": {
        "mde": 0.02110552763819095,
        "count": 398
    },
    "2-11": {
        "mde": 0.006030150753768844,
        "count": 398
    },
    "3-1": {
        "mde": 0.012791881468701362,
        "count": 398
    },
    "3-11": {
        "mde": 0.021423772689841174,
        "count": 398
    },
    "4-1": {
        "mde": 0.006030150753768845,
        "count": 398
    },
    "4-11": {
        "mde": 0.006943042123815059,
        "count": 398
    },
    "5-1": {
        "mde": 0.07175469037019387,
        "count": 398
    },
    "5-11": {
        "mde": 0.02277369281934805,
        "count": 398
    },
    "6-1": {
        "mde": 0.0,
        "count": 398
    },
    "6-10": {
        "mde": 0.006030150753768845,
        "count": 398
    },
    "6-11": {
        "mde": 0.013312992806299447,
        "count": 398
    },
    "6-2": {
        "mde": 0.016130045499737393,
        "count": 398
    },
    "6-3": {
        "mde": 0.003015075376884422,
        "count": 398
    },
    "6-4": {
        "mde": 0.010552763819095479,
        "count": 398
    },
    "6-5": {
        "mde": 0.020850681248510503,
        "count": 398
    },
    "6-6": {
        "mde": 0.011805455117857236,
        "count": 398
    },
    "6-7": {
        "mde": 0.05937462031226307,
        "count": 398
    },
    "6-8": {
        "mde": 0.05379628945883022,
        "count": 398
    },
    "6-9": {
        "mde": 0.010112870249999049,
        "count": 398
    },
    "7-1": {
        "mde": 0.019339337373989234,
        "count": 398
    },
    "7-11": {
        "mde": 0.00213198024478356,
        "count": 398
    },
    "8-1": {
        "mde": 0.05232392552638097,
        "count": 398
    },
    "8-11": {
        "mde": 0.018006440065325365,
        "count": 398
    },
    "9-1": {
        "mde": 0.06364238698790928,
        "count": 398
    },
    "9-11": {
        "mde": 0.006030150753768845,
        "count": 398
    }
}