{
    "1-1": {
        "mde": 0.21668879415145,
        "count": 386
    },
    "1-10": {
        "mde": 0.013989637305699482,
        "count": 386
    },
    "1-11": {
        "mde": 0.03704293040649528,
        "count": 386
    },
    "1-2": {
        "mde": 0.007505327136911178,
        "count": 386
    },
    "1-3": {
        "mde": 0.06266379559427683,
        "count": 386
    },
    "1-4": {
        "mde": 0.05093444912274462,
        "count": 386
    },
    "1-5": {
        "mde": 0.020207253886010364,
        "count": 386
    },
    "1-6": {
        "mde": 0.032642487046632127,
        "count": 386
    },
    "1-7": {
        "mde": 0.01088082901554404,
        "count": 386
    },
    "1-8": {
        "mde": 0.017098445595854918,
        "count": 386
    },
    "1-9": {
        "mde": 0.1407431576505099,
        "count": 386
    },
    "10-1": {
        "mde": 0.015544041450777207,
        "count": 386
    },
    "10-11": {
        "mde": 0.0031088082901554385,
        "count": 386
    },
    "11-1": {
        "mde": 0.11491060730933551,
        "count": 386
    },
    "11-10": {
        "mde": 0.01940717312057808,
        "count": 386
    },
    "11-11": {
        "mde": 0.006217616580310881,
        "count": 386
    },
    "11-2": {
        "mde": 0.005674012756279095,
        "count": 386
    },
    "11-3": {
        "mde": 0.004663212435233161,
        "count": 386
    },
    "11-4": {
        "mde": 0.02705427722376321,
        "count": 386
    },
    "11-5": {
        "mde": 0.02642487046632124,
        "count": 386
    },
    "11-6": {
        "mde": 0.010880829015544042,
        "count": 386
    },
    "11-7": {
        "mde": 0.043523316062176166,
        "count": 386
    },
    "11-8": {
        "mde": 0.0,
        "count": 386
    },
    "11-9": {
        "mde": 0.0062176165803108805,
        "count": 386
    },
    "2-1": {
        "mde": 0.14598757368169968,
        "count": 386
    },
    "2-11": {
        "mde": 0.058160219479272655,
        "count": 386
    },
    "3-1": {
        "mde": 0.017586075387022945,
        "count": 386
    },
    "3-11": {
        "mde": 0.06998231990745503,
        "count": 386
    },
    "4-1": {
        "mde": 0.056159316656601746,
        "count": 386
    },
    "4-11": {
        "mde": 0.03273465468421438,
        "count": 386
    },
    "5-1": {
        "mde": 0.007925937067760805,
        "count": 386
    },
    "5-11": {
        "mde": 0.05925682273372877,
        "count": 386
    },
    "6-1": {
        "mde": 0.015544041450777204,
        "count": 386
    },
    "6-10": {
        "mde": 0.019753684869170004,
        "count": 386
    },
    "6-11": {
        "mde": 0.02953367875647668,
        "count": 386
    },
    "6-2": {
        "mde": 0.05873024579969938,
        "count": 386
    },
    "6-3": {
        "mde": 0.004396518846755736,
        "count": 386
    },
    "6-4": {
        "mde": 0.02892591087183045,
        "count": 386
    },
    "6-5": {
        "mde": 0.007772020725388601,
        "count": 386
    },
    "6-6": {
        "mde": 0.025360315360993663,
        "count": 386
    },
    "6-7": {
        "mde": 0.026553516886473918,
        "count": 386
    },
    "6-8": {
        "mde": 0.07245624382900351,
        "count": 386
    },
    "6-9": {
        "mde": 0.08901477823840853,
        "count": 386
    },
    "7-1": {
        "mde": 0.014143553648071685,
        "count": 386
    },
    "7-11": {
        "mde": 0.055386048357049786,
        "count": 386
    },
    "8-1": {
        "mde": 0.0031088082901554407,
        "count": 386
    },
    "8-11": {
        "mde": 0.02186190948535645,
        "count": 386
    },
    "9-1": {
        "mde": 0.006217616580310881,
        "count": 386
    },
    "9-11": {
        "mde": 0.01318955654026721,
        "count": 386
    }
}