{
    "1-1": {
        "mde": 0.017910447761194027,
        "count": 402
    },
    "1-10": {
        "mde": 0.004477611940298508,
        "count": 402
    },
    "1-11": {
        "mde": 0.023880597014925373,
        "count": 402
    },
    "1-2": {
        "mde": 0.03166149766506929,
        "count": 402
    },
    "1-3": {
        "mde": 0.004477611940298508,
        "count": 402
    },
    "1-4": {
        "mde": 0.023880597014925377,
        "count": 402
    },
    "1-5": {
        "mde": 0.049253731343283584,
        "count": 402
    },
    "1-6": {
        "mde": 0.004477611940298508,
        "count": 402
    },
    "1-7": {
        "mde": 0.0,
        "count": 402
    },
    "1-8": {
        "mde": 0.055331126456803964,
        "count": 402
    },
    "1-9": {
        "mde": 0.030851007436097238,
        "count": 402
    },
    "10-1": {
        "mde": 0.07300394112157273,
        "count": 402
    },
    "10-11": {
        "mde": 0.012558527705034473,
        "count": 402
    },
    "11-1": {
        "mde": 0.06119402985074627,
        "count": 402
    },
    "11-10": {
        "mde": 0.012544654249683075,
        "count": 402
    },
    "11-11": {
        "mde": 0.02686567164179104,
        "count": 402
    },
    "11-2": {
        "mde": 0.04818547947382373,
        "count": 402
    },
    "11-3": {
        "mde": 0.015277713399253415,
        "count": 402
    },
    "11-4": {
        "mde": 0.036545196080953087,
        "count": 402
    },
    "11-5": {
        "mde": 0.047692623164870086,
        "count": 402
    },
    "11-6": {
        "mde": 0.03637033783976691,
        "count": 402
    },
    "11-7": {
        "mde": 0.06268656716417911,
        "count": 402
    },
    "11-8": {
        "mde": 0.046016346111709405,
        "count": 402
    },
    "11-9": {
        "mde": 0.08641766507812325,
        "count": 402
    },
    "2-1": {
        "mde": 0.03587322067272108,
        "count": 402
    },
    "2-11": {
        "mde": 0.023231943130748098,
        "count": 402
    },
    "3-1": {
        "mde": 0.012844106381289537,
        "count": 402
    },
    "3-11": {
        "mde": 0.028919225208556713,
        "count": 402
    },
    "4-1": {
        "mde": 0.056127096016095515,
        "count": 402
    },
    "4-11": {
        "mde": 0.012997319302237862,
        "count": 402
    },
    "5-1": {
        "mde": 0.0212630018675154,
        "count": 402
    },
    "5-11": {
        "mde": 0.09185181264581078,
        "count": 402
    },
    "6-1": {
        "mde": 0.05223880597014925,
        "count": 402
    },
    "6-10": {
        "mde": 0.03363778983282202,
        "count": 402
    },
    "6-11": {
        "mde": 0.035820895522388055,
        "count": 402
    },
    "6-2": {
        "mde": 0.012278765317036356,
        "count": 402
    },
    "6-3": {
        "mde": 0.015649673692893388,
        "count": 402
    },
    "6-4": {
        "mde": 0.04699295727498294,
        "count": 402
    },
    "6-5": {
        "mde": 0.03283582089552238,
        "count": 402
    },
    "6-6": {
        "mde": 0.044170951521541865,
        "count": 402
    },
    "6-7": {
        "mde": 0.08967576497059436,
        "count": 402
    },
    "6-8": {
        "mde": 0.05072605837317516,
        "count": 402
    },
    "6-9": {
        "mde": 0.026743526449160403,
        "count": 402
    },
    "7-1": {
        "mde": 0.028541948694951736,
        "count": 402
    },
    "7-11": {
        "mde": 0.01791044776119403,
        "count": 402
    },
    "8-1": {
        "mde": 0.05110841893599894,
        "count": 402
    },
    "8-11": {
        "mde": 0.0113515690678567,
        "count": 402
    },
    "9-1": {
        "mde": 0.019402985074626868,
        "count": 402
    },
    "9-11": {
        "mde": 0.01044776119402985,
        "count": 402
    }
}