{
    "1-1": {
        "mde": 0.0,
        "count": 416
    },
    "1-10": {
        "mde": 0.020192307692307697,
        "count": 416
    },
    "1-11": {
        "mde": 0.029401680010290147,
        "count": 416
    },
    "1-2": {
        "mde": 0.015572150877888947,
        "count": 416
    },
    "1-3": {
        "mde": 0.00576923076923077,
        "count": 416
    },
    "1-4": {
        "mde": 0.03318817734050719,
        "count": 416
    },
    "1-5": {
        "mde": 0.014423076923076926,
        "count": 416
    },
    "1-6": {
        "mde": 0.033601526741507244,
        "count": 416
    },
    "1-7": {
        "mde": 0.002884615384615385,
        "count": 416
    },
    "1-8": {
        "mde": 0.007211538461538462,
        "count": 416
    },
    "1-9": {
        "mde": 0.0,
        "count": 416
    },
    "10-1": {
        "mde": 0.005521769891460849,
        "count": 416
    },
    "10-11": {
        "mde": 0.022232038791884276,
        "count": 416
    },
    "11-1": {
        "mde": 0.02451923076923077,
        "count": 416
    },
    "11-10": {
        "mde": 0.0014423076923076937,
        "count": 416
    },
    "11-11": {
        "mde": 0.004326923076923076,
        "count": 416
    },
    "11-2": {
        "mde": 0.025654898163823422,
        "count": 416
    },
    "11-3": {
        "mde": 0.025961538461538463,
        "count": 416
    },
    "11-4": {
        "mde": 0.005769230769230768,
        "count": 416
    },
    "11-5": {
        "mde": 0.025961538461538456,
        "count": 416
    },
    "11-6": {
        "mde": 0.004326923076923077,
        "count": 416
    },
    "11-7": {
        "mde": 0.004326923076923077,
        "count": 416
    },
    "11-8": {
        "mde": 0.007211538461538462,
        "count": 416
    },
    "11-9": {
        "mde": 0.03028846153846154,
        "count": 416
    },
    "2-1": {
        "mde": 0.008653846153846154,
        "count": 416
    },
    "2-11": {
        "mde": 0.018479652692367208,
        "count": 416
    },
    "3-1": {
        "mde": 0.011538461538461537,
        "count": 416
    },
    "3-11": {
        "mde": 0.0014423076923076926,
        "count": 416
    },
    "4-1": {
        "mde": 0.01798865762740324,
        "count": 416
    },
    "4-11": {
        "mde": 0.016896312464594516,
        "count": 416
    },
    "5-1": {
        "mde": 0.02223520365144049,
        "count": 416
    },
    "5-11": {
        "mde": 0.02243494973841029,
        "count": 416
    },
    "6-1": {
        "mde": 0.02317942472865213,
        "count": 416
    },
    "6-10": {
        "mde": 0.002884615384615385,
        "count": 416
    },
    "6-11": {
        "mde": 0.033245012915078205,
        "count": 416
    },
    "6-2": {
        "mde": 0.008158924398306318,
        "count": 416
    },
    "6-3": {
        "mde": 0.03148330835299931,
        "count": 416
    },
    "6-4": {
        "mde": 0.026897755731740653,
        "count": 416
    },
    "6-5": {
        "mde": 0.01933142918860507,
        "count": 416
    },
    "6-6": {
        "mde": 0.06681318400872288,
        "count": 416
    },
    "6-7": {
        "mde": 0.03773873806816794,
        "count": 416
    },
    "6-8": {
        "mde": 0.027689479366133033,
        "count": 416
    },
    "6-9": {
        "mde": 0.12525140831103843,
        "count": 416
    },
    "7-1": {
        "mde": 0.06282266739594224,
        "count": 416
    },
    "7-11": {
        "mde": 0.004326923076923077,
        "count": 416
    },
    "8-1": {
        "mde": 0.023076923076923075,
        "count": 416
    },
    "8-11": {
        "mde": 0.03020808448557571,
        "count": 416
    },
    "9-1": {
        "mde": 0.013214823548319782,
        "count": 416
    },
    "9-11": {
        "mde": 0.008084929724226907,
        "count": 416
    }
}