{
    "1-1": {
        "mde": 0.005769230769230769,
        "count": 416
    },
    "1-10": {
        "mde": 0.21057692307692297,
        "count": 416
    },
    "1-11": {
        "mde": 0.9997435015693319,
        "count": 416
    },
    "1-2": {
        "mde": 0.00848992718851828,
        "count": 416
    },
    "1-3": {
        "mde": 0.08942307692307692,
        "count": 416
    },
    "1-4": {
        "mde": 0.0657772374165346,
        "count": 416
    },
    "1-5": {
        "mde": 0.2495192307692308,
        "count": 416
    },
    "1-6": {
        "mde": 0.15978063874255624,
        "count": 416
    },
    "1-7": {
        "mde": 0.24943885371634494,
        "count": 416
    },
    "1-8": {
        "mde": 0.5518066464624803,
        "count": 416
    },
    "1-9": {
        "mde": 0.21149953664730398,
        "count": 416
    },
    "10-1": {
        "mde": 0.8370007367182146,
        "count": 416
    },
    "10-11": {
        "mde": 0.5418426326197477,
        "count": 416
    },
    "11-1": {
        "mde": 0.9865384615384614,
        "count": 416
    },
    "11-10": {
        "mde": 0.10938551024072006,
        "count": 416
    },
    "11-11": {
        "mde": 0.0885621984193743,
        "count": 416
    },
    "11-2": {
        "mde": 0.9189846173427347,
        "count": 416
    },
    "11-3": {
        "mde": 0.22122860308721323,
        "count": 416
    },
    "11-4": {
        "mde": 0.0360576923076923,
        "count": 416
    },
    "11-5": {
        "mde": 0.06923076923076922,
        "count": 416
    },
    "11-6": {
        "mde": 0.39086538461538467,
        "count": 416
    },
    "11-7": {
        "mde": 0.3937499999999999,
        "count": 416
    },
    "11-8": {
        "mde": 0.3114376537439434,
        "count": 416
    },
    "11-9": {
        "mde": 0.03317307692307692,
        "count": 416
    },
    "2-1": {
        "mde": 0.14365093232660575,
        "count": 416
    },
    "2-11": {
        "mde": 0.6906577230937143,
        "count": 416
    },
    "3-1": {
        "mde": 0.03100109869537833,
        "count": 416
    },
    "3-11": {
        "mde": 1.7363140531784313,
        "count": 416
    },
    "4-1": {
        "mde": 0.8179262022495213,
        "count": 416
    },
    "4-11": {
        "mde": 0.09306436086771869,
        "count": 416
    },
    "5-1": {
        "mde": 0.35534309913099327,
        "count": 416
    },
    "5-11": {
        "mde": 0.21718281719070937,
        "count": 416
    },
    "6-1": {
        "mde": 0.24572828527411056,
        "count": 416
    },
    "6-10": {
        "mde": 0.18057856051490323,
        "count": 416
    },
    "6-11": {
        "mde": 0.30865384615384606,
        "count": 416
    },
    "6-2": {
        "mde": 0.3819640775837686,
        "count": 416
    },
    "6-3": {
        "mde": 0.9349395239170999,
        "count": 416
    },
    "6-4": {
        "mde": 1.1279796666863051,
        "count": 416
    },
    "6-5": {
        "mde": 0.24011579911083675,
        "count": 416
    },
    "6-6": {
        "mde": 0.8133090304653812,
        "count": 416
    },
    "6-7": {
        "mde": 0.26545864710625316,
        "count": 416
    },
    "6-8": {
        "mde": 0.6048110779966236,
        "count": 416
    },
    "6-9": {
        "mde": 0.5051790186805168,
        "count": 416
    },
    "7-1": {
        "mde": 1.7521039400333769,
        "count": 416
    },
    "7-11": {
        "mde": 0.056250000000000015,
        "count": 416
    },
    "8-1": {
        "mde": 0.09107038791884273,
        "count": 416
    },
    "8-11": {
        "mde": 0.071108057427652,
        "count": 416
    },
    "9-1": {
        "mde": 0.2826096622099831,
        "count": 416
    },
    "9-11": {
        "mde": 0.22583460621941812,
        "count": 416
    }
}