{
    "1-1": {
        "mde": 0.06246575342465752,
        "count": 365
    },
    "1-10": {
        "mde": 0.533178226707516,
        "count": 365
    },
    "1-11": {
        "mde": 0.42136106518298705,
        "count": 365
    },
    "1-2": {
        "mde": 0.15123287671232877,
        "count": 365
    },
    "1-3": {
        "mde": 0.14838711325534673,
        "count": 365
    },
    "1-4": {
        "mde": 0.2666246128226245,
        "count": 365
    },
    "1-5": {
        "mde": 0.26379556163089646,
        "count": 365
    },
    "1-6": {
        "mde": 0.5641164330115914,
        "count": 365
    },
    "1-7": {
        "mde": 0.3981039565690958,
        "count": 365
    },
    "1-8": {
        "mde": 0.1756366181773902,
        "count": 365
    },
    "1-9": {
        "mde": 0.07561643835616437,
        "count": 365
    },
    "10-1": {
        "mde": 0.12986301369863013,
        "count": 365
    },
    "10-11": {
        "mde": 0.16006456618278206,
        "count": 365
    },
    "11-1": {
        "mde": 0.1989041095890411,
        "count": 365
    },
    "11-10": {
        "mde": 0.16245768842424044,
        "count": 365
    },
    "11-11": {
        "mde": 0.6854794520547944,
        "count": 365
    },
    "11-2": {
        "mde": 0.7165613560261628,
        "count": 365
    },
    "11-3": {
        "mde": 0.5929182116715871,
        "count": 365
    },
    "11-4": {
        "mde": 0.17095890410958905,
        "count": 365
    },
    "11-5": {
        "mde": 0.029589041095890414,
        "count": 365
    },
    "11-6": {
        "mde": 0.38498307785290775,
        "count": 365
    },
    "11-7": {
        "mde": 0.7093819055811583,
        "count": 365
    },
    "11-8": {
        "mde": 0.03780821917808217,
        "count": 365
    },
    "11-9": {
        "mde": 0.07825174577139696,
        "count": 365
    },
    "2-1": {
        "mde": 0.047880829569363965,
        "count": 365
    },
    "2-11": {
        "mde": 0.014794520547945207,
        "count": 365
    },
    "3-1": {
        "mde": 0.0916938073036479,
        "count": 365
    },
    "3-11": {
        "mde": 0.22784474182268055,
        "count": 365
    },
    "4-1": {
        "mde": 0.1706091231367711,
        "count": 365
    },
    "4-11": {
        "mde": 0.0395483975350418,
        "count": 365
    },
    "5-1": {
        "mde": 0.046046547033889274,
        "count": 365
    },
    "5-11": {
        "mde": 1.7416260104832215,
        "count": 365
    },
    "6-1": {
        "mde": 1.636245063731988,
        "count": 365
    },
    "6-10": {
        "mde": 0.06392032433026375,
        "count": 365
    },
    "6-11": {
        "mde": 0.11377991786626813,
        "count": 365
    },
    "6-2": {
        "mde": 0.7068920272457956,
        "count": 365
    },
    "6-3": {
        "mde": 0.43917290073836507,
        "count": 365
    },
    "6-4": {
        "mde": 0.2878476695873728,
        "count": 365
    },
    "6-5": {
        "mde": 0.07939242499853975,
        "count": 365
    },
    "6-6": {
        "mde": 1.6943038660634189,
        "count": 365
    },
    "6-7": {
        "mde": 0.12720849009391974,
        "count": 365
    },
    "6-8": {
        "mde": 0.3317743929627687,
        "count": 365
    },
    "6-9": {
        "mde": 1.0931186552643564,
        "count": 365
    },
    "7-1": {
        "mde": 0.10517292581697191,
        "count": 365
    },
    "7-11": {
        "mde": 0.9631278632443566,
        "count": 365
    },
    "8-1": {
        "mde": 0.2580821917808218,
        "count": 365
    },
    "8-11": {
        "mde": 0.0,
        "count": 365
    },
    "9-1": {
        "mde": 0.11786681916351202,
        "count": 365
    },
    "9-11": {
        "mde": 0.02504559119589006,
        "count": 365
    }
}