{
    "1-1": {
        "mde": 1.7585205395763472,
        "count": 386
    },
    "1-10": {
        "mde": 0.3939728146985221,
        "count": 386
    },
    "1-11": {
        "mde": 0.5111361946552,
        "count": 386
    },
    "1-2": {
        "mde": 0.6830919856829779,
        "count": 386
    },
    "1-3": {
        "mde": 0.4058099499666302,
        "count": 386
    },
    "1-4": {
        "mde": 0.9469602630325307,
        "count": 386
    },
    "1-5": {
        "mde": 1.4556561698782378,
        "count": 386
    },
    "1-6": {
        "mde": 0.07305699481865287,
        "count": 386
    },
    "1-7": {
        "mde": 0.28520857666434296,
        "count": 386
    },
    "1-8": {
        "mde": 0.08979843981492594,
        "count": 386
    },
    "1-9": {
        "mde": 0.2816713429643643,
        "count": 386
    },
    "10-1": {
        "mde": 0.3285695676800477,
        "count": 386
    },
    "10-11": {
        "mde": 0.5139286274579836,
        "count": 386
    },
    "11-1": {
        "mde": 2.6229948018065885,
        "count": 386
    },
    "11-10": {
        "mde": 0.5118971021173346,
        "count": 386
    },
    "11-11": {
        "mde": 0.29999999999999993,
        "count": 386
    },
    "11-2": {
        "mde": 0.00466321243523316,
        "count": 386
    },
    "11-3": {
        "mde": 0.23459972648032001,
        "count": 386
    },
    "11-4": {
        "mde": 0.12846770834363777,
        "count": 386
    },
    "11-5": {
        "mde": 0.5424870466321243,
        "count": 386
    },
    "11-6": {
        "mde": 0.9481865284974094,
        "count": 386
    },
    "11-7": {
        "mde": 0.7410041883659783,
        "count": 386
    },
    "11-8": {
        "mde": 0.5061166446967527,
        "count": 386
    },
    "11-9": {
        "mde": 0.49876983449600887,
        "count": 386
    },
    "2-1": {
        "mde": 1.1348123278270579,
        "count": 386
    },
    "2-11": {
        "mde": 0.13989637305699482,
        "count": 386
    },
    "3-1": {
        "mde": 0.05275822616106883,
        "count": 386
    },
    "3-11": {
        "mde": 1.3260737784591445,
        "count": 386
    },
    "4-1": {
        "mde": 0.4848128083244711,
        "count": 386
    },
    "4-11": {
        "mde": 0.1754091571979673,
        "count": 386
    },
    "5-1": {
        "mde": 0.10076957584157437,
        "count": 386
    },
    "5-11": {
        "mde": 0.4268362379478446,
        "count": 386
    },
    "6-1": {
        "mde": 0.5784592781716026,
        "count": 386
    },
    "6-10": {
        "mde": 0.23002419573669639,
        "count": 386
    },
    "6-11": {
        "mde": 0.2176165803108808,
        "count": 386
    },
    "6-2": {
        "mde": 0.09958370752177033,
        "count": 386
    },
    "6-3": {
        "mde": 0.004663212435233161,
        "count": 386
    },
    "6-4": {
        "mde": 0.06300914494547717,
        "count": 386
    },
    "6-5": {
        "mde": 1.5097862139910334,
        "count": 386
    },
    "6-6": {
        "mde": 2.8387138799430245,
        "count": 386
    },
    "6-7": {
        "mde": 1.7364982317086621,
        "count": 386
    },
    "6-8": {
        "mde": 0.32626454009950806,
        "count": 386
    },
    "6-9": {
        "mde": 0.5947919921365254,
        "count": 386
    },
    "7-1": {
        "mde": 0.11693066851463657,
        "count": 386
    },
    "7-11": {
        "mde": 0.3698324489030138,
        "count": 386
    },
    "8-1": {
        "mde": 0.23960550855544352,
        "count": 386
    },
    "8-11": {
        "mde": 0.1503236330556985,
        "count": 386
    },
    "9-1": {
        "mde": 0.3100021452541448,
        "count": 386
    },
    "9-11": {
        "mde": 0.25241217327533877,
        "count": 386
    }
}