{
    "1-1": {
        "mde": 0.02864321608040201,
        "count": 398
    },
    "1-10": {
        "mde": 0.027200941844610967,
        "count": 398
    },
    "1-11": {
        "mde": 0.5643997459404038,
        "count": 398
    },
    "1-2": {
        "mde": 0.4308971263187128,
        "count": 398
    },
    "1-3": {
        "mde": 0.08056159924297884,
        "count": 398
    },
    "1-4": {
        "mde": 1.5205108813197952,
        "count": 398
    },
    "1-5": {
        "mde": 0.030150753768844227,
        "count": 398
    },
    "1-6": {
        "mde": 0.02864321608040201,
        "count": 398
    },
    "1-7": {
        "mde": 0.1059706508762204,
        "count": 398
    },
    "1-8": {
        "mde": 0.01682755426156037,
        "count": 398
    },
    "1-9": {
        "mde": 0.033762931740258,
        "count": 398
    },
    "10-1": {
        "mde": 0.07688442211055276,
        "count": 398
    },
    "10-11": {
        "mde": 0.06172750504652245,
        "count": 398
    },
    "11-1": {
        "mde": 0.04731431880472538,
        "count": 398
    },
    "11-10": {
        "mde": 0.004522613065326637,
        "count": 398
    },
    "11-11": {
        "mde": 0.1507537688442211,
        "count": 398
    },
    "11-2": {
        "mde": 0.6918158066403,
        "count": 398
    },
    "11-3": {
        "mde": 0.2543339757776373,
        "count": 398
    },
    "11-4": {
        "mde": 0.6545159964726156,
        "count": 398
    },
    "11-5": {
        "mde": 0.034673366834170855,
        "count": 398
    },
    "11-6": {
        "mde": 0.11629467681969491,
        "count": 398
    },
    "11-7": {
        "mde": 0.012060301507537686,
        "count": 398
    },
    "11-8": {
        "mde": 0.10402010050251251,
        "count": 398
    },
    "11-9": {
        "mde": 0.0015075376884422123,
        "count": 398
    },
    "2-1": {
        "mde": 0.07543964406081802,
        "count": 398
    },
    "2-11": {
        "mde": 0.15498925884878764,
        "count": 398
    },
    "3-1": {
        "mde": 0.5398797752383088,
        "count": 398
    },
    "3-11": {
        "mde": 0.03590450325586729,
        "count": 398
    },
    "4-1": {
        "mde": 0.10134276276603921,
        "count": 398
    },
    "4-11": {
        "mde": 0.07361069415790883,
        "count": 398
    },
    "5-1": {
        "mde": 0.575494090765023,
        "count": 398
    },
    "5-11": {
        "mde": 0.02809208082688637,
        "count": 398
    },
    "6-1": {
        "mde": 0.033165829145728645,
        "count": 398
    },
    "6-10": {
        "mde": 0.0081621309985524,
        "count": 398
    },
    "6-11": {
        "mde": 0.06854604963439972,
        "count": 398
    },
    "6-2": {
        "mde": 0.03654669450319491,
        "count": 398
    },
    "6-3": {
        "mde": 0.025628140703517585,
        "count": 398
    },
    "6-4": {
        "mde": 1.3891002560356427,
        "count": 398
    },
    "6-5": {
        "mde": 0.22636508625404336,
        "count": 398
    },
    "6-6": {
        "mde": 0.3148268662294761,
        "count": 398
    },
    "6-7": {
        "mde": 1.20953951812541,
        "count": 398
    },
    "6-8": {
        "mde": 0.6737511740502689,
        "count": 398
    },
    "6-9": {
        "mde": 0.10417183242727825,
        "count": 398
    },
    "7-1": {
        "mde": 0.024120603015075372,
        "count": 398
    },
    "7-11": {
        "mde": 0.016582914572864326,
        "count": 398
    },
    "8-1": {
        "mde": 0.33378618279673056,
        "count": 398
    },
    "8-11": {
        "mde": 0.05649065721859234,
        "count": 398
    },
    "9-1": {
        "mde": 1.4785584235778844,
        "count": 398
    },
    "9-11": {
        "mde": 0.006030150753768843,
        "count": 398
    }
}