{
    "1-1": {
        "mde": 0.6402985074626867,
        "count": 402
    },
    "1-10": {
        "mde": 0.6382604255979253,
        "count": 402
    },
    "1-11": {
        "mde": 0.5935399219870844,
        "count": 402
    },
    "1-2": {
        "mde": 0.06275936072921597,
        "count": 402
    },
    "1-3": {
        "mde": 0.011940298507462688,
        "count": 402
    },
    "1-4": {
        "mde": 0.15770308064194608,
        "count": 402
    },
    "1-5": {
        "mde": 0.07904197922696753,
        "count": 402
    },
    "1-6": {
        "mde": 0.01791044776119403,
        "count": 402
    },
    "1-7": {
        "mde": 0.08805970149253733,
        "count": 402
    },
    "1-8": {
        "mde": 0.02994366828104262,
        "count": 402
    },
    "1-9": {
        "mde": 0.08745390609187569,
        "count": 402
    },
    "10-1": {
        "mde": 1.222602056441698,
        "count": 402
    },
    "10-11": {
        "mde": 0.3001060713609933,
        "count": 402
    },
    "11-1": {
        "mde": 0.016417910447761194,
        "count": 402
    },
    "11-10": {
        "mde": 0.5149466945520488,
        "count": 402
    },
    "11-11": {
        "mde": 0.47313432835820873,
        "count": 402
    },
    "11-2": {
        "mde": 0.8633735998979071,
        "count": 402
    },
    "11-3": {
        "mde": 0.07910447761194031,
        "count": 402
    },
    "11-4": {
        "mde": 0.06042579309587846,
        "count": 402
    },
    "11-5": {
        "mde": 0.11536874409071396,
        "count": 402
    },
    "11-6": {
        "mde": 0.2820331991555232,
        "count": 402
    },
    "11-7": {
        "mde": 0.26902419589736615,
        "count": 402
    },
    "11-8": {
        "mde": 0.22709665593168135,
        "count": 402
    },
    "11-9": {
        "mde": 0.3849036391044526,
        "count": 402
    },
    "2-1": {
        "mde": 0.2262457367625714,
        "count": 402
    },
    "2-11": {
        "mde": 0.8834702890363396,
        "count": 402
    },
    "3-1": {
        "mde": 0.027589972200356076,
        "count": 402
    },
    "3-11": {
        "mde": 0.1925850121591893,
        "count": 402
    },
    "4-1": {
        "mde": 0.4404506306893757,
        "count": 402
    },
    "4-11": {
        "mde": 0.17751756341264968,
        "count": 402
    },
    "5-1": {
        "mde": 0.0,
        "count": 402
    },
    "5-11": {
        "mde": 0.41450380772440154,
        "count": 402
    },
    "6-1": {
        "mde": 0.4134328358208955,
        "count": 402
    },
    "6-10": {
        "mde": 0.07290775327526819,
        "count": 402
    },
    "6-11": {
        "mde": 0.04790898434864594,
        "count": 402
    },
    "6-2": {
        "mde": 0.6785350103758838,
        "count": 402
    },
    "6-3": {
        "mde": 0.5423464149944603,
        "count": 402
    },
    "6-4": {
        "mde": 0.24242378084176222,
        "count": 402
    },
    "6-5": {
        "mde": 1.3061365927682649,
        "count": 402
    },
    "6-6": {
        "mde": 0.4248011708235563,
        "count": 402
    },
    "6-7": {
        "mde": 0.6517226357717177,
        "count": 402
    },
    "6-8": {
        "mde": 0.8512988783916849,
        "count": 402
    },
    "6-9": {
        "mde": 0.030134107706410965,
        "count": 402
    },
    "7-1": {
        "mde": 1.7170177170257281,
        "count": 402
    },
    "7-11": {
        "mde": 0.12238805970149251,
        "count": 402
    },
    "8-1": {
        "mde": 0.05522388059701491,
        "count": 402
    },
    "8-11": {
        "mde": 0.04302518754745058,
        "count": 402
    },
    "9-1": {
        "mde": 0.20720660764887505,
        "count": 402
    },
    "9-11": {
        "mde": 0.6991314536787823,
        "count": 402
    }
}