{
    "1-1": {
        "mde": 0.4312208478102545,
        "count": 386
    },
    "1-10": {
        "mde": 0.026525121920589607,
        "count": 386
    },
    "1-11": {
        "mde": 0.04974093264248705,
        "count": 386
    },
    "1-2": {
        "mde": 0.03438824708645233,
        "count": 386
    },
    "1-3": {
        "mde": 0.07798459169760351,
        "count": 386
    },
    "1-4": {
        "mde": 0.03649124280020477,
        "count": 386
    },
    "1-5": {
        "mde": 0.02176165803108808,
        "count": 386
    },
    "1-6": {
        "mde": 0.02953367875647669,
        "count": 386
    },
    "1-7": {
        "mde": 0.03182197298704598,
        "count": 386
    },
    "1-8": {
        "mde": 0.020207253886010357,
        "count": 386
    },
    "1-9": {
        "mde": 0.0994293746898371,
        "count": 386
    },
    "10-1": {
        "mde": 0.06796305848394549,
        "count": 386
    },
    "10-11": {
        "mde": 0.012435233160621761,
        "count": 386
    },
    "11-1": {
        "mde": 0.15710528675419502,
        "count": 386
    },
    "11-10": {
        "mde": 0.041812686429966314,
        "count": 386
    },
    "11-11": {
        "mde": 0.03730569948186528,
        "count": 386
    },
    "11-2": {
        "mde": 0.0034757533329012277,
        "count": 386
    },
    "11-3": {
        "mde": 0.03273571785532419,
        "count": 386
    },
    "11-4": {
        "mde": 0.03923726531676573,
        "count": 386
    },
    "11-5": {
        "mde": 0.06994818652849741,
        "count": 386
    },
    "11-6": {
        "mde": 0.026424870466321245,
        "count": 386
    },
    "11-7": {
        "mde": 0.05284974093264248,
        "count": 386
    },
    "11-8": {
        "mde": 0.026802032156143966,
        "count": 386
    },
    "11-9": {
        "mde": 0.018933170809583857,
        "count": 386
    },
    "2-1": {
        "mde": 0.11117257411399402,
        "count": 386
    },
    "2-11": {
        "mde": 0.08222145802128965,
        "count": 386
    },
    "3-1": {
        "mde": 0.028466904402566984,
        "count": 386
    },
    "3-11": {
        "mde": 0.0573738387986441,
        "count": 386
    },
    "4-1": {
        "mde": 0.03091483495336526,
        "count": 386
    },
    "4-11": {
        "mde": 0.05101034273532431,
        "count": 386
    },
    "5-1": {
        "mde": 0.01895467373702042,
        "count": 386
    },
    "5-11": {
        "mde": 0.03974175545200421,
        "count": 386
    },
    "6-1": {
        "mde": 0.06818854237945059,
        "count": 386
    },
    "6-10": {
        "mde": 0.04619666328204458,
        "count": 386
    },
    "6-11": {
        "mde": 0.1989637305699482,
        "count": 386
    },
    "6-2": {
        "mde": 0.020044736264908724,
        "count": 386
    },
    "6-3": {
        "mde": 0.0015544041450777204,
        "count": 386
    },
    "6-4": {
        "mde": 0.014619044063141448,
        "count": 386
    },
    "6-5": {
        "mde": 0.013726868230329481,
        "count": 386
    },
    "6-6": {
        "mde": 0.060572593743193646,
        "count": 386
    },
    "6-7": {
        "mde": 0.6084273500553773,
        "count": 386
    },
    "6-8": {
        "mde": 0.16393030125965186,
        "count": 386
    },
    "6-9": {
        "mde": 0.17720119135450957,
        "count": 386
    },
    "7-1": {
        "mde": 0.0062176165803108805,
        "count": 386
    },
    "7-11": {
        "mde": 0.07656364668538318,
        "count": 386
    },
    "8-1": {
        "mde": 0.0788023113729661,
        "count": 386
    },
    "8-11": {
        "mde": 0.07927461139896375,
        "count": 386
    },
    "9-1": {
        "mde": 0.058893216946510014,
        "count": 386
    },
    "9-11": {
        "mde": 0.05906735751295339,
        "count": 386
    }
}