{
    "1-1": {
        "mde": 0.347355868890295,
        "count": 386
    },
    "1-10": {
        "mde": 0.16134846980189493,
        "count": 386
    },
    "1-11": {
        "mde": 0.0062176165803108805,
        "count": 386
    },
    "1-2": {
        "mde": 0.02176165803108809,
        "count": 386
    },
    "1-3": {
        "mde": 0.11821237492892087,
        "count": 386
    },
    "1-4": {
        "mde": 0.04737442859549787,
        "count": 386
    },
    "1-5": {
        "mde": 0.04818652849740932,
        "count": 386
    },
    "1-6": {
        "mde": 0.07305699481865287,
        "count": 386
    },
    "1-7": {
        "mde": 0.026732703151065657,
        "count": 386
    },
    "1-8": {
        "mde": 0.009326424870466322,
        "count": 386
    },
    "1-9": {
        "mde": 0.10221809961091784,
        "count": 386
    },
    "10-1": {
        "mde": 0.023049368587688378,
        "count": 386
    },
    "10-11": {
        "mde": 0.044964942961148655,
        "count": 386
    },
    "11-1": {
        "mde": 0.13845243701326237,
        "count": 386
    },
    "11-10": {
        "mde": 0.02835643630122169,
        "count": 386
    },
    "11-11": {
        "mde": 0.010880829015544042,
        "count": 386
    },
    "11-2": {
        "mde": 0.0031088082901554403,
        "count": 386
    },
    "11-3": {
        "mde": 0.07461139896373058,
        "count": 386
    },
    "11-4": {
        "mde": 0.12027759218906417,
        "count": 386
    },
    "11-5": {
        "mde": 0.021915574373460287,
        "count": 386
    },
    "11-6": {
        "mde": 0.013989637305699482,
        "count": 386
    },
    "11-7": {
        "mde": 0.01088082901554404,
        "count": 386
    },
    "11-8": {
        "mde": 0.018652849740932644,
        "count": 386
    },
    "11-9": {
        "mde": 0.05295681405310457,
        "count": 386
    },
    "2-1": {
        "mde": 0.15128910050483485,
        "count": 386
    },
    "2-11": {
        "mde": 0.0886180745827007,
        "count": 386
    },
    "3-1": {
        "mde": 0.02289314310055625,
        "count": 386
    },
    "3-11": {
        "mde": 0.1009014931262319,
        "count": 386
    },
    "4-1": {
        "mde": 0.013989637305699482,
        "count": 386
    },
    "4-11": {
        "mde": 0.08908605330276971,
        "count": 386
    },
    "5-1": {
        "mde": 0.013003750745186964,
        "count": 386
    },
    "5-11": {
        "mde": 0.0683267706627946,
        "count": 386
    },
    "6-1": {
        "mde": 0.09578315961421759,
        "count": 386
    },
    "6-10": {
        "mde": 0.07394831475806585,
        "count": 386
    },
    "6-11": {
        "mde": 0.037904401254613224,
        "count": 386
    },
    "6-2": {
        "mde": 0.0289900749324449,
        "count": 386
    },
    "6-3": {
        "mde": 0.0015544041450777204,
        "count": 386
    },
    "6-4": {
        "mde": 0.021520672467609192,
        "count": 386
    },
    "6-5": {
        "mde": 0.3966057091978656,
        "count": 386
    },
    "6-6": {
        "mde": 0.522522925487893,
        "count": 386
    },
    "6-7": {
        "mde": 0.07846173623997568,
        "count": 386
    },
    "6-8": {
        "mde": 0.0801322079641179,
        "count": 386
    },
    "6-9": {
        "mde": 0.1806374104918322,
        "count": 386
    },
    "7-1": {
        "mde": 0.02953367875647669,
        "count": 386
    },
    "7-11": {
        "mde": 0.06712675371357156,
        "count": 386
    },
    "8-1": {
        "mde": 0.04472071960767203,
        "count": 386
    },
    "8-11": {
        "mde": 0.0865132449473975,
        "count": 386
    },
    "9-1": {
        "mde": 0.0853810077465788,
        "count": 386
    },
    "9-11": {
        "mde": 0.04041450777202073,
        "count": 386
    }
}